tipped_industry_tier,p,avg_tip_share
1,0.1853490441825681,0.40712916933944987
2,0.10739221557828268,0.24405497876760585
3,0.00855539933410977,0.20928706685468748
