credit_id,state,year,filing_status,key_concept,income_lower,income_upper,value
low_income_tax_table,AR,2017,1,0,0,11969,0
low_income_tax_table,AR,2017,1,0,11970,12000,36
low_income_tax_table,AR,2017,1,0,12001,12100,43
low_income_tax_table,AR,2017,1,0,12101,12200,50
low_income_tax_table,AR,2017,1,0,12201,12300,58
low_income_tax_table,AR,2017,1,0,12301,12400,65
low_income_tax_table,AR,2017,1,0,12401,12500,73
low_income_tax_table,AR,2017,1,0,12501,12600,80
low_income_tax_table,AR,2017,1,0,12601,12700,87
low_income_tax_table,AR,2017,1,0,12701,12800,95
low_income_tax_table,AR,2017,1,0,12801,12900,102
low_income_tax_table,AR,2017,1,0,12901,13000,110
low_income_tax_table,AR,2017,1,0,13001,13100,117
low_income_tax_table,AR,2017,1,0,13101,13200,124
low_income_tax_table,AR,2017,1,0,13201,13300,132
low_income_tax_table,AR,2017,1,0,13301,13400,139
low_income_tax_table,AR,2017,1,0,13401,13500,147
low_income_tax_table,AR,2017,1,0,13501,13600,154
low_income_tax_table,AR,2017,1,0,13601,13700,161
low_income_tax_table,AR,2017,1,0,13701,13800,169
low_income_tax_table,AR,2017,1,0,13801,13900,176
low_income_tax_table,AR,2017,1,0,13901,14000,184
low_income_tax_table,AR,2017,1,0,14001,14100,191
low_income_tax_table,AR,2017,1,0,14101,14200,198
low_income_tax_table,AR,2017,1,0,14201,14300,206
low_income_tax_table,AR,2017,1,0,14301,14400,213
low_income_tax_table,AR,2017,1,0,14401,14500,221
low_income_tax_table,AR,2017,1,0,14501,14600,228
low_income_tax_table,AR,2017,1,0,14601,14700,235
low_income_tax_table,AR,2017,1,0,14701,14800,243
low_income_tax_table,AR,2017,1,0,14801,14900,250
low_income_tax_table,AR,2017,1,0,14901,15000,258
low_income_tax_table,AR,2017,1,0,15001,15100,265
low_income_tax_table,AR,2017,1,0,15101,15200,272
low_income_tax_table,AR,2017,1,0,15201,15300,280
low_income_tax_table,AR,2017,1,0,15301,15400,288
low_income_tax_table,AR,2017,1,0,15401,15500,296
low_income_tax_table_max,AR,2017,1,0,-Inf,Inf,15500
low_income_tax_table,AR,2017,4,0,0,17018,0
low_income_tax_table,AR,2017,4,0,17019,17100,74
low_income_tax_table,AR,2017,4,0,17101,17200,85
low_income_tax_table,AR,2017,4,0,17201,17300,95
low_income_tax_table,AR,2017,4,0,17301,17400,106
low_income_tax_table,AR,2017,4,0,17401,17500,116
low_income_tax_table,AR,2017,4,0,17501,17600,126
low_income_tax_table,AR,2017,4,0,17601,17700,137
low_income_tax_table,AR,2017,4,0,17701,17800,147
low_income_tax_table,AR,2017,4,0,17801,17900,158
low_income_tax_table,AR,2017,4,0,17901,18000,168
low_income_tax_table,AR,2017,4,0,18001,18100,178
low_income_tax_table,AR,2017,4,0,18101,18200,189
low_income_tax_table,AR,2017,4,0,18201,18300,199
low_income_tax_table,AR,2017,4,0,18301,18400,210
low_income_tax_table,AR,2017,4,0,18401,18500,220
low_income_tax_table,AR,2017,4,0,18501,18600,230
low_income_tax_table,AR,2017,4,0,18601,18700,241
low_income_tax_table,AR,2017,4,0,18701,18800,251
low_income_tax_table,AR,2017,4,0,18801,18900,262
low_income_tax_table,AR,2017,4,0,18901,19000,272
low_income_tax_table,AR,2017,4,0,19001,19100,282
low_income_tax_table,AR,2017,4,0,19101,19200,293
low_income_tax_table,AR,2017,4,0,19201,19300,303
low_income_tax_table,AR,2017,4,0,19301,19400,314
low_income_tax_table,AR,2017,4,0,19401,19500,324
low_income_tax_table,AR,2017,4,0,19501,19600,334
low_income_tax_table,AR,2017,4,0,19601,19700,345
low_income_tax_table,AR,2017,4,0,19701,19800,355
low_income_tax_table,AR,2017,4,0,19801,19900,366
low_income_tax_table,AR,2017,4,0,19901,20000,376
low_income_tax_table,AR,2017,4,0,20001,20100,386
low_income_tax_table,AR,2017,4,0,20101,20200,397
low_income_tax_table,AR,2017,4,0,20201,20300,407
low_income_tax_table,AR,2017,4,0,20301,20400,418
low_income_tax_table,AR,2017,4,0,20401,20500,428
low_income_tax_table,AR,2017,4,0,20501,20600,438
low_income_tax_table,AR,2017,4,0,20601,20700,449
low_income_tax_table,AR,2017,4,0,20701,20800,459
low_income_tax_table,AR,2017,4,0,20801,20900,470
low_income_tax_table,AR,2017,4,0,20901,21000,480
low_income_tax_table,AR,2017,4,0,21001,21100,490
low_income_tax_table,AR,2017,4,0,21101,21200,501
low_income_tax_table,AR,2017,4,0,21201,21300,511
low_income_tax_table,AR,2017,4,0,21301,21400,522
low_income_tax_table,AR,2017,4,0,21401,21500,532
low_income_tax_table,AR,2017,4,0,21501,21600,542
low_income_tax_table,AR,2017,4,0,21601,21700,553
low_income_tax_table,AR,2017,4,0,21701,21800,563
low_income_tax_table,AR,2017,4,0,21801,21900,574
low_income_tax_table,AR,2017,4,0,21901,22000,584
low_income_tax_table_max,AR,2017,4,0,-Inf,Inf,22000
low_income_tax_table,AR,2017,4,2,0,20286,0
low_income_tax_table,AR,2017,4,2,20287,20300,102
low_income_tax_table,AR,2017,4,2,20301,20400,116
low_income_tax_table,AR,2017,4,2,20401,20500,129
low_income_tax_table,AR,2017,4,2,20501,20600,142
low_income_tax_table,AR,2017,4,2,20601,20700,156
low_income_tax_table,AR,2017,4,2,20701,20800,169
low_income_tax_table,AR,2017,4,2,20801,20900,183
low_income_tax_table,AR,2017,4,2,20901,21000,196
low_income_tax_table,AR,2017,4,2,21001,21100,209
low_income_tax_table,AR,2017,4,2,21101,21200,223
low_income_tax_table,AR,2017,4,2,21201,21300,236
low_income_tax_table,AR,2017,4,2,21301,21400,250
low_income_tax_table,AR,2017,4,2,21401,21500,263
low_income_tax_table,AR,2017,4,2,21501,21600,276
low_income_tax_table,AR,2017,4,2,21601,21700,290
low_income_tax_table,AR,2017,4,2,21701,21800,303
low_income_tax_table,AR,2017,4,2,21801,21900,317
low_income_tax_table,AR,2017,4,2,21901,22000,330
low_income_tax_table,AR,2017,4,2,22001,22100,343
low_income_tax_table,AR,2017,4,2,22101,22200,357
low_income_tax_table,AR,2017,4,2,22201,22300,370
low_income_tax_table,AR,2017,4,2,22301,22400,384
low_income_tax_table,AR,2017,4,2,22401,22500,397
low_income_tax_table,AR,2017,4,2,22501,22600,410
low_income_tax_table,AR,2017,4,2,22601,22700,424
low_income_tax_table,AR,2017,4,2,22701,22800,437
low_income_tax_table,AR,2017,4,2,22801,22900,451
low_income_tax_table,AR,2017,4,2,22901,23000,464
low_income_tax_table,AR,2017,4,2,23001,23100,477
low_income_tax_table,AR,2017,4,2,23101,23200,491
low_income_tax_table,AR,2017,4,2,23201,23300,504
low_income_tax_table,AR,2017,4,2,23301,23400,518
low_income_tax_table,AR,2017,4,2,23401,23500,531
low_income_tax_table,AR,2017,4,2,23501,23600,544
low_income_tax_table,AR,2017,4,2,23601,23700,558
low_income_tax_table,AR,2017,4,2,23701,23800,571
low_income_tax_table,AR,2017,4,2,23801,23900,585
low_income_tax_table,AR,2017,4,2,23901,24000,616
low_income_tax_table,AR,2017,4,2,24001,24100,630
low_income_tax_table,AR,2017,4,2,24101,24200,644
low_income_tax_table,AR,2017,4,2,24201,24300,658
low_income_tax_table,AR,2017,4,2,24301,24400,672
low_income_tax_table,AR,2017,4,2,24401,24500,686
low_income_tax_table,AR,2017,4,2,24501,24600,700
low_income_tax_table,AR,2017,4,2,24601,24700,714
low_income_tax_table,AR,2017,4,2,24701,24800,728
low_income_tax_table_max,AR,2017,4,2,-Inf,Inf,24800
low_income_tax_table,AR,2017,2,0,0,20186,0
low_income_tax_table,AR,2017,2,0,20187,20200,82
low_income_tax_table,AR,2017,2,0,20201,20300,93
low_income_tax_table,AR,2017,2,0,20301,20400,105
low_income_tax_table,AR,2017,2,0,20401,20500,116
low_income_tax_table,AR,2017,2,0,20501,20600,128
low_income_tax_table,AR,2017,2,0,20601,20700,139
low_income_tax_table,AR,2017,2,0,20701,20800,150
low_income_tax_table,AR,2017,2,0,20801,20900,162
low_income_tax_table,AR,2017,2,0,20901,21000,173
low_income_tax_table,AR,2017,2,0,21001,21100,185
low_income_tax_table,AR,2017,2,0,21101,21200,196
low_income_tax_table,AR,2017,2,0,21201,21300,207
low_income_tax_table,AR,2017,2,0,21301,21400,219
low_income_tax_table,AR,2017,2,0,21401,21500,230
low_income_tax_table,AR,2017,2,0,21501,21600,242
low_income_tax_table,AR,2017,2,0,21601,21700,253
low_income_tax_table,AR,2017,2,0,21701,21800,264
low_income_tax_table,AR,2017,2,0,21801,21900,276
low_income_tax_table,AR,2017,2,0,21901,22000,287
low_income_tax_table,AR,2017,2,0,22001,22100,299
low_income_tax_table,AR,2017,2,0,22101,22200,310
low_income_tax_table,AR,2017,2,0,22201,22300,321
low_income_tax_table,AR,2017,2,0,22301,22400,333
low_income_tax_table,AR,2017,2,0,22401,22500,344
low_income_tax_table,AR,2017,2,0,22501,22600,356
low_income_tax_table,AR,2017,2,0,22601,22700,367
low_income_tax_table,AR,2017,2,0,22701,22800,378
low_income_tax_table,AR,2017,2,0,22801,22900,390
low_income_tax_table,AR,2017,2,0,22901,23000,401
low_income_tax_table,AR,2017,2,0,23001,23100,413
low_income_tax_table,AR,2017,2,0,23101,23200,424
low_income_tax_table,AR,2017,2,0,23201,23300,435
low_income_tax_table,AR,2017,2,0,23301,23400,447
low_income_tax_table,AR,2017,2,0,23401,23500,458
low_income_tax_table,AR,2017,2,0,23501,23600,470
low_income_tax_table,AR,2017,2,0,23601,23700,481
low_income_tax_table,AR,2017,2,0,23701,23800,492
low_income_tax_table,AR,2017,2,0,23801,23900,504
low_income_tax_table,AR,2017,2,0,23901,24000,515
low_income_tax_table,AR,2017,2,0,24001,24100,527
low_income_tax_table,AR,2017,2,0,24101,24200,538
low_income_tax_table,AR,2017,2,0,24201,24300,549
low_income_tax_table,AR,2017,2,0,24301,24400,561
low_income_tax_table,AR,2017,2,0,24401,24500,572
low_income_tax_table,AR,2017,2,0,24501,24600,584
low_income_tax_table,AR,2017,2,0,24601,24700,595
low_income_tax_table,AR,2017,2,0,24701,24800,606
low_income_tax_table_max,AR,2017,2,0,-Inf,Inf,24800
low_income_tax_table,AR,2017,2,2,0,24294,0
low_income_tax_table,AR,2017,2,2,24295,24300,118
low_income_tax_table,AR,2017,2,2,24301,24400,130
low_income_tax_table,AR,2017,2,2,24401,24500,141
low_income_tax_table,AR,2017,2,2,24501,24600,153
low_income_tax_table,AR,2017,2,2,24601,24700,164
low_income_tax_table,AR,2017,2,2,24701,24800,175
low_income_tax_table,AR,2017,2,2,24801,24900,187
low_income_tax_table,AR,2017,2,2,24901,25000,198
low_income_tax_table,AR,2017,2,2,25001,25100,210
low_income_tax_table,AR,2017,2,2,25101,25200,221
low_income_tax_table,AR,2017,2,2,25201,25300,232
low_income_tax_table,AR,2017,2,2,25301,25400,244
low_income_tax_table,AR,2017,2,2,25401,25500,255
low_income_tax_table,AR,2017,2,2,25501,25600,267
low_income_tax_table,AR,2017,2,2,25601,25700,278
low_income_tax_table,AR,2017,2,2,25701,25800,289
low_income_tax_table,AR,2017,2,2,25801,25900,301
low_income_tax_table,AR,2017,2,2,25901,26000,312
low_income_tax_table,AR,2017,2,2,26001,26100,324
low_income_tax_table,AR,2017,2,2,26101,26200,353
low_income_tax_table,AR,2017,2,2,26201,26300,365
low_income_tax_table,AR,2017,2,2,26301,26400,377
low_income_tax_table,AR,2017,2,2,26401,26500,389
low_income_tax_table,AR,2017,2,2,26501,26600,401
low_income_tax_table,AR,2017,2,2,26601,26700,413
low_income_tax_table,AR,2017,2,2,26701,26800,425
low_income_tax_table,AR,2017,2,2,26801,26900,437
low_income_tax_table,AR,2017,2,2,26901,27000,449
low_income_tax_table,AR,2017,2,2,27001,27100,461
low_income_tax_table,AR,2017,2,2,27101,27200,473
low_income_tax_table,AR,2017,2,2,27201,27300,485
low_income_tax_table,AR,2017,2,2,27301,27400,497
low_income_tax_table,AR,2017,2,2,27401,27500,509
low_income_tax_table,AR,2017,2,2,27501,27600,521
low_income_tax_table,AR,2017,2,2,27601,27700,533
low_income_tax_table,AR,2017,2,2,27701,27800,545
low_income_tax_table,AR,2017,2,2,27801,27900,557
low_income_tax_table,AR,2017,2,2,27901,28000,569
low_income_tax_table,AR,2017,2,2,28001,28100,581
low_income_tax_table,AR,2017,2,2,28101,28200,593
low_income_tax_table,AR,2017,2,2,28201,28300,605
low_income_tax_table,AR,2017,2,2,28301,28400,617
low_income_tax_table,AR,2017,2,2,28401,28500,629
low_income_tax_table,AR,2017,2,2,28501,28600,641
low_income_tax_table,AR,2017,2,2,28601,28700,653
low_income_tax_table,AR,2017,2,2,28701,28800,665
low_income_tax_table,AR,2017,2,2,28801,28900,677
low_income_tax_table,AR,2017,2,2,28901,29000,689
low_income_tax_table,AR,2017,2,2,29001,29100,701
low_income_tax_table,AR,2017,2,2,29101,29200,713
low_income_tax_table,AR,2017,2,2,29201,29300,725
low_income_tax_table,AR,2017,2,2,29301,29400,737
low_income_tax_table,AR,2017,2,2,29401,29500,749
low_income_tax_table,AR,2017,2,2,29501,29600,761
low_income_tax_table,AR,2017,2,2,29601,29700,773
low_income_tax_table,AR,2017,2,2,29701,29800,785
low_income_tax_table,AR,2017,2,2,29801,29900,797
low_income_tax_table,AR,2017,2,2,29901,30000,809
low_income_tax_table,AR,2017,2,2,30001,30100,821
low_income_tax_table,AR,2017,2,2,30101,30200,833
low_income_tax_table,AR,2017,2,2,30201,30300,845
low_income_tax_table,AR,2017,2,2,30301,30400,857
low_income_tax_table,AR,2017,2,2,30401,30500,869
low_income_tax_table,AR,2017,2,2,30501,30600,881
low_income_tax_table,AR,2017,2,2,30601,30700,893
low_income_tax_table,AR,2017,2,2,30701,30800,905
low_income_tax_table,AR,2017,2,2,30801,30900,917
low_income_tax_table,AR,2017,2,2,30901,31000,929
low_income_tax_table_max,AR,2017,2,2,-Inf,Inf,31000
low_income_tax_table,AR,2018,1,0,0,12259,0
low_income_tax_table,AR,2018,1,0,12260,12300,37
low_income_tax_table,AR,2018,1,0,12301,12400,45
low_income_tax_table,AR,2018,1,0,12401,12500,52
low_income_tax_table,AR,2018,1,0,12501,12600,59
low_income_tax_table,AR,2018,1,0,12601,12700,67
low_income_tax_table,AR,2018,1,0,12701,12800,74
low_income_tax_table,AR,2018,1,0,12801,12900,82
low_income_tax_table,AR,2018,1,0,12901,13000,89
low_income_tax_table,AR,2018,1,0,13001,13100,96
low_income_tax_table,AR,2018,1,0,13101,13200,104
low_income_tax_table,AR,2018,1,0,13201,13300,111
low_income_tax_table,AR,2018,1,0,13301,13400,119
low_income_tax_table,AR,2018,1,0,13401,13500,126
low_income_tax_table,AR,2018,1,0,13501,13600,133
low_income_tax_table,AR,2018,1,0,13601,13700,141
low_income_tax_table,AR,2018,1,0,13701,13800,148
low_income_tax_table,AR,2018,1,0,13801,13900,156
low_income_tax_table,AR,2018,1,0,13901,14000,163
low_income_tax_table,AR,2018,1,0,14001,14100,170
low_income_tax_table,AR,2018,1,0,14101,14200,178
low_income_tax_table,AR,2018,1,0,14201,14300,185
low_income_tax_table,AR,2018,1,0,14301,14400,193
low_income_tax_table,AR,2018,1,0,14401,14500,200
low_income_tax_table,AR,2018,1,0,14501,14600,207
low_income_tax_table,AR,2018,1,0,14601,14700,215
low_income_tax_table,AR,2018,1,0,14701,14800,222
low_income_tax_table,AR,2018,1,0,14801,14900,230
low_income_tax_table,AR,2018,1,0,14901,15000,237
low_income_tax_table,AR,2018,1,0,15001,15100,244
low_income_tax_table,AR,2018,1,0,15101,15200,252
low_income_tax_table,AR,2018,1,0,15201,15300,259
low_income_tax_table,AR,2018,1,0,15301,15400,267
low_income_tax_table,AR,2018,1,0,15401,15500,274
low_income_tax_table,AR,2018,1,0,15501,15600,281
low_income_tax_table,AR,2018,1,0,15601,15700,289
low_income_tax_table,AR,2018,1,0,15701,15800,298
low_income_tax_table,AR,2018,1,0,15801,15900,306
low_income_tax_table_max,AR,2018,1,0,-Inf,Inf,15900
low_income_tax_table,AR,2018,4,0,0,17430,0
low_income_tax_table,AR,2018,4,0,17431,17500,76
low_income_tax_table,AR,2018,4,0,17501,17600,86
low_income_tax_table,AR,2018,4,0,17601,17700,96
low_income_tax_table,AR,2018,4,0,17701,17800,107
low_income_tax_table,AR,2018,4,0,17801,17900,117
low_income_tax_table,AR,2018,4,0,17901,18000,128
low_income_tax_table,AR,2018,4,0,18001,18100,138
low_income_tax_table,AR,2018,4,0,18101,18200,148
low_income_tax_table,AR,2018,4,0,18201,18300,159
low_income_tax_table,AR,2018,4,0,18301,18400,169
low_income_tax_table,AR,2018,4,0,18401,18500,180
low_income_tax_table,AR,2018,4,0,18501,18600,190
low_income_tax_table,AR,2018,4,0,18601,18700,200
low_income_tax_table,AR,2018,4,0,18701,18800,211
low_income_tax_table,AR,2018,4,0,18801,18900,221
low_income_tax_table,AR,2018,4,0,18901,19000,232
low_income_tax_table,AR,2018,4,0,19001,19100,242
low_income_tax_table,AR,2018,4,0,19101,19200,252
low_income_tax_table,AR,2018,4,0,19201,19300,263
low_income_tax_table,AR,2018,4,0,19301,19400,273
low_income_tax_table,AR,2018,4,0,19401,19500,284
low_income_tax_table,AR,2018,4,0,19501,19600,294
low_income_tax_table,AR,2018,4,0,19601,19700,304
low_income_tax_table,AR,2018,4,0,19701,19800,315
low_income_tax_table,AR,2018,4,0,19801,19900,325
low_income_tax_table,AR,2018,4,0,19901,20000,336
low_income_tax_table,AR,2018,4,0,20001,20100,346
low_income_tax_table,AR,2018,4,0,20101,20200,356
low_income_tax_table,AR,2018,4,0,20201,20300,367
low_income_tax_table,AR,2018,4,0,20301,20400,377
low_income_tax_table,AR,2018,4,0,20401,20500,388
low_income_tax_table,AR,2018,4,0,20501,20600,398
low_income_tax_table,AR,2018,4,0,20601,20700,408
low_income_tax_table,AR,2018,4,0,20701,20800,419
low_income_tax_table,AR,2018,4,0,20801,20900,429
low_income_tax_table,AR,2018,4,0,20901,21000,440
low_income_tax_table,AR,2018,4,0,21001,21100,450
low_income_tax_table,AR,2018,4,0,21101,21200,460
low_income_tax_table,AR,2018,4,0,21201,21300,471
low_income_tax_table,AR,2018,4,0,21301,21400,481
low_income_tax_table,AR,2018,4,0,21401,21500,492
low_income_tax_table,AR,2018,4,0,21501,21600,502
low_income_tax_table,AR,2018,4,0,21601,21700,512
low_income_tax_table,AR,2018,4,0,21701,21800,523
low_income_tax_table,AR,2018,4,0,21801,21900,533
low_income_tax_table,AR,2018,4,0,21901,22000,544
low_income_tax_table,AR,2018,4,0,22001,22100,554
low_income_tax_table,AR,2018,4,0,22101,22200,564
low_income_tax_table,AR,2018,4,0,22201,22300,575
low_income_tax_table,AR,2018,4,0,22301,22400,585
low_income_tax_table,AR,2018,4,0,22401,22500,596
low_income_tax_table_max,AR,2018,4,0,-Inf,Inf,22500
low_income_tax_table,AR,2018,4,2,0,20777,0
low_income_tax_table,AR,2018,4,2,20778,20800,105
low_income_tax_table,AR,2018,4,2,20801,20900,118
low_income_tax_table,AR,2018,4,2,20901,21000,132
low_income_tax_table,AR,2018,4,2,21001,21100,145
low_income_tax_table,AR,2018,4,2,21101,21200,158
low_income_tax_table,AR,2018,4,2,21201,21300,172
low_income_tax_table,AR,2018,4,2,21301,21400,185
low_income_tax_table,AR,2018,4,2,21401,21500,199
low_income_tax_table,AR,2018,4,2,21501,21600,212
low_income_tax_table,AR,2018,4,2,21601,21700,225
low_income_tax_table,AR,2018,4,2,21701,21800,239
low_income_tax_table,AR,2018,4,2,21801,21900,252
low_income_tax_table,AR,2018,4,2,21901,22000,266
low_income_tax_table,AR,2018,4,2,22001,22100,279
low_income_tax_table,AR,2018,4,2,22101,22200,292
low_income_tax_table,AR,2018,4,2,22201,22300,306
low_income_tax_table,AR,2018,4,2,22301,22400,319
low_income_tax_table,AR,2018,4,2,22401,22500,333
low_income_tax_table,AR,2018,4,2,22501,22600,346
low_income_tax_table,AR,2018,4,2,22601,22700,359
low_income_tax_table,AR,2018,4,2,22701,22800,373
low_income_tax_table,AR,2018,4,2,22801,22900,386
low_income_tax_table,AR,2018,4,2,22901,23000,400
low_income_tax_table,AR,2018,4,2,23001,23100,413
low_income_tax_table,AR,2018,4,2,23101,23200,426
low_income_tax_table,AR,2018,4,2,23201,23300,440
low_income_tax_table,AR,2018,4,2,23301,23400,453
low_income_tax_table,AR,2018,4,2,23401,23500,467
low_income_tax_table,AR,2018,4,2,23501,23600,480
low_income_tax_table,AR,2018,4,2,23601,23700,493
low_income_tax_table,AR,2018,4,2,23701,23800,507
low_income_tax_table,AR,2018,4,2,23801,23900,520
low_income_tax_table,AR,2018,4,2,23901,24000,534
low_income_tax_table,AR,2018,4,2,24001,24100,547
low_income_tax_table,AR,2018,4,2,24101,24200,560
low_income_tax_table,AR,2018,4,2,24201,24300,574
low_income_tax_table,AR,2018,4,2,24301,24400,587
low_income_tax_table,AR,2018,4,2,24401,24500,619
low_income_tax_table,AR,2018,4,2,24501,24600,633
low_income_tax_table,AR,2018,4,2,24601,24700,647
low_income_tax_table,AR,2018,4,2,24701,24800,661
low_income_tax_table,AR,2018,4,2,24801,24900,675
low_income_tax_table,AR,2018,4,2,24901,25000,689
low_income_tax_table,AR,2018,4,2,25001,25100,703
low_income_tax_table,AR,2018,4,2,25101,25200,717
low_income_tax_table,AR,2018,4,2,25201,25300,731
low_income_tax_table,AR,2018,4,2,25301,25400,745
low_income_tax_table_max,AR,2018,4,2,-Inf,Inf,25400
low_income_tax_table,AR,2018,2,0,0,20674,0
low_income_tax_table,AR,2018,2,0,20675,20700,85
low_income_tax_table,AR,2018,2,0,20701,20800,96
low_income_tax_table,AR,2018,2,0,20801,20900,107
low_income_tax_table,AR,2018,2,0,20901,21000,119
low_income_tax_table,AR,2018,2,0,21001,21100,130
low_income_tax_table,AR,2018,2,0,21101,21200,142
low_income_tax_table,AR,2018,2,0,21201,21300,153
low_income_tax_table,AR,2018,2,0,21301,21400,164
low_income_tax_table,AR,2018,2,0,21401,21500,176
low_income_tax_table,AR,2018,2,0,21501,21600,187
low_income_tax_table,AR,2018,2,0,21601,21700,199
low_income_tax_table,AR,2018,2,0,21701,21800,210
low_income_tax_table,AR,2018,2,0,21801,21900,221
low_income_tax_table,AR,2018,2,0,21901,22000,233
low_income_tax_table,AR,2018,2,0,22001,22100,244
low_income_tax_table,AR,2018,2,0,22101,22200,256
low_income_tax_table,AR,2018,2,0,22201,22300,267
low_income_tax_table,AR,2018,2,0,22301,22400,278
low_income_tax_table,AR,2018,2,0,22401,22500,290
low_income_tax_table,AR,2018,2,0,22501,22600,301
low_income_tax_table,AR,2018,2,0,22601,22700,313
low_income_tax_table,AR,2018,2,0,22701,22800,324
low_income_tax_table,AR,2018,2,0,22801,22900,335
low_income_tax_table,AR,2018,2,0,22901,23000,347
low_income_tax_table,AR,2018,2,0,23001,23100,358
low_income_tax_table,AR,2018,2,0,23101,23200,370
low_income_tax_table,AR,2018,2,0,23201,23300,381
low_income_tax_table,AR,2018,2,0,23301,23400,392
low_income_tax_table,AR,2018,2,0,23401,23500,404
low_income_tax_table,AR,2018,2,0,23501,23600,415
low_income_tax_table,AR,2018,2,0,23601,23700,427
low_income_tax_table,AR,2018,2,0,23701,23800,438
low_income_tax_table,AR,2018,2,0,23801,23900,449
low_income_tax_table,AR,2018,2,0,23901,24000,461
low_income_tax_table,AR,2018,2,0,24001,24100,472
low_income_tax_table,AR,2018,2,0,24101,24200,484
low_income_tax_table,AR,2018,2,0,24201,24300,495
low_income_tax_table,AR,2018,2,0,24301,24400,506
low_income_tax_table,AR,2018,2,0,24401,24500,518
low_income_tax_table,AR,2018,2,0,24501,24600,529
low_income_tax_table,AR,2018,2,0,24601,24700,541
low_income_tax_table,AR,2018,2,0,24701,24800,552
low_income_tax_table,AR,2018,2,0,24801,24900,563
low_income_tax_table,AR,2018,2,0,24901,25000,575
low_income_tax_table,AR,2018,2,0,25001,25100,586
low_income_tax_table,AR,2018,2,0,25101,25200,598
low_income_tax_table,AR,2018,2,0,25201,25300,609
low_income_tax_table,AR,2018,2,0,25301,25400,620
low_income_tax_table,AR,2018,2,0,25401,25500,632
low_income_tax_table_max,AR,2018,2,0,-Inf,Inf,25500
low_income_tax_table,AR,2018,2,2,0,24882,0
low_income_tax_table,AR,2018,2,2,24883,24900,122
low_income_tax_table,AR,2018,2,2,24901,25000,134
low_income_tax_table,AR,2018,2,2,25001,25100,145
low_income_tax_table,AR,2018,2,2,25101,25200,157
low_income_tax_table,AR,2018,2,2,25201,25300,168
low_income_tax_table,AR,2018,2,2,25301,25400,179
low_income_tax_table,AR,2018,2,2,25401,25500,191
low_income_tax_table,AR,2018,2,2,25501,25600,202
low_income_tax_table,AR,2018,2,2,25601,25700,214
low_income_tax_table,AR,2018,2,2,25701,25800,225
low_income_tax_table,AR,2018,2,2,25801,25900,236
low_income_tax_table,AR,2018,2,2,25901,26000,248
low_income_tax_table,AR,2018,2,2,26001,26100,259
low_income_tax_table,AR,2018,2,2,26101,26200,271
low_income_tax_table,AR,2018,2,2,26201,26300,282
low_income_tax_table,AR,2018,2,2,26301,26400,293
low_income_tax_table,AR,2018,2,2,26401,26500,305
low_income_tax_table,AR,2018,2,2,26501,26600,316
low_income_tax_table,AR,2018,2,2,26601,26700,346
low_income_tax_table,AR,2018,2,2,26701,26800,358
low_income_tax_table,AR,2018,2,2,26801,26900,370
low_income_tax_table,AR,2018,2,2,26901,27000,382
low_income_tax_table,AR,2018,2,2,27001,27100,394
low_income_tax_table,AR,2018,2,2,27101,27200,406
low_income_tax_table,AR,2018,2,2,27201,27300,418
low_income_tax_table,AR,2018,2,2,27301,27400,430
low_income_tax_table,AR,2018,2,2,27401,27500,442
low_income_tax_table,AR,2018,2,2,27501,27600,454
low_income_tax_table,AR,2018,2,2,27601,27700,466
low_income_tax_table,AR,2018,2,2,27701,27800,478
low_income_tax_table,AR,2018,2,2,27801,27900,490
low_income_tax_table,AR,2018,2,2,27901,28000,502
low_income_tax_table,AR,2018,2,2,28001,28100,514
low_income_tax_table,AR,2018,2,2,28101,28200,526
low_income_tax_table,AR,2018,2,2,28201,28300,538
low_income_tax_table,AR,2018,2,2,28301,28400,550
low_income_tax_table,AR,2018,2,2,28401,28500,562
low_income_tax_table,AR,2018,2,2,28501,28600,574
low_income_tax_table,AR,2018,2,2,28601,28700,586
low_income_tax_table,AR,2018,2,2,28701,28800,598
low_income_tax_table,AR,2018,2,2,28801,28900,610
low_income_tax_table,AR,2018,2,2,28901,29000,622
low_income_tax_table,AR,2018,2,2,29001,29100,634
low_income_tax_table,AR,2018,2,2,29101,29200,646
low_income_tax_table,AR,2018,2,2,29201,29300,658
low_income_tax_table,AR,2018,2,2,29301,29400,670
low_income_tax_table,AR,2018,2,2,29401,29500,682
low_income_tax_table,AR,2018,2,2,29501,29600,694
low_income_tax_table,AR,2018,2,2,29601,29700,706
low_income_tax_table,AR,2018,2,2,29701,29800,718
low_income_tax_table,AR,2018,2,2,29801,29900,730
low_income_tax_table,AR,2018,2,2,29901,30000,742
low_income_tax_table,AR,2018,2,2,30001,30100,754
low_income_tax_table,AR,2018,2,2,30101,30200,766
low_income_tax_table,AR,2018,2,2,30201,30300,778
low_income_tax_table,AR,2018,2,2,30301,30400,790
low_income_tax_table,AR,2018,2,2,30401,30500,802
low_income_tax_table,AR,2018,2,2,30501,30600,814
low_income_tax_table,AR,2018,2,2,30601,30700,826
low_income_tax_table,AR,2018,2,2,30701,30800,838
low_income_tax_table,AR,2018,2,2,30801,30900,850
low_income_tax_table,AR,2018,2,2,30901,31000,862
low_income_tax_table,AR,2018,2,2,31001,31100,874
low_income_tax_table,AR,2018,2,2,31101,31200,886
low_income_tax_table,AR,2018,2,2,31201,31300,898
low_income_tax_table,AR,2018,2,2,31301,31400,910
low_income_tax_table,AR,2018,2,2,31401,31500,922
low_income_tax_table,AR,2018,2,2,31501,31600,934
low_income_tax_table,AR,2018,2,2,31601,31700,946
low_income_tax_table,AR,2018,2,2,31701,31800,958
low_income_tax_table_max,AR,2018,2,2,-Inf,Inf,31800
low_income_tax_table,AR,2019,1,0,0,12492,0
low_income_tax_table,AR,2019,1,0,12493,12500,25
low_income_tax_table,AR,2019,1,0,12501,12600,32
low_income_tax_table,AR,2019,1,0,12601,12700,39
low_income_tax_table,AR,2019,1,0,12701,12800,46
low_income_tax_table,AR,2019,1,0,12801,12900,53
low_income_tax_table,AR,2019,1,0,12901,13000,60
low_income_tax_table,AR,2019,1,0,13001,13100,67
low_income_tax_table,AR,2019,1,0,13101,13200,74
low_income_tax_table,AR,2019,1,0,13201,13300,81
low_income_tax_table,AR,2019,1,0,13301,13400,88
low_income_tax_table,AR,2019,1,0,13401,13500,95
low_income_tax_table,AR,2019,1,0,13501,13600,102
low_income_tax_table,AR,2019,1,0,13601,13700,109
low_income_tax_table,AR,2019,1,0,13701,13800,116
low_income_tax_table,AR,2019,1,0,13801,13900,123
low_income_tax_table,AR,2019,1,0,13901,14000,130
low_income_tax_table,AR,2019,1,0,14001,14100,137
low_income_tax_table,AR,2019,1,0,14101,14200,144
low_income_tax_table,AR,2019,1,0,14201,14300,151
low_income_tax_table,AR,2019,1,0,14301,14400,158
low_income_tax_table,AR,2019,1,0,14401,14500,165
low_income_tax_table,AR,2019,1,0,14501,14600,172
low_income_tax_table,AR,2019,1,0,14601,14700,179
low_income_tax_table,AR,2019,1,0,14701,14800,186
low_income_tax_table,AR,2019,1,0,14801,14900,193
low_income_tax_table_max,AR,2019,1,0,-Inf,Inf,14900
low_income_tax_table,AR,2019,4,0,0,17761,0
low_income_tax_table,AR,2019,4,0,17762,17800,58
low_income_tax_table,AR,2019,4,0,17801,17900,67
low_income_tax_table,AR,2019,4,0,17901,18000,77
low_income_tax_table,AR,2019,4,0,18001,18100,86
low_income_tax_table,AR,2019,4,0,18101,18200,96
low_income_tax_table,AR,2019,4,0,18201,18300,105
low_income_tax_table,AR,2019,4,0,18301,18400,114
low_income_tax_table,AR,2019,4,0,18401,18500,124
low_income_tax_table,AR,2019,4,0,18501,18600,133
low_income_tax_table,AR,2019,4,0,18601,18700,143
low_income_tax_table,AR,2019,4,0,18701,18800,152
low_income_tax_table,AR,2019,4,0,18801,18900,161
low_income_tax_table,AR,2019,4,0,18901,19000,171
low_income_tax_table,AR,2019,4,0,19001,19100,180
low_income_tax_table,AR,2019,4,0,19101,19200,190
low_income_tax_table,AR,2019,4,0,19201,19300,199
low_income_tax_table,AR,2019,4,0,19301,19400,208
low_income_tax_table,AR,2019,4,0,19401,19500,218
low_income_tax_table,AR,2019,4,0,19501,19600,227
low_income_tax_table,AR,2019,4,0,19601,19700,237
low_income_tax_table,AR,2019,4,0,19701,19800,246
low_income_tax_table,AR,2019,4,0,19801,19900,255
low_income_tax_table,AR,2019,4,0,19901,20000,265
low_income_tax_table,AR,2019,4,0,20001,20100,274
low_income_tax_table,AR,2019,4,0,20101,20200,284
low_income_tax_table,AR,2019,4,0,20201,20300,293
low_income_tax_table,AR,2019,4,0,20301,20400,302
low_income_tax_table,AR,2019,4,0,20401,20500,312
low_income_tax_table,AR,2019,4,0,20501,20600,321
low_income_tax_table,AR,2019,4,0,20601,20700,331
low_income_tax_table,AR,2019,4,0,20701,20800,340
low_income_tax_table,AR,2019,4,0,20801,20900,349
low_income_tax_table,AR,2019,4,0,20901,21000,359
low_income_tax_table,AR,2019,4,0,21001,21100,368
low_income_tax_table,AR,2019,4,0,21101,21200,378
low_income_tax_table,AR,2019,4,0,21201,21300,387
low_income_tax_table,AR,2019,4,0,21301,21400,396
low_income_tax_table,AR,2019,4,0,21401,21500,406
low_income_tax_table,AR,2019,4,0,21501,21600,415
low_income_tax_table_max,AR,2019,4,0,-Inf,Inf,21600
low_income_tax_table,AR,2019,4,2,0,21172,0
low_income_tax_table,AR,2019,4,2,21173,21200,81
low_income_tax_table,AR,2019,4,2,21201,21300,93
low_income_tax_table,AR,2019,4,2,21301,21400,105
low_income_tax_table,AR,2019,4,2,21401,21500,118
low_income_tax_table,AR,2019,4,2,21501,21600,130
low_income_tax_table,AR,2019,4,2,21601,21700,143
low_income_tax_table,AR,2019,4,2,21701,21800,155
low_income_tax_table,AR,2019,4,2,21801,21900,167
low_income_tax_table,AR,2019,4,2,21901,22000,180
low_income_tax_table,AR,2019,4,2,22001,22100,192
low_income_tax_table,AR,2019,4,2,22101,22200,205
low_income_tax_table,AR,2019,4,2,22201,22300,217
low_income_tax_table,AR,2019,4,2,22301,22400,229
low_income_tax_table,AR,2019,4,2,22401,22500,242
low_income_tax_table,AR,2019,4,2,22501,22600,254
low_income_tax_table,AR,2019,4,2,22601,22700,267
low_income_tax_table,AR,2019,4,2,22701,22800,279
low_income_tax_table,AR,2019,4,2,22801,22900,291
low_income_tax_table,AR,2019,4,2,22901,23000,304
low_income_tax_table,AR,2019,4,2,23001,23100,316
low_income_tax_table,AR,2019,4,2,23101,23200,329
low_income_tax_table,AR,2019,4,2,23201,23300,341
low_income_tax_table,AR,2019,4,2,23301,23400,353
low_income_tax_table,AR,2019,4,2,23401,23500,366
low_income_tax_table,AR,2019,4,2,23501,23600,378
low_income_tax_table,AR,2019,4,2,23601,23700,391
low_income_tax_table,AR,2019,4,2,23701,23800,403
low_income_tax_table,AR,2019,4,2,23801,23900,415
low_income_tax_table,AR,2019,4,2,23901,24000,428
low_income_tax_table,AR,2019,4,2,24001,24100,440
low_income_tax_table,AR,2019,4,2,24101,24200,453
low_income_tax_table,AR,2019,4,2,24201,24300,465
low_income_tax_table,AR,2019,4,2,24301,24400,477
low_income_tax_table,AR,2019,4,2,24401,24500,490
low_income_tax_table,AR,2019,4,2,24501,24600,502
low_income_tax_table,AR,2019,4,2,24601,24700,515
low_income_tax_table,AR,2019,4,2,24701,24800,527
low_income_tax_table_max,AR,2019,4,2,-Inf,Inf,24800
low_income_tax_table,AR,2019,2,0,0,21067,0
low_income_tax_table,AR,2019,2,0,21068,21100,66
low_income_tax_table,AR,2019,2,0,21101,21200,77
low_income_tax_table,AR,2019,2,0,21201,21300,87
low_income_tax_table,AR,2019,2,0,21301,21400,98
low_income_tax_table,AR,2019,2,0,21401,21500,108
low_income_tax_table,AR,2019,2,0,21501,21600,118
low_income_tax_table,AR,2019,2,0,21601,21700,129
low_income_tax_table,AR,2019,2,0,21701,21800,139
low_income_tax_table,AR,2019,2,0,21801,21900,150
low_income_tax_table,AR,2019,2,0,21901,22000,160
low_income_tax_table,AR,2019,2,0,22001,22100,170
low_income_tax_table,AR,2019,2,0,22101,22200,181
low_income_tax_table,AR,2019,2,0,22201,22300,191
low_income_tax_table,AR,2019,2,0,22301,22400,202
low_income_tax_table,AR,2019,2,0,22401,22500,212
low_income_tax_table,AR,2019,2,0,22501,22600,222
low_income_tax_table,AR,2019,2,0,22601,22700,233
low_income_tax_table,AR,2019,2,0,22701,22800,243
low_income_tax_table,AR,2019,2,0,22801,22900,254
low_income_tax_table,AR,2019,2,0,22901,23000,264
low_income_tax_table,AR,2019,2,0,23001,23100,274
low_income_tax_table,AR,2019,2,0,23101,23200,285
low_income_tax_table,AR,2019,2,0,23201,23300,295
low_income_tax_table,AR,2019,2,0,23301,23400,306
low_income_tax_table,AR,2019,2,0,23401,23500,316
low_income_tax_table,AR,2019,2,0,23501,23600,326
low_income_tax_table,AR,2019,2,0,23601,23700,337
low_income_tax_table,AR,2019,2,0,23701,23800,347
low_income_tax_table,AR,2019,2,0,23801,23900,358
low_income_tax_table,AR,2019,2,0,23901,24000,368
low_income_tax_table,AR,2019,2,0,24001,24100,378
low_income_tax_table,AR,2019,2,0,24101,24200,389
low_income_tax_table,AR,2019,2,0,24201,24300,399
low_income_tax_table,AR,2019,2,0,24301,24400,410
low_income_tax_table,AR,2019,2,0,24401,24500,420
low_income_tax_table,AR,2019,2,0,24501,24600,430
low_income_tax_table,AR,2019,2,0,24601,24700,441
low_income_tax_table,AR,2019,2,0,24701,24800,451
low_income_tax_table_max,AR,2019,2,0,-Inf,Inf,24800
low_income_tax_table,AR,2019,2,2,0,25355,0
low_income_tax_table,AR,2019,2,2,25356,25400,95
low_income_tax_table,AR,2019,2,2,25401,25500,105
low_income_tax_table,AR,2019,2,2,25501,25600,115
low_income_tax_table,AR,2019,2,2,25601,25700,126
low_income_tax_table,AR,2019,2,2,25701,25800,136
low_income_tax_table,AR,2019,2,2,25801,25900,147
low_income_tax_table,AR,2019,2,2,25901,26000,157
low_income_tax_table,AR,2019,2,2,26001,26100,167
low_income_tax_table,AR,2019,2,2,26101,26200,178
low_income_tax_table,AR,2019,2,2,26201,26300,188
low_income_tax_table,AR,2019,2,2,26301,26400,199
low_income_tax_table,AR,2019,2,2,26401,26500,209
low_income_tax_table,AR,2019,2,2,26501,26600,219
low_income_tax_table,AR,2019,2,2,26601,26700,230
low_income_tax_table,AR,2019,2,2,26701,26800,240
low_income_tax_table,AR,2019,2,2,26801,26900,251
low_income_tax_table,AR,2019,2,2,26901,27000,261
low_income_tax_table,AR,2019,2,2,27001,27100,450
low_income_tax_table,AR,2019,2,2,27101,27200,462
low_income_tax_table,AR,2019,2,2,27201,27300,474
low_income_tax_table,AR,2019,2,2,27301,27400,486
low_income_tax_table,AR,2019,2,2,27401,27500,498
low_income_tax_table,AR,2019,2,2,27501,27600,510
low_income_tax_table,AR,2019,2,2,27601,27700,522
low_income_tax_table,AR,2019,2,2,27701,27800,534
low_income_tax_table,AR,2019,2,2,27801,27900,546
low_income_tax_table,AR,2019,2,2,27901,28000,558
low_income_tax_table,AR,2019,2,2,28001,28100,570
low_income_tax_table,AR,2019,2,2,28101,28200,582
low_income_tax_table,AR,2019,2,2,28201,28300,594
low_income_tax_table,AR,2019,2,2,28301,28400,606
low_income_tax_table,AR,2019,2,2,28401,28500,618
low_income_tax_table,AR,2019,2,2,28501,28600,630
low_income_tax_table,AR,2019,2,2,28601,28700,642
low_income_tax_table,AR,2019,2,2,28701,28800,654
low_income_tax_table,AR,2019,2,2,28801,28900,666
low_income_tax_table,AR,2019,2,2,28901,29000,678
low_income_tax_table,AR,2019,2,2,29001,29100,690
low_income_tax_table,AR,2019,2,2,29101,29200,702
low_income_tax_table,AR,2019,2,2,29201,29300,714
low_income_tax_table,AR,2019,2,2,29301,29400,726
low_income_tax_table,AR,2019,2,2,29401,29500,738
low_income_tax_table,AR,2019,2,2,29501,29600,750
low_income_tax_table,AR,2019,2,2,29601,29700,762
low_income_tax_table,AR,2019,2,2,29701,29800,774
low_income_tax_table,AR,2019,2,2,29801,29900,786
low_income_tax_table,AR,2019,2,2,29901,30000,798
low_income_tax_table,AR,2019,2,2,30001,30100,810
low_income_tax_table,AR,2019,2,2,30101,30200,822
low_income_tax_table,AR,2019,2,2,30201,30300,834
low_income_tax_table,AR,2019,2,2,30301,30400,846
low_income_tax_table,AR,2019,2,2,30401,30500,858
low_income_tax_table,AR,2019,2,2,30501,30600,870
low_income_tax_table,AR,2019,2,2,30601,30700,882
low_income_tax_table,AR,2019,2,2,30701,30800,894
low_income_tax_table_max,AR,2019,2,2,-Inf,Inf,30800
low_income_tax_table,AR,2020,1,0,0,12674,0
low_income_tax_table,AR,2020,1,0,12675,12700,26
low_income_tax_table,AR,2020,1,0,12701,12800,33
low_income_tax_table,AR,2020,1,0,12801,12900,40
low_income_tax_table,AR,2020,1,0,12901,13000,47
low_income_tax_table,AR,2020,1,0,13001,13100,54
low_income_tax_table,AR,2020,1,0,13101,13200,61
low_income_tax_table,AR,2020,1,0,13201,13300,68
low_income_tax_table,AR,2020,1,0,13301,13400,75
low_income_tax_table,AR,2020,1,0,13401,13500,82
low_income_tax_table,AR,2020,1,0,13501,13600,89
low_income_tax_table,AR,2020,1,0,13601,13700,96
low_income_tax_table,AR,2020,1,0,13701,13800,103
low_income_tax_table,AR,2020,1,0,13801,13900,110
low_income_tax_table,AR,2020,1,0,13901,14000,117
low_income_tax_table,AR,2020,1,0,14001,14100,124
low_income_tax_table,AR,2020,1,0,14101,14200,131
low_income_tax_table,AR,2020,1,0,14201,14300,138
low_income_tax_table,AR,2020,1,0,14301,14400,145
low_income_tax_table,AR,2020,1,0,14401,14500,152
low_income_tax_table,AR,2020,1,0,14501,14600,159
low_income_tax_table,AR,2020,1,0,14601,14700,166
low_income_tax_table,AR,2020,1,0,14701,14800,173
low_income_tax_table,AR,2020,1,0,14801,14900,180
low_income_tax_table,AR,2020,1,0,14901,15000,187
low_income_tax_table,AR,2020,1,0,15001,15100,194
low_income_tax_table,AR,2020,1,0,15101,15200,201
low_income_tax_table_max,AR,2020,1,0,-Inf,Inf,15200
low_income_tax_table,AR,2020,4,0,0,18020,0
low_income_tax_table,AR,2020,4,0,18021,18100,59
low_income_tax_table,AR,2020,4,0,18101,18200,69
low_income_tax_table,AR,2020,4,0,18201,18300,78
low_income_tax_table,AR,2020,4,0,18301,18400,88
low_income_tax_table,AR,2020,4,0,18401,18500,97
low_income_tax_table,AR,2020,4,0,18501,18600,106
low_income_tax_table,AR,2020,4,0,18601,18700,116
low_income_tax_table,AR,2020,4,0,18701,18800,125
low_income_tax_table,AR,2020,4,0,18801,18900,135
low_income_tax_table,AR,2020,4,0,18901,19000,144
low_income_tax_table,AR,2020,4,0,19001,19100,153
low_income_tax_table,AR,2020,4,0,19101,19200,163
low_income_tax_table,AR,2020,4,0,19201,19300,172
low_income_tax_table,AR,2020,4,0,19301,19400,182
low_income_tax_table,AR,2020,4,0,19401,19500,191
low_income_tax_table,AR,2020,4,0,19501,19600,200
low_income_tax_table,AR,2020,4,0,19601,19700,210
low_income_tax_table,AR,2020,4,0,19701,19800,219
low_income_tax_table,AR,2020,4,0,19801,19900,229
low_income_tax_table,AR,2020,4,0,19901,20000,238
low_income_tax_table,AR,2020,4,0,20001,20100,247
low_income_tax_table,AR,2020,4,0,20101,20200,257
low_income_tax_table,AR,2020,4,0,20201,20300,266
low_income_tax_table,AR,2020,4,0,20301,20400,276
low_income_tax_table,AR,2020,4,0,20401,20500,285
low_income_tax_table,AR,2020,4,0,20501,20600,294
low_income_tax_table,AR,2020,4,0,20601,20700,304
low_income_tax_table,AR,2020,4,0,20701,20800,313
low_income_tax_table,AR,2020,4,0,20801,20900,323
low_income_tax_table,AR,2020,4,0,20901,21000,332
low_income_tax_table,AR,2020,4,0,21001,21100,341
low_income_tax_table,AR,2020,4,0,21101,21200,351
low_income_tax_table,AR,2020,4,0,21201,21300,360
low_income_tax_table,AR,2020,4,0,21301,21400,370
low_income_tax_table,AR,2020,4,0,21401,21500,379
low_income_tax_table,AR,2020,4,0,21501,21600,388
low_income_tax_table,AR,2020,4,0,21601,21700,398
low_income_tax_table,AR,2020,4,0,21701,21800,407
low_income_tax_table,AR,2020,4,0,21801,21900,417
low_income_tax_table,AR,2020,4,0,21901,22000,426
low_income_tax_table_max,AR,2020,4,0,-Inf,Inf,22000
low_income_tax_table,AR,2020,4,2,0,21481,0
low_income_tax_table,AR,2020,4,2,21482,21500,83
low_income_tax_table,AR,2020,4,2,21501,21600,95
low_income_tax_table,AR,2020,4,2,21601,21700,108
low_income_tax_table,AR,2020,4,2,21701,21800,120
low_income_tax_table,AR,2020,4,2,21801,21900,133
low_income_tax_table,AR,2020,4,2,21901,22000,145
low_income_tax_table,AR,2020,4,2,22001,22100,157
low_income_tax_table,AR,2020,4,2,22101,22200,170
low_income_tax_table,AR,2020,4,2,22201,22300,182
low_income_tax_table,AR,2020,4,2,22301,22400,195
low_income_tax_table,AR,2020,4,2,22401,22500,207
low_income_tax_table,AR,2020,4,2,22501,22600,219
low_income_tax_table,AR,2020,4,2,22601,22700,232
low_income_tax_table,AR,2020,4,2,22701,22800,244
low_income_tax_table,AR,2020,4,2,22801,22900,257
low_income_tax_table,AR,2020,4,2,22901,23000,269
low_income_tax_table,AR,2020,4,2,23001,23100,281
low_income_tax_table,AR,2020,4,2,23101,23200,294
low_income_tax_table,AR,2020,4,2,23201,23300,306
low_income_tax_table,AR,2020,4,2,23301,23400,319
low_income_tax_table,AR,2020,4,2,23401,23500,331
low_income_tax_table,AR,2020,4,2,23501,23600,343
low_income_tax_table,AR,2020,4,2,23601,23700,356
low_income_tax_table,AR,2020,4,2,23701,23800,368
low_income_tax_table,AR,2020,4,2,23801,23900,381
low_income_tax_table,AR,2020,4,2,23901,24000,393
low_income_tax_table,AR,2020,4,2,24001,24100,405
low_income_tax_table,AR,2020,4,2,24101,24200,418
low_income_tax_table,AR,2020,4,2,24201,24300,430
low_income_tax_table,AR,2020,4,2,24301,24400,443
low_income_tax_table,AR,2020,4,2,24401,24500,455
low_income_tax_table,AR,2020,4,2,24501,24600,467
low_income_tax_table,AR,2020,4,2,24601,24700,480
low_income_tax_table,AR,2020,4,2,24701,24800,492
low_income_tax_table,AR,2020,4,2,24801,24900,505
low_income_tax_table,AR,2020,4,2,24901,25000,517
low_income_tax_table,AR,2020,4,2,25001,25100,529
low_income_tax_table_max,AR,2020,4,2,-Inf,Inf,25100
low_income_tax_table,AR,2020,2,0,0,21374,0
low_income_tax_table,AR,2020,2,0,21375,21400,67
low_income_tax_table,AR,2020,2,0,21401,21500,77
low_income_tax_table,AR,2020,2,0,21501,21600,88
low_income_tax_table,AR,2020,2,0,21601,21700,98
low_income_tax_table,AR,2020,2,0,21701,21800,108
low_income_tax_table,AR,2020,2,0,21801,21900,119
low_income_tax_table,AR,2020,2,0,21901,22000,129
low_income_tax_table,AR,2020,2,0,22001,22100,140
low_income_tax_table,AR,2020,2,0,22101,22200,150
low_income_tax_table,AR,2020,2,0,22201,22300,160
low_income_tax_table,AR,2020,2,0,22301,22400,171
low_income_tax_table,AR,2020,2,0,22401,22500,181
low_income_tax_table,AR,2020,2,0,22501,22600,192
low_income_tax_table,AR,2020,2,0,22601,22700,202
low_income_tax_table,AR,2020,2,0,22701,22800,212
low_income_tax_table,AR,2020,2,0,22801,22900,223
low_income_tax_table,AR,2020,2,0,22901,23000,233
low_income_tax_table,AR,2020,2,0,23001,23100,244
low_income_tax_table,AR,2020,2,0,23101,23200,254
low_income_tax_table,AR,2020,2,0,23201,23300,264
low_income_tax_table,AR,2020,2,0,23301,23400,275
low_income_tax_table,AR,2020,2,0,23401,23500,285
low_income_tax_table,AR,2020,2,0,23501,23600,296
low_income_tax_table,AR,2020,2,0,23601,23700,306
low_income_tax_table,AR,2020,2,0,23701,23800,316
low_income_tax_table,AR,2020,2,0,23801,23900,327
low_income_tax_table,AR,2020,2,0,23901,24000,337
low_income_tax_table,AR,2020,2,0,24001,24100,348
low_income_tax_table,AR,2020,2,0,24101,24200,358
low_income_tax_table,AR,2020,2,0,24201,24300,368
low_income_tax_table,AR,2020,2,0,24301,24400,379
low_income_tax_table,AR,2020,2,0,24401,24500,389
low_income_tax_table,AR,2020,2,0,24501,24600,400
low_income_tax_table,AR,2020,2,0,24601,24700,410
low_income_tax_table,AR,2020,2,0,24701,24800,420
low_income_tax_table,AR,2020,2,0,24801,24900,431
low_income_tax_table,AR,2020,2,0,24901,25000,441
low_income_tax_table,AR,2020,2,0,25001,25100,452
low_income_tax_table,AR,2020,2,0,25101,25200,462
low_income_tax_table_max,AR,2020,2,0,-Inf,Inf,25200
low_income_tax_table,AR,2020,2,2,0,25725,0
low_income_tax_table,AR,2020,2,2,25726,25800,97
low_income_tax_table,AR,2020,2,2,25801,25900,108
low_income_tax_table,AR,2020,2,2,25901,26000,118
low_income_tax_table,AR,2020,2,2,26001,26100,129
low_income_tax_table,AR,2020,2,2,26101,26200,139
low_income_tax_table,AR,2020,2,2,26201,26300,149
low_income_tax_table,AR,2020,2,2,26301,26400,160
low_income_tax_table,AR,2020,2,2,26401,26500,170
low_income_tax_table,AR,2020,2,2,26501,26600,181
low_income_tax_table,AR,2020,2,2,26601,26700,191
low_income_tax_table,AR,2020,2,2,26701,26800,201
low_income_tax_table,AR,2020,2,2,26801,26900,212
low_income_tax_table,AR,2020,2,2,26901,27000,222
low_income_tax_table,AR,2020,2,2,27001,27100,233
low_income_tax_table,AR,2020,2,2,27101,27200,243
low_income_tax_table,AR,2020,2,2,27201,27300,253
low_income_tax_table,AR,2020,2,2,27301,27400,445
low_income_tax_table,AR,2020,2,2,27401,27500,457
low_income_tax_table,AR,2020,2,2,27501,27600,469
low_income_tax_table,AR,2020,2,2,27601,27700,481
low_income_tax_table,AR,2020,2,2,27701,27800,493
low_income_tax_table,AR,2020,2,2,27801,27900,505
low_income_tax_table,AR,2020,2,2,27901,28000,517
low_income_tax_table,AR,2020,2,2,28001,28100,529
low_income_tax_table,AR,2020,2,2,28101,28200,541
low_income_tax_table,AR,2020,2,2,28201,28300,553
low_income_tax_table,AR,2020,2,2,28301,28400,565
low_income_tax_table,AR,2020,2,2,28401,28500,577
low_income_tax_table,AR,2020,2,2,28501,28600,589
low_income_tax_table,AR,2020,2,2,28601,28700,601
low_income_tax_table,AR,2020,2,2,28701,28800,613
low_income_tax_table,AR,2020,2,2,28801,28900,625
low_income_tax_table,AR,2020,2,2,28901,29000,637
low_income_tax_table,AR,2020,2,2,29001,29100,649
low_income_tax_table,AR,2020,2,2,29101,29200,661
low_income_tax_table,AR,2020,2,2,29201,29300,673
low_income_tax_table,AR,2020,2,2,29301,29400,685
low_income_tax_table,AR,2020,2,2,29401,29500,697
low_income_tax_table,AR,2020,2,2,29501,29600,709
low_income_tax_table,AR,2020,2,2,29601,29700,721
low_income_tax_table,AR,2020,2,2,29701,29800,733
low_income_tax_table,AR,2020,2,2,29801,29900,745
low_income_tax_table,AR,2020,2,2,29901,30000,757
low_income_tax_table,AR,2020,2,2,30001,30100,769
low_income_tax_table,AR,2020,2,2,30101,30200,781
low_income_tax_table,AR,2020,2,2,30201,30300,793
low_income_tax_table,AR,2020,2,2,30301,30400,805
low_income_tax_table,AR,2020,2,2,30401,30500,817
low_income_tax_table,AR,2020,2,2,30501,30600,829
low_income_tax_table,AR,2020,2,2,30601,30700,841
low_income_tax_table,AR,2020,2,2,30701,30800,853
low_income_tax_table,AR,2020,2,2,30801,30900,865
low_income_tax_table,AR,2020,2,2,30901,31000,877
low_income_tax_table,AR,2020,2,2,31001,31100,889
low_income_tax_table,AR,2020,2,2,31101,31200,901
low_income_tax_table,AR,2020,2,2,31201,31300,913
low_income_tax_table_max,AR,2020,2,2,-Inf,Inf,31300
low_income_tax_table,AR,2021,1,0,0,13054,0
low_income_tax_table,AR,2021,1,0,13055,13100,27
low_income_tax_table,AR,2021,1,0,13101,13200,34
low_income_tax_table,AR,2021,1,0,13201,13300,41
low_income_tax_table,AR,2021,1,0,13301,13400,48
low_income_tax_table,AR,2021,1,0,13401,13500,55
low_income_tax_table,AR,2021,1,0,13501,13600,62
low_income_tax_table,AR,2021,1,0,13601,13700,69
low_income_tax_table,AR,2021,1,0,13701,13800,76
low_income_tax_table,AR,2021,1,0,13801,13900,83
low_income_tax_table,AR,2021,1,0,13901,14000,90
low_income_tax_table,AR,2021,1,0,14001,14100,97
low_income_tax_table,AR,2021,1,0,14101,14200,104
low_income_tax_table,AR,2021,1,0,14201,14300,111
low_income_tax_table,AR,2021,1,0,14301,14400,118
low_income_tax_table,AR,2021,1,0,14401,14500,125
low_income_tax_table,AR,2021,1,0,14501,14600,132
low_income_tax_table,AR,2021,1,0,14601,14700,139
low_income_tax_table,AR,2021,1,0,14701,14800,146
low_income_tax_table,AR,2021,1,0,14801,14900,153
low_income_tax_table,AR,2021,1,0,14901,15000,160
low_income_tax_table,AR,2021,1,0,15001,15100,167
low_income_tax_table,AR,2021,1,0,15101,15200,174
low_income_tax_table,AR,2021,1,0,15201,15300,181
low_income_tax_table,AR,2021,1,0,15301,15400,188
low_income_tax_table,AR,2021,1,0,15401,15500,195
low_income_tax_table,AR,2021,1,0,15501,15600,202
low_income_tax_table,AR,2021,1,0,15601,15700,209
low_income_tax_table_max,AR,2021,1,0,-Inf,Inf,15700
low_income_tax_table,AR,2021,4,0,0,18560,0
low_income_tax_table,AR,2021,4,0,18561,18600,62
low_income_tax_table,AR,2021,4,0,18601,18700,71
low_income_tax_table,AR,2021,4,0,18701,18800,81
low_income_tax_table,AR,2021,4,0,18801,18900,90
low_income_tax_table,AR,2021,4,0,18901,19000,99
low_income_tax_table,AR,2021,4,0,19001,19100,109
low_income_tax_table,AR,2021,4,0,19101,19200,118
low_income_tax_table,AR,2021,4,0,19201,19300,128
low_income_tax_table,AR,2021,4,0,19301,19400,137
low_income_tax_table,AR,2021,4,0,19401,19500,146
low_income_tax_table,AR,2021,4,0,19501,19600,156
low_income_tax_table,AR,2021,4,0,19601,19700,165
low_income_tax_table,AR,2021,4,0,19701,19800,175
low_income_tax_table,AR,2021,4,0,19801,19900,184
low_income_tax_table,AR,2021,4,0,19901,20000,193
low_income_tax_table,AR,2021,4,0,20001,20100,203
low_income_tax_table,AR,2021,4,0,20101,20200,212
low_income_tax_table,AR,2021,4,0,20201,20300,222
low_income_tax_table,AR,2021,4,0,20301,20400,231
low_income_tax_table,AR,2021,4,0,20401,20500,240
low_income_tax_table,AR,2021,4,0,20501,20600,250
low_income_tax_table,AR,2021,4,0,20601,20700,259
low_income_tax_table,AR,2021,4,0,20701,20800,269
low_income_tax_table,AR,2021,4,0,20801,20900,278
low_income_tax_table,AR,2021,4,0,20901,21000,287
low_income_tax_table,AR,2021,4,0,21001,21100,297
low_income_tax_table,AR,2021,4,0,21101,21200,306
low_income_tax_table,AR,2021,4,0,21201,21300,316
low_income_tax_table,AR,2021,4,0,21301,21400,325
low_income_tax_table,AR,2021,4,0,21401,21500,334
low_income_tax_table,AR,2021,4,0,21501,21600,344
low_income_tax_table,AR,2021,4,0,21601,21700,353
low_income_tax_table,AR,2021,4,0,21701,21800,363
low_income_tax_table,AR,2021,4,0,21801,21900,372
low_income_tax_table,AR,2021,4,0,21901,22000,381
low_income_tax_table,AR,2021,4,0,22001,22100,391
low_income_tax_table,AR,2021,4,0,22101,22200,400
low_income_tax_table,AR,2021,4,0,22201,22300,410
low_income_tax_table,AR,2021,4,0,22301,22400,419
low_income_tax_table,AR,2021,4,0,22401,22500,428
low_income_tax_table,AR,2021,4,0,22501,22600,438
low_income_tax_table_max,AR,2021,4,0,-Inf,Inf,22600
low_income_tax_table,AR,2021,4,2,0,22125,0
low_income_tax_table,AR,2021,4,2,22126,22200,86
low_income_tax_table,AR,2021,4,2,22201,22300,99
low_income_tax_table,AR,2021,4,2,22301,22400,111
low_income_tax_table,AR,2021,4,2,22401,22500,123
low_income_tax_table,AR,2021,4,2,22501,22600,136
low_income_tax_table,AR,2021,4,2,22601,22700,148
low_income_tax_table,AR,2021,4,2,22701,22800,161
low_income_tax_table,AR,2021,4,2,22801,22900,173
low_income_tax_table,AR,2021,4,2,22901,23000,185
low_income_tax_table,AR,2021,4,2,23001,23100,198
low_income_tax_table,AR,2021,4,2,23101,23200,210
low_income_tax_table,AR,2021,4,2,23201,23300,223
low_income_tax_table,AR,2021,4,2,23301,23400,235
low_income_tax_table,AR,2021,4,2,23401,23500,247
low_income_tax_table,AR,2021,4,2,23501,23600,260
low_income_tax_table,AR,2021,4,2,23601,23700,272
low_income_tax_table,AR,2021,4,2,23701,23800,285
low_income_tax_table,AR,2021,4,2,23801,23900,297
low_income_tax_table,AR,2021,4,2,23901,24000,309
low_income_tax_table,AR,2021,4,2,24001,24100,322
low_income_tax_table,AR,2021,4,2,24101,24200,334
low_income_tax_table,AR,2021,4,2,24201,24300,347
low_income_tax_table,AR,2021,4,2,24301,24400,359
low_income_tax_table,AR,2021,4,2,24401,24500,371
low_income_tax_table,AR,2021,4,2,24501,24600,384
low_income_tax_table,AR,2021,4,2,24601,24700,396
low_income_tax_table,AR,2021,4,2,24701,24800,409
low_income_tax_table,AR,2021,4,2,24801,24900,421
low_income_tax_table,AR,2021,4,2,24901,25000,433
low_income_tax_table,AR,2021,4,2,25001,25100,446
low_income_tax_table,AR,2021,4,2,25101,25200,458
low_income_tax_table,AR,2021,4,2,25201,25300,471
low_income_tax_table,AR,2021,4,2,25301,25400,483
low_income_tax_table,AR,2021,4,2,25401,25500,495
low_income_tax_table,AR,2021,4,2,25501,25600,508
low_income_tax_table,AR,2021,4,2,25601,25700,520
low_income_tax_table,AR,2021,4,2,25701,25800,533
low_income_tax_table,AR,2021,4,2,25801,25900,732
low_income_tax_table,AR,2021,4,2,25901,26000,746
low_income_tax_table_max,AR,2021,4,2,-Inf,Inf,26000
low_income_tax_table,AR,2021,2,0,0,22015,0
low_income_tax_table,AR,2021,2,0,22016,22100,70
low_income_tax_table,AR,2021,2,0,22101,22200,80
low_income_tax_table,AR,2021,2,0,22201,22300,91
low_income_tax_table,AR,2021,2,0,22301,22400,101
low_income_tax_table,AR,2021,2,0,22401,22500,112
low_income_tax_table,AR,2021,2,0,22501,22600,122
low_income_tax_table,AR,2021,2,0,22601,22700,132
low_income_tax_table,AR,2021,2,0,22701,22800,143
low_income_tax_table,AR,2021,2,0,22801,22900,153
low_income_tax_table,AR,2021,2,0,22901,23000,164
low_income_tax_table,AR,2021,2,0,23001,23100,174
low_income_tax_table,AR,2021,2,0,23101,23200,184
low_income_tax_table,AR,2021,2,0,23201,23300,195
low_income_tax_table,AR,2021,2,0,23301,23400,205
low_income_tax_table,AR,2021,2,0,23401,23500,216
low_income_tax_table,AR,2021,2,0,23501,23600,226
low_income_tax_table,AR,2021,2,0,23601,23700,236
low_income_tax_table,AR,2021,2,0,23701,23800,247
low_income_tax_table,AR,2021,2,0,23801,23900,257
low_income_tax_table,AR,2021,2,0,23901,24000,268
low_income_tax_table,AR,2021,2,0,24001,24100,278
low_income_tax_table,AR,2021,2,0,24101,24200,288
low_income_tax_table,AR,2021,2,0,24201,24300,299
low_income_tax_table,AR,2021,2,0,24301,24400,309
low_income_tax_table,AR,2021,2,0,24401,24500,320
low_income_tax_table,AR,2021,2,0,24501,24600,330
low_income_tax_table,AR,2021,2,0,24601,24700,340
low_income_tax_table,AR,2021,2,0,24701,24800,351
low_income_tax_table,AR,2021,2,0,24801,24900,361
low_income_tax_table,AR,2021,2,0,24901,25000,372
low_income_tax_table,AR,2021,2,0,25001,25100,382
low_income_tax_table,AR,2021,2,0,25101,25200,392
low_income_tax_table,AR,2021,2,0,25201,25300,403
low_income_tax_table,AR,2021,2,0,25301,25400,413
low_income_tax_table,AR,2021,2,0,25401,25500,424
low_income_tax_table,AR,2021,2,0,25501,25600,434
low_income_tax_table,AR,2021,2,0,25601,25700,444
low_income_tax_table,AR,2021,2,0,25701,25800,455
low_income_tax_table,AR,2021,2,0,25801,25900,465
low_income_tax_table,AR,2021,2,0,25901,26000,476
low_income_tax_table,AR,2021,2,0,26001,26100,486
low_income_tax_table_max,AR,2021,2,0,-Inf,Inf,26100
low_income_tax_table,AR,2021,2,2,0,26496,0
low_income_tax_table,AR,2021,2,2,26497,26500,100
low_income_tax_table,AR,2021,2,2,26501,26600,110
low_income_tax_table,AR,2021,2,2,26601,26700,120
low_income_tax_table,AR,2021,2,2,26701,26800,131
low_income_tax_table,AR,2021,2,2,26801,26900,141
low_income_tax_table,AR,2021,2,2,26901,27000,152
low_income_tax_table,AR,2021,2,2,27001,27100,162
low_income_tax_table,AR,2021,2,2,27101,27200,172
low_income_tax_table,AR,2021,2,2,27201,27300,183
low_income_tax_table,AR,2021,2,2,27301,27400,193
low_income_tax_table,AR,2021,2,2,27401,27500,204
low_income_tax_table,AR,2021,2,2,27501,27600,214
low_income_tax_table,AR,2021,2,2,27601,27700,224
low_income_tax_table,AR,2021,2,2,27701,27800,235
low_income_tax_table,AR,2021,2,2,27801,27900,245
low_income_tax_table,AR,2021,2,2,27901,28000,256
low_income_tax_table,AR,2021,2,2,28001,28100,453
low_income_tax_table,AR,2021,2,2,28101,28200,465
low_income_tax_table,AR,2021,2,2,28201,28300,477
low_income_tax_table,AR,2021,2,2,28301,28400,489
low_income_tax_table,AR,2021,2,2,28401,28500,501
low_income_tax_table,AR,2021,2,2,28501,28600,513
low_income_tax_table,AR,2021,2,2,28601,28700,525
low_income_tax_table,AR,2021,2,2,28701,28800,537
low_income_tax_table,AR,2021,2,2,28801,28900,549
low_income_tax_table,AR,2021,2,2,28901,29000,561
low_income_tax_table,AR,2021,2,2,29001,29100,573
low_income_tax_table,AR,2021,2,2,29101,29200,585
low_income_tax_table,AR,2021,2,2,29201,29300,597
low_income_tax_table,AR,2021,2,2,29301,29400,609
low_income_tax_table,AR,2021,2,2,29401,29500,621
low_income_tax_table,AR,2021,2,2,29501,29600,633
low_income_tax_table,AR,2021,2,2,29601,29700,645
low_income_tax_table,AR,2021,2,2,29701,29800,657
low_income_tax_table,AR,2021,2,2,29801,29900,669
low_income_tax_table,AR,2021,2,2,29901,30000,681
low_income_tax_table,AR,2021,2,2,30001,30100,693
low_income_tax_table,AR,2021,2,2,30101,30200,705
low_income_tax_table,AR,2021,2,2,30201,30300,717
low_income_tax_table,AR,2021,2,2,30301,30400,729
low_income_tax_table,AR,2021,2,2,30401,30500,741
low_income_tax_table,AR,2021,2,2,30501,30600,753
low_income_tax_table,AR,2021,2,2,30601,30700,765
low_income_tax_table,AR,2021,2,2,30701,30800,777
low_income_tax_table,AR,2021,2,2,30801,30900,789
low_income_tax_table,AR,2021,2,2,30901,31000,801
low_income_tax_table,AR,2021,2,2,31001,31100,813
low_income_tax_table,AR,2021,2,2,31101,31200,825
low_income_tax_table,AR,2021,2,2,31201,31300,837
low_income_tax_table,AR,2021,2,2,31301,31400,849
low_income_tax_table,AR,2021,2,2,31401,31500,861
low_income_tax_table,AR,2021,2,2,31501,31600,873
low_income_tax_table,AR,2021,2,2,31601,31700,885
low_income_tax_table,AR,2021,2,2,31701,31800,897
low_income_tax_table,AR,2021,2,2,31801,31900,909
low_income_tax_table,AR,2021,2,2,31901,32000,921
low_income_tax_table,AR,2021,2,2,32001,32100,933
low_income_tax_table,AR,2021,2,2,32101,32200,945
low_income_tax_table_max,AR,2021,2,2,-Inf,Inf,32200
low_income_tax_table,AR,2022,1,0,0,13446,0
low_income_tax_table,AR,2022,1,0,13447,13500,26
low_income_tax_table,AR,2022,1,0,13501,13600,33
low_income_tax_table,AR,2022,1,0,13601,13700,40
low_income_tax_table,AR,2022,1,0,13701,13800,47
low_income_tax_table,AR,2022,1,0,13801,13900,54
low_income_tax_table,AR,2022,1,0,13901,14000,61
low_income_tax_table,AR,2022,1,0,14001,14100,68
low_income_tax_table,AR,2022,1,0,14101,14200,75
low_income_tax_table,AR,2022,1,0,14201,14300,82
low_income_tax_table,AR,2022,1,0,14301,14400,89
low_income_tax_table,AR,2022,1,0,14401,14500,96
low_income_tax_table,AR,2022,1,0,14501,14600,103
low_income_tax_table,AR,2022,1,0,14601,14700,110
low_income_tax_table,AR,2022,1,0,14701,14800,117
low_income_tax_table,AR,2022,1,0,14801,14900,124
low_income_tax_table,AR,2022,1,0,14901,15000,131
low_income_tax_table,AR,2022,1,0,15001,15100,138
low_income_tax_table,AR,2022,1,0,15101,15200,145
low_income_tax_table,AR,2022,1,0,15201,15300,152
low_income_tax_table,AR,2022,1,0,15301,15400,159
low_income_tax_table,AR,2022,1,0,15401,15500,166
low_income_tax_table,AR,2022,1,0,15501,15600,173
low_income_tax_table,AR,2022,1,0,15601,15700,180
low_income_tax_table,AR,2022,1,0,15701,15800,187
low_income_tax_table,AR,2022,1,0,15801,15900,194
low_income_tax_table,AR,2022,1,0,15901,16000,201
low_income_tax_table_max,AR,2022,1,0,-Inf,Inf,16000
low_income_tax_table,AR,2022,4,0,0,19117,0
low_income_tax_table,AR,2022,4,0,19118,19200,62
low_income_tax_table,AR,2022,4,0,19201,19300,72
low_income_tax_table,AR,2022,4,0,19301,19400,81
low_income_tax_table,AR,2022,4,0,19401,19500,90
low_income_tax_table,AR,2022,4,0,19501,19600,100
low_income_tax_table,AR,2022,4,0,19601,19700,109
low_income_tax_table,AR,2022,4,0,19701,19800,119
low_income_tax_table,AR,2022,4,0,19801,19900,128
low_income_tax_table,AR,2022,4,0,19901,20000,137
low_income_tax_table,AR,2022,4,0,20001,20100,147
low_income_tax_table,AR,2022,4,0,20101,20200,156
low_income_tax_table,AR,2022,4,0,20201,20300,166
low_income_tax_table,AR,2022,4,0,20301,20400,175
low_income_tax_table,AR,2022,4,0,20401,20500,184
low_income_tax_table,AR,2022,4,0,20501,20600,194
low_income_tax_table,AR,2022,4,0,20601,20700,203
low_income_tax_table,AR,2022,4,0,20701,20800,213
low_income_tax_table,AR,2022,4,0,20801,20900,222
low_income_tax_table,AR,2022,4,0,20901,21000,231
low_income_tax_table,AR,2022,4,0,21001,21100,241
low_income_tax_table,AR,2022,4,0,21101,21200,250
low_income_tax_table,AR,2022,4,0,21201,21300,260
low_income_tax_table,AR,2022,4,0,21301,21400,269
low_income_tax_table,AR,2022,4,0,21401,21500,278
low_income_tax_table,AR,2022,4,0,21501,21600,288
low_income_tax_table,AR,2022,4,0,21601,21700,297
low_income_tax_table,AR,2022,4,0,21701,21800,307
low_income_tax_table,AR,2022,4,0,21801,21900,316
low_income_tax_table,AR,2022,4,0,21901,22000,325
low_income_tax_table,AR,2022,4,0,22001,22100,335
low_income_tax_table,AR,2022,4,0,22101,22200,344
low_income_tax_table,AR,2022,4,0,22201,22300,354
low_income_tax_table,AR,2022,4,0,22301,22400,363
low_income_tax_table,AR,2022,4,0,22401,22500,372
low_income_tax_table,AR,2022,4,0,22501,22600,382
low_income_tax_table,AR,2022,4,0,22601,22700,391
low_income_tax_table,AR,2022,4,0,22701,22800,401
low_income_tax_table,AR,2022,4,0,22801,22900,410
low_income_tax_table,AR,2022,4,0,22901,23000,419
low_income_tax_table,AR,2022,4,0,23001,23100,429
low_income_tax_table,AR,2022,4,0,23101,23200,438
low_income_tax_table,AR,2022,4,0,23201,23300,448
low_income_tax_table_max,AR,2022,4,0,-Inf,Inf,23300
low_income_tax_table,AR,2022,4,2,0,22789,0
low_income_tax_table,AR,2022,4,2,22790,22800,86
low_income_tax_table,AR,2022,4,2,22801,22900,98
low_income_tax_table,AR,2022,4,2,22901,23000,110
low_income_tax_table,AR,2022,4,2,23001,23100,123
low_income_tax_table,AR,2022,4,2,23101,23200,135
low_income_tax_table,AR,2022,4,2,23201,23300,148
low_income_tax_table,AR,2022,4,2,23301,23400,160
low_income_tax_table,AR,2022,4,2,23401,23500,172
low_income_tax_table,AR,2022,4,2,23501,23600,185
low_income_tax_table,AR,2022,4,2,23601,23700,197
low_income_tax_table,AR,2022,4,2,23701,23800,210
low_income_tax_table,AR,2022,4,2,23801,23900,222
low_income_tax_table,AR,2022,4,2,23901,24000,234
low_income_tax_table,AR,2022,4,2,24001,24100,247
low_income_tax_table,AR,2022,4,2,24101,24200,259
low_income_tax_table,AR,2022,4,2,24201,24300,272
low_income_tax_table,AR,2022,4,2,24301,24400,284
low_income_tax_table,AR,2022,4,2,24401,24500,296
low_income_tax_table,AR,2022,4,2,24501,24600,309
low_income_tax_table,AR,2022,4,2,24601,24700,321
low_income_tax_table,AR,2022,4,2,24701,24800,334
low_income_tax_table,AR,2022,4,2,24801,24900,346
low_income_tax_table,AR,2022,4,2,24901,25000,358
low_income_tax_table,AR,2022,4,2,25001,25100,371
low_income_tax_table,AR,2022,4,2,25101,25200,383
low_income_tax_table,AR,2022,4,2,25201,25300,396
low_income_tax_table,AR,2022,4,2,25301,25400,408
low_income_tax_table,AR,2022,4,2,25401,25500,420
low_income_tax_table,AR,2022,4,2,25501,25600,433
low_income_tax_table,AR,2022,4,2,25601,25700,445
low_income_tax_table,AR,2022,4,2,25701,25800,458
low_income_tax_table,AR,2022,4,2,25801,25900,470
low_income_tax_table,AR,2022,4,2,25901,26000,482
low_income_tax_table,AR,2022,4,2,26001,26100,495
low_income_tax_table,AR,2022,4,2,26101,26200,507
low_income_tax_table,AR,2022,4,2,26201,26300,520
low_income_tax_table,AR,2022,4,2,26301,26400,532
low_income_tax_table,AR,2022,4,2,26401,26500,544
low_income_tax_table,AR,2022,4,2,26501,26600,557
low_income_tax_table_max,AR,2022,4,2,-Inf,Inf,26600
low_income_tax_table,AR,2022,2,0,0,22675,0
low_income_tax_table,AR,2022,2,0,22676,22700,71
low_income_tax_table,AR,2022,2,0,22701,22800,82
low_income_tax_table,AR,2022,2,0,22801,22900,92
low_income_tax_table,AR,2022,2,0,22901,23000,103
low_income_tax_table,AR,2022,2,0,23001,23100,113
low_income_tax_table,AR,2022,2,0,23101,23200,123
low_income_tax_table,AR,2022,2,0,23201,23300,134
low_income_tax_table,AR,2022,2,0,23301,23400,144
low_income_tax_table,AR,2022,2,0,23401,23500,155
low_income_tax_table,AR,2022,2,0,23501,23600,165
low_income_tax_table,AR,2022,2,0,23601,23700,175
low_income_tax_table,AR,2022,2,0,23701,23800,186
low_income_tax_table,AR,2022,2,0,23801,23900,196
low_income_tax_table,AR,2022,2,0,23901,24000,207
low_income_tax_table,AR,2022,2,0,24001,24100,217
low_income_tax_table,AR,2022,2,0,24101,24200,227
low_income_tax_table,AR,2022,2,0,24201,24300,238
low_income_tax_table,AR,2022,2,0,24301,24400,248
low_income_tax_table,AR,2022,2,0,24401,24500,259
low_income_tax_table,AR,2022,2,0,24501,24600,269
low_income_tax_table,AR,2022,2,0,24601,24700,279
low_income_tax_table,AR,2022,2,0,24701,24800,290
low_income_tax_table,AR,2022,2,0,24801,24900,300
low_income_tax_table,AR,2022,2,0,24901,25000,311
low_income_tax_table,AR,2022,2,0,25001,25100,321
low_income_tax_table,AR,2022,2,0,25101,25200,331
low_income_tax_table,AR,2022,2,0,25201,25300,342
low_income_tax_table,AR,2022,2,0,25301,25400,352
low_income_tax_table,AR,2022,2,0,25401,25500,363
low_income_tax_table,AR,2022,2,0,25501,25600,373
low_income_tax_table,AR,2022,2,0,25601,25700,383
low_income_tax_table,AR,2022,2,0,25701,25800,394
low_income_tax_table,AR,2022,2,0,25801,25900,404
low_income_tax_table,AR,2022,2,0,25901,26000,415
low_income_tax_table,AR,2022,2,0,26001,26100,425
low_income_tax_table,AR,2022,2,0,26101,26200,435
low_income_tax_table,AR,2022,2,0,26201,26300,446
low_income_tax_table,AR,2022,2,0,26301,26400,456
low_income_tax_table,AR,2022,2,0,26401,26500,467
low_income_tax_table,AR,2022,2,0,26501,26600,477
low_income_tax_table,AR,2022,2,0,26601,26700,487
low_income_tax_table_max,AR,2022,2,0,-Inf,Inf,26700
low_income_tax_table,AR,2022,2,2,0,27291,0
low_income_tax_table,AR,2022,2,2,27292,27300,102
low_income_tax_table,AR,2022,2,2,27301,27400,112
low_income_tax_table,AR,2022,2,2,27401,27500,123
low_income_tax_table,AR,2022,2,2,27501,27600,133
low_income_tax_table,AR,2022,2,2,27601,27700,143
low_income_tax_table,AR,2022,2,2,27701,27800,154
low_income_tax_table,AR,2022,2,2,27801,27900,164
low_income_tax_table,AR,2022,2,2,27901,28000,175
low_income_tax_table,AR,2022,2,2,28001,28100,185
low_income_tax_table,AR,2022,2,2,28101,28200,195
low_income_tax_table,AR,2022,2,2,28201,28300,206
low_income_tax_table,AR,2022,2,2,28301,28400,216
low_income_tax_table,AR,2022,2,2,28401,28500,227
low_income_tax_table,AR,2022,2,2,28501,28600,237
low_income_tax_table,AR,2022,2,2,28601,28700,247
low_income_tax_table,AR,2022,2,2,28701,28800,258
low_income_tax_table,AR,2022,2,2,28801,28900,269
low_income_tax_table,AR,2022,2,2,28901,29000,281
low_income_tax_table,AR,2022,2,2,29001,29100,293
low_income_tax_table,AR,2022,2,2,29101,29200,305
low_income_tax_table,AR,2022,2,2,29201,29300,316
low_income_tax_table,AR,2022,2,2,29301,29400,328
low_income_tax_table,AR,2022,2,2,29401,29500,340
low_income_tax_table,AR,2022,2,2,29501,29600,352
low_income_tax_table,AR,2022,2,2,29601,29700,364
low_income_tax_table,AR,2022,2,2,29701,29800,376
low_income_tax_table,AR,2022,2,2,29801,29900,388
low_income_tax_table,AR,2022,2,2,29901,30000,400
low_income_tax_table,AR,2022,2,2,30001,30100,412
low_income_tax_table,AR,2022,2,2,30101,30200,424
low_income_tax_table,AR,2022,2,2,30201,30300,435
low_income_tax_table,AR,2022,2,2,30301,30400,447
low_income_tax_table,AR,2022,2,2,30401,30500,459
low_income_tax_table,AR,2022,2,2,30501,30600,471
low_income_tax_table,AR,2022,2,2,30601,30700,483
low_income_tax_table,AR,2022,2,2,30701,30800,495
low_income_tax_table,AR,2022,2,2,30801,30900,507
low_income_tax_table,AR,2022,2,2,30901,31000,519
low_income_tax_table,AR,2022,2,2,31001,31100,531
low_income_tax_table,AR,2022,2,2,31101,31200,543
low_income_tax_table,AR,2022,2,2,31201,31300,554
low_income_tax_table,AR,2022,2,2,31301,31400,566
low_income_tax_table,AR,2022,2,2,31401,31500,578
low_income_tax_table,AR,2022,2,2,31501,31600,590
low_income_tax_table,AR,2022,2,2,31601,31700,602
low_income_tax_table,AR,2022,2,2,31701,31800,614
low_income_tax_table,AR,2022,2,2,31801,31900,626
low_income_tax_table,AR,2022,2,2,31901,32000,638
low_income_tax_table,AR,2022,2,2,32001,32100,650
low_income_tax_table,AR,2022,2,2,32101,32200,662
low_income_tax_table,AR,2022,2,2,32201,32300,673
low_income_tax_table,AR,2022,2,2,32301,32400,685
low_income_tax_table,AR,2022,2,2,32401,32500,697
low_income_tax_table,AR,2022,2,2,32501,32600,709
low_income_tax_table,AR,2022,2,2,32601,32700,721
low_income_tax_table,AR,2022,2,2,32701,32800,733
low_income_tax_table,AR,2022,2,2,32801,32900,745
low_income_tax_table,AR,2022,2,2,32901,33000,757
low_income_tax_table,AR,2022,2,2,33001,33100,769
low_income_tax_table_max,AR,2022,2,2,-Inf,Inf,33100
low_income_tax_table,AR,2023,1,0,0,13849,0
low_income_tax_table,AR,2023,1,0,13850,13900,27
low_income_tax_table,AR,2023,1,0,13901,14000,34
low_income_tax_table,AR,2023,1,0,14001,14100,41
low_income_tax_table,AR,2023,1,0,14101,14200,48
low_income_tax_table,AR,2023,1,0,14201,14300,55
low_income_tax_table,AR,2023,1,0,14301,14400,62
low_income_tax_table,AR,2023,1,0,14401,14500,69
low_income_tax_table,AR,2023,1,0,14501,14600,76
low_income_tax_table,AR,2023,1,0,14601,14700,83
low_income_tax_table,AR,2023,1,0,14701,14800,90
low_income_tax_table,AR,2023,1,0,14801,14900,97
low_income_tax_table,AR,2023,1,0,14901,15000,104
low_income_tax_table,AR,2023,1,0,15001,15100,111
low_income_tax_table,AR,2023,1,0,15101,15200,118
low_income_tax_table,AR,2023,1,0,15201,15300,125
low_income_tax_table,AR,2023,1,0,15301,15400,132
low_income_tax_table,AR,2023,1,0,15401,15500,139
low_income_tax_table,AR,2023,1,0,15501,15600,146
low_income_tax_table,AR,2023,1,0,15601,15700,153
low_income_tax_table,AR,2023,1,0,15701,15800,160
low_income_tax_table,AR,2023,1,0,15801,15900,167
low_income_tax_table,AR,2023,1,0,15901,16000,174
low_income_tax_table,AR,2023,1,0,16001,16100,181
low_income_tax_table,AR,2023,1,0,16101,16200,188
low_income_tax_table,AR,2023,1,0,16201,16300,195
low_income_tax_table,AR,2023,1,0,16301,16400,202
low_income_tax_table,AR,2023,1,0,16401,16500,209
low_income_tax_table_max,AR,2023,1,0,-Inf,Inf,16500
low_income_tax_table,AR,2023,4,0,0,19691,0
low_income_tax_table,AR,2023,4,0,19692,19700,64
low_income_tax_table,AR,2023,4,0,19701,19800,73
low_income_tax_table,AR,2023,4,0,19801,19900,82
low_income_tax_table,AR,2023,4,0,19901,20000,92
low_income_tax_table,AR,2023,4,0,20001,20100,101
low_income_tax_table,AR,2023,4,0,20101,20200,111
low_income_tax_table,AR,2023,4,0,20201,20300,120
low_income_tax_table,AR,2023,4,0,20301,20400,129
low_income_tax_table,AR,2023,4,0,20401,20500,139
low_income_tax_table,AR,2023,4,0,20501,20600,148
low_income_tax_table,AR,2023,4,0,20601,20700,158
low_income_tax_table,AR,2023,4,0,20701,20800,167
low_income_tax_table,AR,2023,4,0,20801,20900,176
low_income_tax_table,AR,2023,4,0,20901,21000,186
low_income_tax_table,AR,2023,4,0,21001,21100,195
low_income_tax_table,AR,2023,4,0,21101,21200,205
low_income_tax_table,AR,2023,4,0,21201,21300,214
low_income_tax_table,AR,2023,4,0,21301,21400,223
low_income_tax_table,AR,2023,4,0,21401,21500,233
low_income_tax_table,AR,2023,4,0,21501,21600,242
low_income_tax_table,AR,2023,4,0,21601,21700,252
low_income_tax_table,AR,2023,4,0,21701,21800,261
low_income_tax_table,AR,2023,4,0,21801,21900,270
low_income_tax_table,AR,2023,4,0,21901,22000,280
low_income_tax_table,AR,2023,4,0,22001,22100,289
low_income_tax_table,AR,2023,4,0,22101,22200,299
low_income_tax_table,AR,2023,4,0,22201,22300,308
low_income_tax_table,AR,2023,4,0,22301,22400,317
low_income_tax_table,AR,2023,4,0,22401,22500,327
low_income_tax_table,AR,2023,4,0,22501,22600,336
low_income_tax_table,AR,2023,4,0,22601,22700,346
low_income_tax_table,AR,2023,4,0,22701,22800,355
low_income_tax_table,AR,2023,4,0,22801,22900,364
low_income_tax_table,AR,2023,4,0,22901,23000,374
low_income_tax_table,AR,2023,4,0,23001,23100,383
low_income_tax_table,AR,2023,4,0,23101,23200,393
low_income_tax_table,AR,2023,4,0,23201,23300,402
low_income_tax_table,AR,2023,4,0,23301,23400,411
low_income_tax_table,AR,2023,4,0,23401,23500,421
low_income_tax_table,AR,2023,4,0,23501,23600,430
low_income_tax_table,AR,2023,4,0,23601,23700,440
low_income_tax_table,AR,2023,4,0,23701,23800,449
low_income_tax_table,AR,2023,4,0,23801,23900,458
low_income_tax_table_max,AR,2023,4,0,-Inf,Inf,23900
low_income_tax_table,AR,2023,4,2,0,23472,0
low_income_tax_table,AR,2023,4,2,23473,23500,89
low_income_tax_table,AR,2023,4,2,23501,23600,102
low_income_tax_table,AR,2023,4,2,23601,23700,114
low_income_tax_table,AR,2023,4,2,23701,23800,127
low_income_tax_table,AR,2023,4,2,23801,23900,139
low_income_tax_table,AR,2023,4,2,23901,24000,151
low_income_tax_table,AR,2023,4,2,24001,24100,164
low_income_tax_table,AR,2023,4,2,24101,24200,176
low_income_tax_table,AR,2023,4,2,24201,24300,189
low_income_tax_table,AR,2023,4,2,24301,24400,201
low_income_tax_table,AR,2023,4,2,24401,24500,213
low_income_tax_table,AR,2023,4,2,24501,24600,226
low_income_tax_table,AR,2023,4,2,24601,24700,238
low_income_tax_table,AR,2023,4,2,24701,24800,251
low_income_tax_table,AR,2023,4,2,24801,24900,263
low_income_tax_table,AR,2023,4,2,24901,25000,275
low_income_tax_table,AR,2023,4,2,25001,25100,288
low_income_tax_table,AR,2023,4,2,25101,25200,300
low_income_tax_table,AR,2023,4,2,25201,25300,313
low_income_tax_table,AR,2023,4,2,25301,25400,325
low_income_tax_table,AR,2023,4,2,25401,25500,337
low_income_tax_table,AR,2023,4,2,25501,25600,350
low_income_tax_table,AR,2023,4,2,25601,25700,362
low_income_tax_table,AR,2023,4,2,25701,25800,375
low_income_tax_table,AR,2023,4,2,25801,25900,387
low_income_tax_table,AR,2023,4,2,25901,26000,399
low_income_tax_table,AR,2023,4,2,26001,26100,412
low_income_tax_table,AR,2023,4,2,26101,26200,424
low_income_tax_table,AR,2023,4,2,26201,26300,437
low_income_tax_table,AR,2023,4,2,26301,26400,449
low_income_tax_table,AR,2023,4,2,26401,26500,461
low_income_tax_table,AR,2023,4,2,26501,26600,474
low_income_tax_table,AR,2023,4,2,26601,26700,486
low_income_tax_table,AR,2023,4,2,26701,26800,499
low_income_tax_table,AR,2023,4,2,26801,26900,511
low_income_tax_table,AR,2023,4,2,26901,27000,523
low_income_tax_table,AR,2023,4,2,27001,27100,536
low_income_tax_table,AR,2023,4,2,27101,27200,548
low_income_tax_table,AR,2023,4,2,27201,27300,561
low_income_tax_table,AR,2023,4,2,27301,27400,574
low_income_tax_table_max,AR,2023,4,2,-Inf,Inf,27400
low_income_tax_table,AR,2023,2,0,0,23356,0
low_income_tax_table,AR,2023,2,0,23357,23400,72
low_income_tax_table,AR,2023,2,0,23401,23500,83
low_income_tax_table,AR,2023,2,0,23501,23600,93
low_income_tax_table,AR,2023,2,0,23601,23700,104
low_income_tax_table,AR,2023,2,0,23701,23800,114
low_income_tax_table,AR,2023,2,0,23801,23900,124
low_income_tax_table,AR,2023,2,0,23901,24000,135
low_income_tax_table,AR,2023,2,0,24001,24100,145
low_income_tax_table,AR,2023,2,0,24101,24200,156
low_income_tax_table,AR,2023,2,0,24201,24300,166
low_income_tax_table,AR,2023,2,0,24301,24400,176
low_income_tax_table,AR,2023,2,0,24401,24500,187
low_income_tax_table,AR,2023,2,0,24501,24600,197
low_income_tax_table,AR,2023,2,0,24601,24700,208
low_income_tax_table,AR,2023,2,0,24701,24800,218
low_income_tax_table,AR,2023,2,0,24801,24900,228
low_income_tax_table,AR,2023,2,0,24901,25000,239
low_income_tax_table,AR,2023,2,0,25001,25100,249
low_income_tax_table,AR,2023,2,0,25101,25200,260
low_income_tax_table,AR,2023,2,0,25201,25300,270
low_income_tax_table,AR,2023,2,0,25301,25400,280
low_income_tax_table,AR,2023,2,0,25401,25500,291
low_income_tax_table,AR,2023,2,0,25501,25600,301
low_income_tax_table,AR,2023,2,0,25601,25700,312
low_income_tax_table,AR,2023,2,0,25701,25800,322
low_income_tax_table,AR,2023,2,0,25801,25900,332
low_income_tax_table,AR,2023,2,0,25901,26000,343
low_income_tax_table,AR,2023,2,0,26001,26100,353
low_income_tax_table,AR,2023,2,0,26101,26200,364
low_income_tax_table,AR,2023,2,0,26201,26300,374
low_income_tax_table,AR,2023,2,0,26301,26400,384
low_income_tax_table,AR,2023,2,0,26401,26500,395
low_income_tax_table,AR,2023,2,0,26501,26600,405
low_income_tax_table,AR,2023,2,0,26601,26700,416
low_income_tax_table,AR,2023,2,0,26701,26800,426
low_income_tax_table,AR,2023,2,0,26801,26900,436
low_income_tax_table,AR,2023,2,0,26901,27000,447
low_income_tax_table,AR,2023,2,0,27001,27100,457
low_income_tax_table,AR,2023,2,0,27101,27200,468
low_income_tax_table,AR,2023,2,0,27201,27300,478
low_income_tax_table,AR,2023,2,0,27301,27400,488
low_income_tax_table,AR,2023,2,0,27401,27500,499
low_income_tax_table_max,AR,2023,2,0,-Inf,Inf,27500
low_income_tax_table,AR,2023,2,2,0,28110,0
low_income_tax_table,AR,2023,2,2,28111,28200,105
low_income_tax_table,AR,2023,2,2,28201,28300,115
low_income_tax_table,AR,2023,2,2,28301,28400,126
low_income_tax_table,AR,2023,2,2,28401,28500,136
low_income_tax_table,AR,2023,2,2,28501,28600,147
low_income_tax_table,AR,2023,2,2,28601,28700,157
low_income_tax_table,AR,2023,2,2,28701,28800,167
low_income_tax_table,AR,2023,2,2,28801,28900,178
low_income_tax_table,AR,2023,2,2,28901,29000,188
low_income_tax_table,AR,2023,2,2,29001,29100,199
low_income_tax_table,AR,2023,2,2,29101,29200,209
low_income_tax_table,AR,2023,2,2,29201,29300,219
low_income_tax_table,AR,2023,2,2,29301,29400,230
low_income_tax_table,AR,2023,2,2,29401,29500,240
low_income_tax_table,AR,2023,2,2,29501,29600,251
low_income_tax_table,AR,2023,2,2,29601,29700,261
low_income_tax_table,AR,2023,2,2,29701,29800,272
low_income_tax_table,AR,2023,2,2,29801,29900,284
low_income_tax_table,AR,2023,2,2,29901,30000,295
low_income_tax_table,AR,2023,2,2,30001,30100,307
low_income_tax_table,AR,2023,2,2,30101,30200,319
low_income_tax_table,AR,2023,2,2,30201,30300,331
low_income_tax_table,AR,2023,2,2,30301,30400,342
low_income_tax_table,AR,2023,2,2,30401,30500,354
low_income_tax_table,AR,2023,2,2,30501,30600,366
low_income_tax_table,AR,2023,2,2,30601,30700,377
low_income_tax_table,AR,2023,2,2,30701,30800,389
low_income_tax_table,AR,2023,2,2,30801,30900,401
low_income_tax_table,AR,2023,2,2,30901,31000,412
low_income_tax_table,AR,2023,2,2,31001,31100,424
low_income_tax_table,AR,2023,2,2,31101,31200,436
low_income_tax_table,AR,2023,2,2,31201,31300,448
low_income_tax_table,AR,2023,2,2,31301,31400,459
low_income_tax_table,AR,2023,2,2,31401,31500,471
low_income_tax_table,AR,2023,2,2,31501,31600,483
low_income_tax_table,AR,2023,2,2,31601,31700,494
low_income_tax_table,AR,2023,2,2,31701,31800,506
low_income_tax_table,AR,2023,2,2,31801,31900,518
low_income_tax_table,AR,2023,2,2,31901,32000,529
low_income_tax_table,AR,2023,2,2,32001,32100,541
low_income_tax_table,AR,2023,2,2,32101,32200,553
low_income_tax_table,AR,2023,2,2,32201,32300,565
low_income_tax_table,AR,2023,2,2,32301,32400,576
low_income_tax_table,AR,2023,2,2,32401,32500,588
low_income_tax_table,AR,2023,2,2,32501,32600,600
low_income_tax_table,AR,2023,2,2,32601,32700,611
low_income_tax_table,AR,2023,2,2,32701,32800,623
low_income_tax_table,AR,2023,2,2,32801,32900,635
low_income_tax_table,AR,2023,2,2,32901,33000,646
low_income_tax_table,AR,2023,2,2,33001,33100,658
low_income_tax_table,AR,2023,2,2,33101,33200,670
low_income_tax_table,AR,2023,2,2,33201,33300,682
low_income_tax_table,AR,2023,2,2,33301,33400,693
low_income_tax_table,AR,2023,2,2,33401,33500,705
low_income_tax_table,AR,2023,2,2,33501,33600,717
low_income_tax_table,AR,2023,2,2,33601,33700,728
low_income_tax_table,AR,2023,2,2,33701,33800,740
low_income_tax_table,AR,2023,2,2,33801,33900,752
low_income_tax_table,AR,2023,2,2,33901,34000,763
low_income_tax_table,AR,2023,2,2,34001,34100,775
low_income_tax_table_max,AR,2023,2,2,-Inf,Inf,34100
low_income_tax_table,AR,2024,1,0,0,14265,0
low_income_tax_table,AR,2024,1,0,14266,14300,27
low_income_tax_table,AR,2024,1,0,14301,14400,34
low_income_tax_table,AR,2024,1,0,14401,14500,41
low_income_tax_table,AR,2024,1,0,14501,14600,48
low_income_tax_table,AR,2024,1,0,14601,14700,55
low_income_tax_table,AR,2024,1,0,14701,14800,62
low_income_tax_table,AR,2024,1,0,14801,14900,69
low_income_tax_table,AR,2024,1,0,14901,15000,76
low_income_tax_table,AR,2024,1,0,15001,15100,83
low_income_tax_table,AR,2024,1,0,15101,15200,90
low_income_tax_table,AR,2024,1,0,15201,15300,97
low_income_tax_table,AR,2024,1,0,15301,15400,104
low_income_tax_table,AR,2024,1,0,15401,15500,111
low_income_tax_table,AR,2024,1,0,15501,15600,118
low_income_tax_table,AR,2024,1,0,15601,15700,125
low_income_tax_table,AR,2024,1,0,15701,15800,132
low_income_tax_table,AR,2024,1,0,15801,15900,139
low_income_tax_table,AR,2024,1,0,15901,16000,146
low_income_tax_table,AR,2024,1,0,16001,16100,153
low_income_tax_table,AR,2024,1,0,16101,16200,160
low_income_tax_table,AR,2024,1,0,16201,16300,167
low_income_tax_table,AR,2024,1,0,16301,16400,174
low_income_tax_table,AR,2024,1,0,16401,16500,181
low_income_tax_table,AR,2024,1,0,16501,16600,188
low_income_tax_table,AR,2024,1,0,16601,16700,195
low_income_tax_table,AR,2024,1,0,16701,16800,202
low_income_tax_table,AR,2024,1,0,16801,16900,209
low_income_tax_table,AR,2024,1,0,16901,17000,216
low_income_tax_table_max,AR,2024,1,0,-Inf,Inf,17000
low_income_tax_table,AR,2024,4,0,0,20282,0
low_income_tax_table,AR,2024,4,0,20283,20300,65
low_income_tax_table,AR,2024,4,0,20301,20400,75
low_income_tax_table,AR,2024,4,0,20401,20500,84
low_income_tax_table,AR,2024,4,0,20501,20600,93
low_income_tax_table,AR,2024,4,0,20601,20700,103
low_income_tax_table,AR,2024,4,0,20701,20800,112
low_income_tax_table,AR,2024,4,0,20801,20900,122
low_income_tax_table,AR,2024,4,0,20901,21000,131
low_income_tax_table,AR,2024,4,0,21001,21100,140
low_income_tax_table,AR,2024,4,0,21101,21200,150
low_income_tax_table,AR,2024,4,0,21201,21300,159
low_income_tax_table,AR,2024,4,0,21301,21400,169
low_income_tax_table,AR,2024,4,0,21401,21500,178
low_income_tax_table,AR,2024,4,0,21501,21600,187
low_income_tax_table,AR,2024,4,0,21601,21700,197
low_income_tax_table,AR,2024,4,0,21701,21800,206
low_income_tax_table,AR,2024,4,0,21801,21900,216
low_income_tax_table,AR,2024,4,0,21901,22000,225
low_income_tax_table,AR,2024,4,0,22001,22100,234
low_income_tax_table,AR,2024,4,0,22101,22200,244
low_income_tax_table,AR,2024,4,0,22201,22300,253
low_income_tax_table,AR,2024,4,0,22301,22400,263
low_income_tax_table,AR,2024,4,0,22401,22500,272
low_income_tax_table,AR,2024,4,0,22501,22600,281
low_income_tax_table,AR,2024,4,0,22601,22700,291
low_income_tax_table,AR,2024,4,0,22701,22800,300
low_income_tax_table,AR,2024,4,0,22801,22900,310
low_income_tax_table,AR,2024,4,0,22901,23000,319
low_income_tax_table,AR,2024,4,0,23001,23100,328
low_income_tax_table,AR,2024,4,0,23101,23200,338
low_income_tax_table,AR,2024,4,0,23201,23300,347
low_income_tax_table,AR,2024,4,0,23301,23400,357
low_income_tax_table,AR,2024,4,0,23401,23500,366
low_income_tax_table,AR,2024,4,0,23501,23600,375
low_income_tax_table,AR,2024,4,0,23601,23700,385
low_income_tax_table,AR,2024,4,0,23701,23800,394
low_income_tax_table,AR,2024,4,0,23801,23900,404
low_income_tax_table,AR,2024,4,0,23901,24000,413
low_income_tax_table,AR,2024,4,0,24001,24100,422
low_income_tax_table,AR,2024,4,0,24101,24200,432
low_income_tax_table,AR,2024,4,0,24201,24300,441
low_income_tax_table,AR,2024,4,0,24301,24400,451
low_income_tax_table,AR,2024,4,0,24401,24500,460
low_income_tax_table,AR,2024,4,0,24501,24600,469
low_income_tax_table_max,AR,2024,4,0,-Inf,Inf,24600
low_income_tax_table,AR,2024,4,2,0,24176,0
low_income_tax_table,AR,2024,4,2,24177,24200,92
low_income_tax_table,AR,2024,4,2,24201,24300,104
low_income_tax_table,AR,2024,4,2,24301,24400,116
low_income_tax_table,AR,2024,4,2,24401,24500,129
low_income_tax_table,AR,2024,4,2,24501,24600,141
low_income_tax_table,AR,2024,4,2,24601,24700,154
low_income_tax_table,AR,2024,4,2,24701,24800,166
low_income_tax_table,AR,2024,4,2,24801,24900,178
low_income_tax_table,AR,2024,4,2,24901,25000,191
low_income_tax_table,AR,2024,4,2,25001,25100,203
low_income_tax_table,AR,2024,4,2,25101,25200,216
low_income_tax_table,AR,2024,4,2,25201,25300,228
low_income_tax_table,AR,2024,4,2,25301,25400,240
low_income_tax_table,AR,2024,4,2,25401,25500,253
low_income_tax_table,AR,2024,4,2,25501,25600,265
low_income_tax_table,AR,2024,4,2,25601,25700,278
low_income_tax_table,AR,2024,4,2,25701,25800,290
low_income_tax_table,AR,2024,4,2,25801,25900,302
low_income_tax_table,AR,2024,4,2,25901,26000,315
low_income_tax_table,AR,2024,4,2,26001,26100,327
low_income_tax_table,AR,2024,4,2,26101,26200,340
low_income_tax_table,AR,2024,4,2,26201,26300,352
low_income_tax_table,AR,2024,4,2,26301,26400,364
low_income_tax_table,AR,2024,4,2,26401,26500,377
low_income_tax_table,AR,2024,4,2,26501,26600,389
low_income_tax_table,AR,2024,4,2,26601,26700,402
low_income_tax_table,AR,2024,4,2,26701,26800,414
low_income_tax_table,AR,2024,4,2,26801,26900,426
low_income_tax_table,AR,2024,4,2,26901,27000,439
low_income_tax_table,AR,2024,4,2,27001,27100,451
low_income_tax_table,AR,2024,4,2,27101,27200,464
low_income_tax_table,AR,2024,4,2,27201,27300,476
low_income_tax_table,AR,2024,4,2,27301,27400,488
low_income_tax_table,AR,2024,4,2,27401,27500,501
low_income_tax_table,AR,2024,4,2,27501,27600,513
low_income_tax_table,AR,2024,4,2,27601,27700,526
low_income_tax_table,AR,2024,4,2,27701,27800,538
low_income_tax_table,AR,2024,4,2,27801,27900,550
low_income_tax_table,AR,2024,4,2,27901,28000,563
low_income_tax_table,AR,2024,4,2,28001,28100,575
low_income_tax_table,AR,2024,4,2,28101,28200,588
low_income_tax_table_max,AR,2024,4,2,-Inf,Inf,28200
low_income_tax_table,AR,2024,2,0,0,24057,0
low_income_tax_table,AR,2024,2,0,24058,24100,75
low_income_tax_table,AR,2024,2,0,24101,24200,85
low_income_tax_table,AR,2024,2,0,24201,24300,95
low_income_tax_table,AR,2024,2,0,24301,24400,106
low_income_tax_table,AR,2024,2,0,24401,24500,116
low_income_tax_table,AR,2024,2,0,24501,24600,127
low_income_tax_table,AR,2024,2,0,24601,24700,137
low_income_tax_table,AR,2024,2,0,24701,24800,147
low_income_tax_table,AR,2024,2,0,24801,24900,158
low_income_tax_table,AR,2024,2,0,24901,25000,168
low_income_tax_table,AR,2024,2,0,25001,25100,179
low_income_tax_table,AR,2024,2,0,25101,25200,189
low_income_tax_table,AR,2024,2,0,25201,25300,199
low_income_tax_table,AR,2024,2,0,25301,25400,210
low_income_tax_table,AR,2024,2,0,25401,25500,220
low_income_tax_table,AR,2024,2,0,25501,25600,231
low_income_tax_table,AR,2024,2,0,25601,25700,241
low_income_tax_table,AR,2024,2,0,25701,25800,251
low_income_tax_table,AR,2024,2,0,25801,25900,262
low_income_tax_table,AR,2024,2,0,25901,26000,272
low_income_tax_table,AR,2024,2,0,26001,26100,283
low_income_tax_table,AR,2024,2,0,26101,26200,293
low_income_tax_table,AR,2024,2,0,26201,26300,303
low_income_tax_table,AR,2024,2,0,26301,26400,314
low_income_tax_table,AR,2024,2,0,26401,26500,324
low_income_tax_table,AR,2024,2,0,26501,26600,335
low_income_tax_table,AR,2024,2,0,26601,26700,345
low_income_tax_table,AR,2024,2,0,26701,26800,355
low_income_tax_table,AR,2024,2,0,26801,26900,366
low_income_tax_table,AR,2024,2,0,26901,27000,376
low_income_tax_table,AR,2024,2,0,27001,27100,387
low_income_tax_table,AR,2024,2,0,27101,27200,397
low_income_tax_table,AR,2024,2,0,27201,27300,407
low_income_tax_table,AR,2024,2,0,27301,27400,418
low_income_tax_table,AR,2024,2,0,27401,27500,428
low_income_tax_table,AR,2024,2,0,27501,27600,439
low_income_tax_table,AR,2024,2,0,27601,27700,449
low_income_tax_table,AR,2024,2,0,27701,27800,459
low_income_tax_table,AR,2024,2,0,27801,27900,470
low_income_tax_table,AR,2024,2,0,27901,28000,480
low_income_tax_table,AR,2024,2,0,28001,28100,491
low_income_tax_table,AR,2024,2,0,28101,28200,501
low_income_tax_table,AR,2024,2,0,28201,28300,511
low_income_tax_table_max,AR,2024,2,0,-Inf,Inf,28300
low_income_tax_table,AR,2024,2,2,0,28953,0
low_income_tax_table,AR,2024,2,2,28954,29000,108
low_income_tax_table,AR,2024,2,2,29001,29100,118
low_income_tax_table,AR,2024,2,2,29101,29200,129
low_income_tax_table,AR,2024,2,2,29201,29300,139
low_income_tax_table,AR,2024,2,2,29301,29400,150
low_income_tax_table,AR,2024,2,2,29401,29500,160
low_income_tax_table,AR,2024,2,2,29501,29600,170
low_income_tax_table,AR,2024,2,2,29601,29700,181
low_income_tax_table,AR,2024,2,2,29701,29800,191
low_income_tax_table,AR,2024,2,2,29801,29900,202
low_income_tax_table,AR,2024,2,2,29901,30000,212
low_income_tax_table,AR,2024,2,2,30001,30100,222
low_income_tax_table,AR,2024,2,2,30101,30200,233
low_income_tax_table,AR,2024,2,2,30201,30300,243
low_income_tax_table,AR,2024,2,2,30301,30400,254
low_income_tax_table,AR,2024,2,2,30401,30500,264
low_income_tax_table,AR,2024,2,2,30501,30600,275
low_income_tax_table,AR,2024,2,2,30601,30700,286
low_income_tax_table,AR,2024,2,2,30701,30800,296
low_income_tax_table,AR,2024,2,2,30801,30900,307
low_income_tax_table,AR,2024,2,2,30901,31000,318
low_income_tax_table,AR,2024,2,2,31001,31100,329
low_income_tax_table,AR,2024,2,2,31101,31200,340
low_income_tax_table,AR,2024,2,2,31201,31300,351
low_income_tax_table,AR,2024,2,2,31301,31400,362
low_income_tax_table,AR,2024,2,2,31401,31500,373
low_income_tax_table,AR,2024,2,2,31501,31600,384
low_income_tax_table,AR,2024,2,2,31601,31700,395
low_income_tax_table,AR,2024,2,2,31701,31800,405
low_income_tax_table,AR,2024,2,2,31801,31900,416
low_income_tax_table,AR,2024,2,2,31901,32000,427
low_income_tax_table,AR,2024,2,2,32001,32100,438
low_income_tax_table,AR,2024,2,2,32101,32200,449
low_income_tax_table,AR,2024,2,2,32201,32300,460
low_income_tax_table,AR,2024,2,2,32301,32400,471
low_income_tax_table,AR,2024,2,2,32401,32500,482
low_income_tax_table,AR,2024,2,2,32501,32600,493
low_income_tax_table,AR,2024,2,2,32601,32700,504
low_income_tax_table,AR,2024,2,2,32701,32800,514
low_income_tax_table,AR,2024,2,2,32801,32900,525
low_income_tax_table,AR,2024,2,2,32901,33000,536
low_income_tax_table,AR,2024,2,2,33001,33100,547
low_income_tax_table,AR,2024,2,2,33101,33200,558
low_income_tax_table,AR,2024,2,2,33201,33300,569
low_income_tax_table,AR,2024,2,2,33301,33400,580
low_income_tax_table,AR,2024,2,2,33401,33500,591
low_income_tax_table,AR,2024,2,2,33501,33600,602
low_income_tax_table,AR,2024,2,2,33601,33700,613
low_income_tax_table,AR,2024,2,2,33701,33800,623
low_income_tax_table,AR,2024,2,2,33801,33900,634
low_income_tax_table,AR,2024,2,2,33901,34000,645
low_income_tax_table,AR,2024,2,2,34001,34100,656
low_income_tax_table,AR,2024,2,2,34101,34200,667
low_income_tax_table,AR,2024,2,2,34201,34300,678
low_income_tax_table,AR,2024,2,2,34301,34400,689
low_income_tax_table,AR,2024,2,2,34401,34500,700
low_income_tax_table,AR,2024,2,2,34501,34600,711
low_income_tax_table,AR,2024,2,2,34601,34700,722
low_income_tax_table,AR,2024,2,2,34701,34800,732
low_income_tax_table,AR,2024,2,2,34801,34900,743
low_income_tax_table,AR,2024,2,2,34901,35000,754
low_income_tax_table,AR,2024,2,2,35001,35100,765
low_income_tax_table_max,AR,2024,2,2,-Inf,Inf,35100
low_income_tax_table,AR,2025,1,0,0,14643,0
low_income_tax_table,AR,2025,1,0,14644,14700,29
low_income_tax_table,AR,2025,1,0,14701,14800,33
low_income_tax_table,AR,2025,1,0,14801,14900,40
low_income_tax_table,AR,2025,1,0,14901,15000,47
low_income_tax_table,AR,2025,1,0,15001,15100,54
low_income_tax_table,AR,2025,1,0,15101,15200,61
low_income_tax_table,AR,2025,1,0,15201,15300,68
low_income_tax_table,AR,2025,1,0,15301,15400,75
low_income_tax_table,AR,2025,1,0,15401,15500,82
low_income_tax_table,AR,2025,1,0,15501,15600,89
low_income_tax_table,AR,2025,1,0,15601,15700,96
low_income_tax_table,AR,2025,1,0,15701,15800,103
low_income_tax_table,AR,2025,1,0,15801,15900,110
low_income_tax_table,AR,2025,1,0,15901,16000,117
low_income_tax_table,AR,2025,1,0,16001,16100,124
low_income_tax_table,AR,2025,1,0,16101,16200,131
low_income_tax_table,AR,2025,1,0,16201,16300,138
low_income_tax_table,AR,2025,1,0,16301,16400,145
low_income_tax_table,AR,2025,1,0,16401,16500,152
low_income_tax_table,AR,2025,1,0,16501,16600,159
low_income_tax_table,AR,2025,1,0,16601,16700,166
low_income_tax_table,AR,2025,1,0,16701,16800,173
low_income_tax_table,AR,2025,1,0,16801,16900,180
low_income_tax_table,AR,2025,1,0,16901,17000,187
low_income_tax_table,AR,2025,1,0,17001,17100,194
low_income_tax_table,AR,2025,1,0,17101,17200,201
low_income_tax_table,AR,2025,1,0,17201,17300,208
low_income_tax_table,AR,2025,1,0,17301,17400,215
low_income_tax_table,AR,2025,1,0,17401,17500,222
low_income_tax_table_max,AR,2025,1,0,-Inf,Inf,17500
low_income_tax_table,AR,2025,4,0,0,20820,0
low_income_tax_table,AR,2025,4,0,20821,20900,67
low_income_tax_table,AR,2025,4,0,20901,21000,77
low_income_tax_table,AR,2025,4,0,21001,21100,86
low_income_tax_table,AR,2025,4,0,21101,21200,95
low_income_tax_table,AR,2025,4,0,21201,21300,105
low_income_tax_table,AR,2025,4,0,21301,21400,114
low_income_tax_table,AR,2025,4,0,21401,21500,124
low_income_tax_table,AR,2025,4,0,21501,21600,133
low_income_tax_table,AR,2025,4,0,21601,21700,142
low_income_tax_table,AR,2025,4,0,21701,21800,152
low_income_tax_table,AR,2025,4,0,21801,21900,161
low_income_tax_table,AR,2025,4,0,21901,22000,171
low_income_tax_table,AR,2025,4,0,22001,22100,180
low_income_tax_table,AR,2025,4,0,22101,22200,189
low_income_tax_table,AR,2025,4,0,22201,22300,199
low_income_tax_table,AR,2025,4,0,22301,22400,208
low_income_tax_table,AR,2025,4,0,22401,22500,218
low_income_tax_table,AR,2025,4,0,22501,22600,227
low_income_tax_table,AR,2025,4,0,22601,22700,236
low_income_tax_table,AR,2025,4,0,22701,22800,246
low_income_tax_table,AR,2025,4,0,22801,22900,255
low_income_tax_table,AR,2025,4,0,22901,23000,265
low_income_tax_table,AR,2025,4,0,23001,23100,274
low_income_tax_table,AR,2025,4,0,23101,23200,283
low_income_tax_table,AR,2025,4,0,23201,23300,293
low_income_tax_table,AR,2025,4,0,23301,23400,302
low_income_tax_table,AR,2025,4,0,23401,23500,312
low_income_tax_table,AR,2025,4,0,23501,23600,321
low_income_tax_table,AR,2025,4,0,23601,23700,330
low_income_tax_table,AR,2025,4,0,23701,23800,340
low_income_tax_table,AR,2025,4,0,23801,23900,349
low_income_tax_table,AR,2025,4,0,23901,24000,359
low_income_tax_table,AR,2025,4,0,24001,24100,368
low_income_tax_table,AR,2025,4,0,24101,24200,377
low_income_tax_table,AR,2025,4,0,24201,24300,387
low_income_tax_table,AR,2025,4,0,24301,24400,396
low_income_tax_table,AR,2025,4,0,24401,24500,406
low_income_tax_table,AR,2025,4,0,24501,24600,415
low_income_tax_table,AR,2025,4,0,24601,24700,424
low_income_tax_table,AR,2025,4,0,24701,24800,434
low_income_tax_table,AR,2025,4,0,24801,24900,443
low_income_tax_table,AR,2025,4,0,24901,25000,453
low_income_tax_table,AR,2025,4,0,25001,25100,462
low_income_tax_table,AR,2025,4,0,25101,25200,471
low_income_tax_table,AR,2025,4,0,25201,25300,481
low_income_tax_table_max,AR,2025,4,0,-Inf,Inf,25300
low_income_tax_table,AR,2025,4,2,0,24818,0
low_income_tax_table,AR,2025,4,2,24819,24900,94
low_income_tax_table,AR,2025,4,2,24901,25000,107
low_income_tax_table,AR,2025,4,2,25001,25100,119
low_income_tax_table,AR,2025,4,2,25101,25200,132
low_income_tax_table,AR,2025,4,2,25201,25300,144
low_income_tax_table,AR,2025,4,2,25301,25400,156
low_income_tax_table,AR,2025,4,2,25401,25500,169
low_income_tax_table,AR,2025,4,2,25501,25600,181
low_income_tax_table,AR,2025,4,2,25601,25700,194
low_income_tax_table,AR,2025,4,2,25701,25800,206
low_income_tax_table,AR,2025,4,2,25801,25900,218
low_income_tax_table,AR,2025,4,2,25901,26000,231
low_income_tax_table,AR,2025,4,2,26001,26100,243
low_income_tax_table,AR,2025,4,2,26101,26200,256
low_income_tax_table,AR,2025,4,2,26201,26300,268
low_income_tax_table,AR,2025,4,2,26301,26400,280
low_income_tax_table,AR,2025,4,2,26401,26500,293
low_income_tax_table,AR,2025,4,2,26501,26600,305
low_income_tax_table,AR,2025,4,2,26601,26700,318
low_income_tax_table,AR,2025,4,2,26701,26800,330
low_income_tax_table,AR,2025,4,2,26801,26900,342
low_income_tax_table,AR,2025,4,2,26901,27000,355
low_income_tax_table,AR,2025,4,2,27001,27100,367
low_income_tax_table,AR,2025,4,2,27101,27200,380
low_income_tax_table,AR,2025,4,2,27201,27300,392
low_income_tax_table,AR,2025,4,2,27301,27400,404
low_income_tax_table,AR,2025,4,2,27401,27500,417
low_income_tax_table,AR,2025,4,2,27501,27600,429
low_income_tax_table,AR,2025,4,2,27601,27700,442
low_income_tax_table,AR,2025,4,2,27701,27800,454
low_income_tax_table,AR,2025,4,2,27801,27900,466
low_income_tax_table,AR,2025,4,2,27901,28000,479
low_income_tax_table,AR,2025,4,2,28001,28100,491
low_income_tax_table,AR,2025,4,2,28101,28200,504
low_income_tax_table,AR,2025,4,2,28201,28300,516
low_income_tax_table,AR,2025,4,2,28301,28400,528
low_income_tax_table,AR,2025,4,2,28401,28500,541
low_income_tax_table,AR,2025,4,2,28501,28600,553
low_income_tax_table,AR,2025,4,2,28601,28700,566
low_income_tax_table,AR,2025,4,2,28701,28800,578
low_income_tax_table,AR,2025,4,2,28801,28900,590
low_income_tax_table,AR,2025,4,2,28901,29000,603
low_income_tax_table_max,AR,2025,4,2,-Inf,Inf,29000
low_income_tax_table,AR,2025,2,0,0,24695,0
low_income_tax_table,AR,2025,2,0,24696,24700,77
low_income_tax_table,AR,2025,2,0,24701,24800,87
low_income_tax_table,AR,2025,2,0,24801,24900,98
low_income_tax_table,AR,2025,2,0,24901,25000,108
low_income_tax_table,AR,2025,2,0,25001,25100,118
low_income_tax_table,AR,2025,2,0,25101,25200,129
low_income_tax_table,AR,2025,2,0,25201,25300,139
low_income_tax_table,AR,2025,2,0,25301,25400,150
low_income_tax_table,AR,2025,2,0,25401,25500,160
low_income_tax_table,AR,2025,2,0,25501,25600,170
low_income_tax_table,AR,2025,2,0,25601,25700,181
low_income_tax_table,AR,2025,2,0,25701,25800,191
low_income_tax_table,AR,2025,2,0,25801,25900,202
low_income_tax_table,AR,2025,2,0,25901,26000,212
low_income_tax_table,AR,2025,2,0,26001,26100,222
low_income_tax_table,AR,2025,2,0,26101,26200,233
low_income_tax_table,AR,2025,2,0,26201,26300,243
low_income_tax_table,AR,2025,2,0,26301,26400,254
low_income_tax_table,AR,2025,2,0,26401,26500,264
low_income_tax_table,AR,2025,2,0,26501,26600,274
low_income_tax_table,AR,2025,2,0,26601,26700,285
low_income_tax_table,AR,2025,2,0,26701,26800,295
low_income_tax_table,AR,2025,2,0,26801,26900,306
low_income_tax_table,AR,2025,2,0,26901,27000,316
low_income_tax_table,AR,2025,2,0,27001,27100,326
low_income_tax_table,AR,2025,2,0,27101,27200,337
low_income_tax_table,AR,2025,2,0,27201,27300,347
low_income_tax_table,AR,2025,2,0,27301,27400,358
low_income_tax_table,AR,2025,2,0,27401,27500,368
low_income_tax_table,AR,2025,2,0,27501,27600,378
low_income_tax_table,AR,2025,2,0,27601,27700,389
low_income_tax_table,AR,2025,2,0,27701,27800,399
low_income_tax_table,AR,2025,2,0,27801,27900,410
low_income_tax_table,AR,2025,2,0,27901,28000,420
low_income_tax_table,AR,2025,2,0,28001,28100,430
low_income_tax_table,AR,2025,2,0,28101,28200,441
low_income_tax_table,AR,2025,2,0,28201,28300,451
low_income_tax_table,AR,2025,2,0,28301,28400,462
low_income_tax_table,AR,2025,2,0,28401,28500,472
low_income_tax_table,AR,2025,2,0,28501,28600,482
low_income_tax_table,AR,2025,2,0,28601,28700,493
low_income_tax_table,AR,2025,2,0,28701,28800,503
low_income_tax_table,AR,2025,2,0,28801,28900,514
low_income_tax_table,AR,2025,2,0,28901,29000,524
low_income_tax_table_max,AR,2025,2,0,-Inf,Inf,29000
low_income_tax_table,AR,2025,2,2,0,29722,0
low_income_tax_table,AR,2025,2,2,29723,29800,111
low_income_tax_table,AR,2025,2,2,29801,29900,122
low_income_tax_table,AR,2025,2,2,29901,30000,132
low_income_tax_table,AR,2025,2,2,30001,30100,143
low_income_tax_table,AR,2025,2,2,30101,30200,153
low_income_tax_table,AR,2025,2,2,30201,30300,163
low_income_tax_table,AR,2025,2,2,30301,30400,174
low_income_tax_table,AR,2025,2,2,30401,30500,184
low_income_tax_table,AR,2025,2,2,30501,30600,195
low_income_tax_table,AR,2025,2,2,30601,30700,205
low_income_tax_table,AR,2025,2,2,30701,30800,215
low_income_tax_table,AR,2025,2,2,30801,30900,226
low_income_tax_table,AR,2025,2,2,30901,31000,236
low_income_tax_table,AR,2025,2,2,31001,31100,247
low_income_tax_table,AR,2025,2,2,31101,31200,257
low_income_tax_table,AR,2025,2,2,31201,31300,267
low_income_tax_table,AR,2025,2,2,31301,31400,278
low_income_tax_table,AR,2025,2,2,31401,31500,289
low_income_tax_table,AR,2025,2,2,31501,31600,300
low_income_tax_table,AR,2025,2,2,31601,31700,311
low_income_tax_table,AR,2025,2,2,31701,31800,322
low_income_tax_table,AR,2025,2,2,31801,31900,333
low_income_tax_table,AR,2025,2,2,31901,32000,343
low_income_tax_table,AR,2025,2,2,32001,32100,354
low_income_tax_table,AR,2025,2,2,32101,32200,365
low_income_tax_table,AR,2025,2,2,32201,32300,376
low_income_tax_table,AR,2025,2,2,32301,32400,387
low_income_tax_table,AR,2025,2,2,32401,32500,398
low_income_tax_table,AR,2025,2,2,32501,32600,409
low_income_tax_table,AR,2025,2,2,32601,32700,420
low_income_tax_table,AR,2025,2,2,32701,32800,431
low_income_tax_table,AR,2025,2,2,32801,32900,442
low_income_tax_table,AR,2025,2,2,32901,33000,452
low_income_tax_table,AR,2025,2,2,33001,33100,463
low_income_tax_table,AR,2025,2,2,33101,33200,474
low_income_tax_table,AR,2025,2,2,33201,33300,485
low_income_tax_table,AR,2025,2,2,33301,33400,496
low_income_tax_table,AR,2025,2,2,33401,33500,507
low_income_tax_table,AR,2025,2,2,33501,33600,518
low_income_tax_table,AR,2025,2,2,33601,33700,529
low_income_tax_table,AR,2025,2,2,33701,33800,540
low_income_tax_table,AR,2025,2,2,33801,33900,551
low_income_tax_table,AR,2025,2,2,33901,34000,561
low_income_tax_table,AR,2025,2,2,34001,34100,572
low_income_tax_table,AR,2025,2,2,34101,34200,583
low_income_tax_table,AR,2025,2,2,34201,34300,594
low_income_tax_table,AR,2025,2,2,34301,34400,605
low_income_tax_table,AR,2025,2,2,34401,34500,616
low_income_tax_table,AR,2025,2,2,34501,34600,627
low_income_tax_table,AR,2025,2,2,34601,34700,638
low_income_tax_table,AR,2025,2,2,34701,34800,649
low_income_tax_table,AR,2025,2,2,34801,34900,660
low_income_tax_table,AR,2025,2,2,34901,35000,670
low_income_tax_table,AR,2025,2,2,35001,35100,681
low_income_tax_table,AR,2025,2,2,35101,35200,692
low_income_tax_table,AR,2025,2,2,35201,35300,703
low_income_tax_table,AR,2025,2,2,35301,35400,714
low_income_tax_table,AR,2025,2,2,35401,35500,725
low_income_tax_table,AR,2025,2,2,35501,35600,736
low_income_tax_table,AR,2025,2,2,35601,35700,747
low_income_tax_table,AR,2025,2,2,35701,35800,758
low_income_tax_table,AR,2025,2,2,35801,35900,769
low_income_tax_table,AR,2025,2,2,35901,36000,779
low_income_tax_table,AR,2025,2,2,36001,36100,790
low_income_tax_table_max,AR,2025,2,2,-Inf,Inf,36100
