state,source_packet,yaml_dir,worksheet_tests,cross_model,aggregate,notes
IL,done,done,done,done,blocked_weights,"Source packet normalized; IL/IN/MI rolling-federal-AGI flat-tax validation cohort; nonresident allocation and data-limited credits remain documented. 2026-08-22: PE window closed. Residual was one IL personal exemption per dependent aged 18+ (mode -120 in 2022-23, -137 in 2024 = $2,425/$2,775 x 4.95%); PolicyEngine gates the exemption on under-18 while 35 ILCS 5/204 has no age condition and TAXSIM matches us at 1.0000 all four years. Age-cliff probe-confirmed; excluded. PE cells 0.932/0.925/0.937 -> 0.995/0.993/0.995. All eight cells clear. See external_model_issues.md P9"
CO,done,done,done,in_progress,blocked_weights,"Source packet normalized; CO/ND/SC federal-taxable-income cohort; child-care credits and trigger-dependent future credits remain documented. TRIAGE 2026-08-11: NO encoding defects found — 7 TAXSIM probe shapes exact (all rate vintages incl. TABOR 2019 4.5%, pension exclusion, SS-within-cap mechanics); residual clean-match gap = pre-registered federal-side SALT-circularity/sales-tax wedge absorbed dollar-for-dollar by the fed-taxable start (KD row added); PE window remains TABOR-excluded. 2026-08-22: NOT closed, 0.953/0.888/0.883/0.881 -> 0.983/0.944/0.942/0.939, encoding unchanged. Two confirmed causes: (1) T19, TAXSIM omits the 55-64 tier of the C.R.S. 39-22-104(4)(f) pension subtraction ($20,000; it models only the 65+ $24,000 tier) -- probe siitax identical at ages 50/57/60/64 and drops only at 65; modes -900/-1800 = $20k/$40k at 4.50%; 55-64 band matched 0.693 vs 0.922 for 65+. (2) CO variant of the crosswalk-exposure class, via the 39-22-104(3)(d) state-income-tax ADDBACK rather than a state itemized deduction, so keyed on federal itemizing like UT. Residual is now diffuse (largest mode 5 records, non-itemizers 0.943) and points nowhere yet; no live PE cell to cross-check (all four excluded by TABOR netting)"
NY,done,done,done,in_progress,blocked_weights,"Source packet normalized; NY/CT graduated-federal-AGI recapture cohort; NYC/Yonkers/MCTMT and specialized credits remain documented. RESOLVED 2026-08-11 (both open items): (1) the +$327 recapture-zone jump is WORKSHEET-TRUE — IT-201 supplemental-tax hand computation matches our endpoints exactly (12,900.00 / 13,227.46 across the 215,400 entry; incremental benefit 1,830.90 x phase 0.162 + rate step = +327.45) and PE 1.775.7 concurs within cents; sweep allowance comment updated. (2) The PE-2023 collapse is PE booking the 2025 NY inflation refund checks ($200/$400) into TY2023 (ny_inflation_refund_credit, formula_2023) — exclude KD row w/ pe_ny_inflation_refund predicate + issues-doc P5; post-exclusion 2023 clean 0.683 on the surviving n_clean=63 (rebate reached ~55% of records), 2022/2024 0.833/0.797 unaffected 2026-08-15 (CA close-out spillover): the state-only-itemization fix (*_item_ded_potential) plus the standard crosswalk-exposure KD row lifts the TAXSIM clean window to 0.841/0.838/0.838/0.841 (from 0.53-0.63). NY PE 2023 (n=63, the P5-collapsed cell) moved -1 record. 2026-08-22 CLASS SWEEP: P9 confirmed for this state but ANNOTATED not excluded -- the per-dependent amount is below the $100 harness tolerance, so one dependent aged 18+ cannot produce a mismatch and an exclusion removed matching records (demonstrated on the first rerun). Still bites with two or more such dependents. Encoding unchanged"
AK,done,done,done,done,blocked_weights,No broad IIT; zero-tax stub encoded
AL,done,done,done,in_progress,blocked_weights,"Form 40 baseline TY2017-2025. OWN BASE (start_point 0, ob_* shares): AL builds its own income concept, not federal AGI. SS and UI FULLY EXEMPT (no provisional test). ob_class_floor 0 -- AL has no PA-style class loss ring-fence and is MORE generous than federal on capital losses (entire loss deductible, no $3k cap). Rates 2/4/5% at 500/3,000 (1,000/6,000 MFJ) UNCHANGED all nine years -- booklets print no rate schedule, so the ladder was recovered from the over-$100,000 worksheet constants ($4,958/$4,918, invariant in all nine); those sit $2 below exact because AL's tax table is a MIDPOINT table. HEAD OF FAMILY SHARES THE SINGLE LADDER (the table has only two tax columns) though it gets the $3,000 exemption. FULL UNCAPPED federal income tax deduction (constitutional, Amendment 225): base = 1040 line 22 + NIIT ADDED BACK - (EITC + ACTC + refundable AOC), so AL subtracts the ACTC where MO does not and does NOT subtract net PTC where MO does -- hence the fed_tax_ded_less_* flags are per-credit. PERVERSE CONSEQUENCE: claiming the federal EITC RAISES AL tax (pinned by AL-6a/6b). NEW GENERIC std_po_amount_per_step + std_po_floor: the AGI-sliding standard deduction in fixed DOLLAR steps (max/threshold/step/decrement/floor per status, three vintages 2017-18, 2019-21 thresholds-only, 2022+ Act 2022-292) -- machine-verified against every printed chart row, 1508/1512 probe points exact, the 4 misses being a single ADOR TYPO carried four years (MFJ row printed 25,500-26,999 must read 26,500-26,999; encode 26,500). Vintage B MFS thresholds are NOT half the joint ones (10,750/15,500 vs 23,500/33,000) -- a real asymmetry printed identically in 2019/2020/2021. NEW GENERIC dep_tier_* family: AGI-tiered DEPENDENT exemption $1,000/$500/$300 with HARD CLIFFS on AL AGI (first bound 20k->50k for TY2022; amounts never changed). NEW GENERIC ob_ira_share splitting IRAs from pensions (an IRA can never be a 414(j) DB plan; PA unaffected, both zero). Own Schedule A via item_component_style 1 + item_add_payroll -- AL DEDUCTS EMPLOYEE FICA, which is what pushes many AL filers to itemize while taking the federal standard deduction; election is INDEPENDENT of federal. Act 2022-294 $6,000 age-65 retirement exclusion from TY2023 (amount/age/year verified; PER-PERSON reading UNVERIFIED -- detail is in Schedule RS, not retrieved). BIGGEST KD: the IRC 414(j) DEFINED BENEFIT exclusion is NOT MODELED -- 1040 line 5b pools DB with 401(k) distributions and box 7 codes do not separate them; overstates AL tax for DB retirees (most AL pension retirees), clears with the Tier 1 pension-source imputation. SECOND HOLE: the overtime pay exemption (Act 2023-421?) appears NOWHERE in any booklet (zero hits for 'overtime') because it runs through withholding and Schedule W-2 -- dates/scope/cap all UNVERIFIED, a real gap for TY2024-25 wages. Separate AL returns not modeled: the ladder is split-neutral but the std slide and dependent cliffs key on each spouse's OWN AL AGI, so uneven couples gain by splitting -- needs the planned generic min-liability election pass (R2.6, with WI Act 15). Tests AL-1..AL-10 2026-08-22 CLASS SWEEP: landed the DC/CA crosswalk-exposure class, added by sweep rather than per-state dig. Exposed records match at 0.225 against 0.885 unexposed on 22.4% of the clean subset (pooled 2017-2020); the predicate fires on no record in any of the ten states whose encoding gives the class no route, which is the control that rules out ""federal itemizers are simply harder"". TAXSIM cells 0.875/0.705/0.709/0.690 -> 0.880/0.885/0.890/0.884. Encoding unchanged. See class_sweep_2026_08_22.md"
AR,done,done,done,in_progress,blocked_weights,"AR1000F baseline TY2017-2025. Full OWN-BASE state (rebuilds income line by line, no federal-AGI line). THE SCHEDULE IS NOT A LADDER: the booklet prints a dense $100-step table and DFA publishes a separate one-page 'Indexed Tax Brackets' memo giving the closed form as rate x income MINUS an adjustment. Encoded via base_amounts with base_j = rate_j x bracket_j - adj_j (identically equal to the published form), converted PROGRAMMATICALLY from the transcribed memo and verified back at eight published points across five years -- exact every time. Two features need the discontinuities kept: (1) a genuine NOTCH through TY2021 because the statute runs THREE whole-income tables selected by income level, so TY2020 taxable 22,899 owes 537.00 and 22,900 owes 717.29 -- a $180 jump on one dollar (pinned by AR-2a/2b; Act 1 of 2022 merged the rows); and (2) a RECAPTURE TAIL clawing back the lower brackets -- through TY2021 a few ~$1,000 rows whose adjustment drops $100 at each boundary (encoded band for band, cliffs intact, continuity allowance 150 = 100 + 6.9% x the 500 sweep step), and from TY2022 a granular $100/$10 staircase encoded as ONE ramp band at the average slope (endpoints exact, max deviation one $10 step). Top rate 6.9 -> 6.6 (2020) -> 5.9 (2021) -> 4.90 (2022) -> 4.70 (2023) -> 3.90 (2024-25). Std deduction FLAT at 2,200/4,400 through TY2021 then INDEXED from TY2022 under 26-51-430(c) (CPI capped at 3%, rounded to $10). NO EXEMPTIONS -- AR grants personal CREDITS instead (exempt_credit machinery): $26 through TY2019 and $29 from TY2020 (the widely-quoted $26 is right only through 2019; it is CONDITIONALLY indexed off a CY2001 $20 base and only steps when a revenue trigger fires, which is why it moved once in nine years). 50% of net LONG-TERM capital gain excluded (short-term fully taxable, hence the new ob_st_gains_share); $6,000 retirement exemption per taxpayer, flat, never indexed, NO age test on the employer-plan branch; SS fully exempt; UI FLIPS THREE TIMES (exempt 2017, taxable 2018-19, exempt 2020-21, taxable 2022+). Child care credit 20% of the federal CDCC, nonrefundable. NO STATE EITC -- a verified negative (zero hits in all nine booklets, no AR1000TC line), encoded explicitly. BIGGEST KD: the five LOW INCOME TAX TABLES are a taxpayer ELECTION used instead of the schedule AND instead of any deduction, zeroing tax below their thresholds -- modelling them needs the generic min-liability election pass already queued for WI Act 15 and AL separate returns. Also not modeled: filing status 4 (MFS on the SAME return) applies the schedule TWICE per spouse column and bars the low-income tables; AR did NOT conform to TCJA's itemized changes (still allows 2% misc and casualty, no SALT cap, 10% medical floor, moving expenses) so itemizers are understated; the TY2022-23 Inflationary Relief credit and the TY2022+ Qualified Individuals credit ($60 plateau, -$5/$100, looked up PER SPOUSE); the deaf and head-of-household extra personal credits; the $500 developmental-disabilities credit; the TY2021+ decoupling of the child care credit from ARPA. Tests AR-1..AR-7 2026-08-22 CLASS SWEEP: landed the DC/CA crosswalk-exposure class, added by sweep rather than per-state dig. Exposed records match at 0.180 against 0.724 unexposed on 14.4% of the clean subset (pooled 2017-2020); the predicate fires on no record in any of the ten states whose encoding gives the class no route, which is the control that rules out ""federal itemizers are simply harder"". TAXSIM cells 0.724/0.616/0.635/0.621 -> 0.724/0.709/0.725/0.737. Encoding unchanged. See class_sweep_2026_08_22.md"
AZ,done,done,done,in_progress,blocked_weights,"Resident Form 140 baseline through TY2025; dependent credit, charitable standard add-on, and historical schedules covered; see source packet for PUF and itemized-deduction limits. DIG 2026-08-11: PE-2021 outlier (mean_abs ~$819k) = ~20 giant-AGI fed-misaligned records already quarantined by clean metrics (no action); PE-2021 clean depression = PE booking the SB 1734 Families Tax Rebate ($250/dep, max 3, fall-2023 checks) into TY2021 — exclude KD row w/ pe_az_families_rebate predicate (issues-doc P5); post-exclusion PE clean 0.87-0.88 ALL FOUR YEARS (2021 0.693 -> 0.882) 2026-08-22 CLASS SWEEP: P9 confirmed for this state but ANNOTATED not excluded -- the per-dependent amount is below the $100 harness tolerance, so one dependent aged 18+ cannot produce a mismatch and an exclusion removed matching records (demonstrated on the first rerun). Still bites with two or more such dependents. Encoding unchanged"
CA,done,in_progress,in_progress,done,blocked_weights,"Cross-model TRIAGED and largely CLOSED 2026-08-15. TAXSIM clean match@100 0.981/0.975/0.970/0.965 for 2017-2020 (from 0.61-0.73) -- clears the bar in all four years; PE 0.966/0.943/0.957/0.936 (2021/2023 clear; 2022/2024 miss by 1-5 scattered low-income credit-margin records -- punch list in reports/ca.md). The triage surfaced a CROSS-STATE defect: do_taxes.R zeroed *_item_ded components for federal std-takers, so independent-election states could never itemize state-only; fixed via *_item_ded_potential columns (tests CA-11/CA-12), lifting DE/NY/MN/NC by 20-33pp under the standard exposure KD rows. CA-side fixes: sub_ui_share (Schedule CA UI subtraction), 2017 CalEITC age band 25-64, year-keyed CalEITC income gates. Seven CA KD rows; issues T15 (TAXSIM 2017 CalEITC to 65+ childless, live-verified, packet in bug_reports/), P6 (PE MFS CalEITC), P7 (PE no CA muni addback) filed in research/state_tax/cross_model/external_model_issues.md. Regular-tax scalar series, dependent worksheet, high-income itemized limitation, BHST, CalEITC/YCTC encoded; 2015/2025 conformity bridge overlays still unavailable (federal-reform runs guarded) and P1 remains blocked on credit-eligibility proxies -- see research/state_tax/notes/ca_parameter_analysis.md and research/state_tax/notes/ca_p1_readiness_analysis.md 2026-08-16: CalEITC table-lookup rounding fixed (fractional incomes fell in the one-dollar crack between whole-dollar FTB bins and got $0; floor(x+0.5) per the sibling KY/CT callers; test CA-13). Final rates: TAXSIM 0.982/0.976/0.972/0.966; PE 0.966/0.943/0.967/0.946 (2022/2024 miss the bar by ~2 records each). Only CA cells moved. 2026-08-16 batch: HSA addback (add_hsa, IRC 223 nonconformity, test CA-14), model-wide US-obligation interest subtraction (sub_us_int x 15% share, ALL-states KD exclude txbl_int>5000, test CA-15), CalEITC investment-income ceiling (FTB 3514 limits 3,561-4,814 by year, test CA-16). Post-batch: TAXSIM 0.980/0.974/0.968/0.965; PE 0.965/0.950/0.969/0.944. 182 cells model-wide improved >=0.3pp under the interest exclusion; all cleared states held. 2026-08-16 (2): CA CDCTC encoded (FTB 3506 stepped 50/43/34% tiers via the generic NY-style share bands, nonrefundable; tests CA-17/17b/17c) -- its omission matched the PE residual to the dollar on five records and repaired TAXSIM v38 records too. PE itemizer-exposure KD row added (xw_pe_unhanded_item covariate; PE receives only prop/mortgage/charity/childcare); P8 filed (PE skips the FTB 3514 earned-vs-AGI second lookup, table-exact on two records). CROSS_MODEL DONE: all eight cells clear 95% -- TAXSIM 0.985/0.977/0.972/0.969, PE 0.995/0.965/0.984/0.967. Residuals explained in reports/ca.md (one unexplained recurring PE record, 154685). Misc itemized + CA AMT follow-up planned in research/state_tax/notes/ca_misc_amt_plan.md. 2026-08-22: PE window closed. Residual was one CA dependent exemption credit per dependent aged 18+ (mode -433 in 2022, -446 in 2023 = the credit exactly); PolicyEngine gates it on under-18 while R&TC 17054(d) uses IRC 152 with no age test, and TAXSIM does not share the behaviour. Age-cliff probe-confirmed; excluded. PE cells 0.942/0.915/0.931/0.944 -> 0.986/0.984/0.988/0.979. All eight cells clear. See external_model_issues.md P9"
CT,done,done,done,in_progress,blocked_weights,"CT-1040 baseline through TY2025; NY/CT recapture cohort (stepped Tables C-D), Table A/E phase-outs, SS/pension/IRA subtractions incl. 2024 phase-out table, EITC match + 2025 child bonus, property tax credit covered; TRS/military pension split and gross-income filing test remain documented. TRIAGE 2026-08-11: dominant TAXSIM mass (-$900, 222/yr) = TAXSIM stepping Table C recapture past the statutory $5,400 MFJ cap to a $6,300 plateau (probe-mapped; ours matches the published table, CT-2) -- exclude KD on the exposure set; small +/-$20-90 masses = Table A/B/C band-edge steps (annotate); PE 2022 dip (0.773) = PE booking the one-time 2022 child tax rebate ($250/child) into TY2022 -- exclude KD on new pe_ct_rebate export (P5 class). CLOSE-OUT RERUN: TAXSIM 0.93/0.93/0.89/0.88 (recapture exclusion applied), PE 0.88/0.84/0.88/0.89"
DC,done,done,done,in_progress,blocked_weights,"ENCODED 2026-08-13; cross-model TRIAGE CLOSED 2026-08-15 (was partially characterised 2026-08-13). ONE OUR-SIDE FIX: the D-40 state-refund subtraction (Line 8 in 2017 / Line 9 in 2020) was missing -- sub_state_ref now 1, test DC-10; its omission was 76-86% of fed-aligned AGI-stage mismatches every year. THE DEDUCTION STAGE WAS THE CROSSWALK, NOT DC LAW: TAXSIM v35 == (mortgage + otheritem + proptax handed) less the 5%-over-200k limitation, EXACT on 96.2-96.6% of both-itemizing records 2018-2020 and 98.1% of 2017 below-Pease -- TAXSIM applies Calculation F correctly but cannot strip as-reported income/sales taxes inside otheritem and never receives inv-interest/Sch-A-other (new harness covariates xw_unstripped_salt/xw_unhanded_item; exclude KD). The 2026-08-14 low-AGI std-fallback reading was WRONG: probe shows strict coupling per 47-1803.03(c) (v34 printed, unused). TAXSIM BUG FOUND (issues-doc T14, exclude KD on ui>0): TAXSIM subtracts UI from DC AGI 2017-2020 though the booklets print ALL unemployment compensation is taxable (DC exempted UI only from TY2021); in 2020 it stacks on the federal ARPA exclusion (same 5k removed twice). Schedule H netted into siitax by TAXSIM (v37 masses at 1,025-1,200; our pre-registered Tier-1 omission) -- exclude KD on v37>0. 2017 exemption/std wedges = TAXSIM mstat/HoH-derivation (UT structural class; probe: single+2deps -> v33 = 7,100 = FOUR exemptions incl. the 2017 HoH extra; the stepped phase-out itself probes EXACT at six knots) -- exclude KD on the UT fs/n_dep predicate; blind add-ons annotated (no TAXSIM blind input). CLOSE-OUT RERUN: TAXSIM clean 0.814/0.917/0.914/0.912 (from 0.471/0.623/0.619/0.627). PE window 0.751/0.832/0.807/0.818, residual = PE modeling Schedule H (masses at the 1,250/1,325 maxima) + KCCATC, both pre-registered omissions on our side; NEXT STEP if PE cells must clear: export pe_dc_ptc/pe_dc_kccatc in src/tests/state/cross_model/pe_state_tax.py + exclude KDs + PE-window rerun. 2017 residual (0.814) = the annotate-only Low Income Credit + over-Pease crosswalk records + Pease-prorating approximation (packet items 2/8). TAXSIM bug-report packets for T6-T14 built and verified via research/state_tax/cross_model/taxsim_bug_reports.do (bug_reports/); emails to NBER not yet sent"
DE,done,done,done,in_progress,blocked_weights,"ENCODED 2026-08-12; cross-model TRIAGE COMPLETE 2026-08-13. TAXSIM window after the T10 exclusion: 0.597/0.627/0.711/0.709 (from 0.576/0.588/0.633/0.631). PE window 0.79/0.82/0.78/0.80, 65% EXACT on the clean subset, diffuse remainder, no dominant mass (the ~$180 report median is the FULL sample including federally misaligned records). THE DECISIVE DECOMPOSITION: where TAXSIM and we agree on BOTH state AGI and the deduction we match at 0.953 -- the acceptance bar. So the DE rate schedule, the $110 credits, the EITC and the combined-separate election are all sound, and the entire residual lives in the AGI and deduction stages. Three drivers found, all documented as T10/T11/T12: (T10, EXCLUDE, applied) TAXSIM reports a positive DE itemized deduction for filers whose federal components are ALL zero and uses it, at the SALT cap ($10,000; $5,000 MFS); v34 is correct so only v35 is fabricated; v35>0 share jumps ~54% (2017-18) to 97.0% (2019-20). Lifted TY2019 to 0.711. (T11, annotate) THE MFJ GAP: TAXSIM v35 = our DE itemized MINUS the federal Schedule A ""other"" class, exact to the dollar on 44.9% of affected records. DE PIT-RSA Line 16 carries that class so we are right; TAXSIM runs HIGH. Setting aside would give TY2019 0.820. Not excluded because CA/DC/MD/MN/NM/VA show 2-20% identity with residuals both ways -- whether TAXSIM omits the class there is OPEN, and MD/MN are already attributed. (T12, annotate) THE 60+ / PENSION ITEM: AGI gaps are exact multiples of DE's $2,000 (under 60) / $12,500 (60+) exclusion. TAXSIM grants the $2,000 against EARLY IRA distributions that PIT-RES Line 6 disqualifies, and to filers with NO retirement income -- 619-642 records/yr have v32_state_agi < 0 where ours is >= 0 (age-80 zero-income records show -1,999.99). Restricting to AGI-agreeing records lifts TY2019 to 0.773. ONE OUR-SIDE RISK LEFT: at 60+ we apply the $12,500 to pension PLUS eligible retirement income, and the -12,500 group is 86% interest / 64% dividends / 56% capital gains with only 32% holding a pension. The base follows the PIT-RES Line 6 worksheet as transcribed across seven booklet years. If that definition is narrower we over-exclude up to $12,500 of base (~$825) per 60+ investment-income return. A BOOKLET RE-READ OF THE LINE 6 WORKSHEET WOULD SETTLE IT. CLOSED, do not re-investigate: the DE EITC is NOT a driver -- records with a positive DE EITC match at 0.990, our ratio is exactly 0.20 as 1117 requires, and TAXSIM reports its own DE EITC at the same median (590.52 vs 589.56); an earlier single-record lead suggesting an EITC-stage problem was UNREPRESENTATIVE. TAXSIM DOES grant the age-60 $110 credit (v40 220 vs 110). Our st_item_ded exceeding the federal pre-limitation total on 221/1,704 records is BY DESIGN (no federal SALT cap in the DE base). KS item_include_other 0 vs the other seven states' 1 is form-driven, not an inconsistency. 2026-08-15 (CA close-out spillover): the state-only-itemization fix (*_item_ded_potential) plus the standard crosswalk-exposure KD row lifts the TAXSIM clean window to 0.908/0.900/0.911/0.912 (from 0.60-0.71)."
FL,done,done,done,done,blocked_weights,No broad IIT; zero-tax stub encoded
GA,done,done,done,in_progress,blocked_weights,"Form 500 baseline through TY2025; generic retirement exclusion and CDCTC match covered. FIXED 2026-08-11: MFJ personal exemption was half its true value ($3,700 total vs the correct $7,400; O.C.G.A. 48-7-26) — the dominant exemptions-stage cross-model wedge ($212.75/married return at 5.75%); TAXSIM probe matches corrected law exactly on 5 structural cases; test GA-4 pins it. RERUN 2026-08-11: TAXSIM clean 68-77% (from 50-54); exemptions stage cleared entirely as predicted, residual is now state-AGI-stage (retirement-exclusion data limits); PE clean 82/80/92% 2022-24, but PE 2021 45.6% unmoved. PE-2021 DIG RESOLVED 2026-08-11: two stacked mechanisms — (1) OUR HB 593 std-deduction anchor was a year early ('2021' -> '2022'; PE and the 2021 Form 500 agree on 4,600/6,000/3,000; ded.yaml fixed, test GA-5 pins it; TAXSIM window unaffected); (2) PE books the HB 1302 surplus rebate ($250/$375/$500, liability-capped nonrefundable) into TY2021 — exclude KD row w/ pe_ga_surplus_rebate predicate (issues-doc P5). Masses 204/329/437 = rebate minus the 46/63 std wedge, fully attributed. See source packet for retirement ownership, state-tax itemization, and other IND-CR credits 2026-08-22 CLASS SWEEP: landed the DC/CA crosswalk-exposure class, added by sweep rather than per-state dig. Exposed records match at 0.254 against 0.929 unexposed on 4.6% of the clean subset (pooled 2017-2020); the predicate fires on no record in any of the ten states whose encoding gives the class no route, which is the control that rules out ""federal itemizers are simply harder"". TAXSIM cells 0.945/0.883/0.887/0.889 -> 0.945/0.924/0.926/0.926. Encoding unchanged. See class_sweep_2026_08_22.md 2026-08-22 CLASS SWEEP: landed the P9 class (PolicyEngine denies the per-dependent benefit at 18+); our side is flat in dependent age by construction (n_dep * st_dep_v, no age parameter in the schema), and the probed PE rise resolves exactly to the encoded amount at a published state rate. PE cells 0.887/0.872/0.874 -> 0.971/0.954/0.931. Encoding unchanged"
HI,done,done,done,in_progress,blocked_weights,"Form N-11 baseline TY2017-2025 + ENACTED Act 46 SLH 2024 ramp (bracket steps TY2025/2027/2029 -- the first step is 2025, already printed in the 2025 booklet -- and std-deduction steps 2024/2026/2028/2030/2031). Twelve-bracket schedule (nine in 2017, Act 107); $1,144 exemptions w/ aged doubling; employer-funded pension exclusion via pension_sub_share=1 (SOURCE-SPLIT APPROXIMATION: 401(k)/employee-contribution portions over-excluded, Tier 1 imputation; TAXSIM/PE face the same input); SS fully exempt; own itemized on HI AGI w/ independent election, $100k/$150k/$200k SALT-income disallowance (new salt_addback_agi_thresh), fixed $166,800/$83,400 overall limitation on HI AGI (new pease_agi_base); 7.25% alternative capital-gains tax (NEW st_ord.kg_alt_rate/kg_alt_floor machinery, worksheet-exact); EITC 20% nonref 2018-22 (carryforward documented) -> refundable 2023 -> 40% 2023-27 w/ Act 163 SUNSET reversion to 20% in 2028; food/excise credit as banded percap table in credit_tables.csv (2017/2023/2028-reversion vintages); refundable CDCC w/ stepped 25->15% rate slide + Act 163 $10k/$20k caps (sunset). Known-differences: 10% medical floor (federal-floor components used), renters credit (Tier 1), DHS public-support minor children, misc-2% post-TCJA. Tests HI-1..HI-8 CROSS-MODEL TRIAGE 2026-08-21: 0.470-0.491 with a SIGN FLIP at TCJA (2017 ours-high 70%, 2018-2020 ours-low 72%, median -$566) pointing at the itemized base where HI de-conforms. Standard crosswalk-exposure KD row added (independent election on HI AGI + SALT-income disallowance + fixed overall limitation + misc-2% survival, none reproducible from a crosswalk that hands SALT inside otheritem): 0.491/0.475/0.476/0.470 -> 0.778/0.703/0.698/0.694. RESIDUAL ~0.70 NOT YET ATTRIBUTED -- least explained of the 2026-08-21 batch. Keys on SS recipients (median -$996 vs -$165), consistent with pension_sub_share=1 over-excluding; note st_retirement_excl and st_retire_exempt are both ZERO for HI in harness output so the subtraction reaches HI AGI another way. Stage agreement partial (AGI 68%, credits 67%, taxable income 56%); worst band stratum 6 at 0.241; food/excise credit gaps of -$650 to -$1,150 recur -- next dig. RE-RUN 2026-08-21 (job 22970509): landed exactly on projection, 0.778/0.703/0.698/0.694. RESIDUAL DECOMPOSED 2026-08-21 (2,159 TY2019 mismatches): class C 31.9% = the pension source split (we subtract median 30,574 vs TAXSIM 10,447; not gross SS nor 85% of it, so TAXSIM applies its own partial exclusion) -- Tier 1 data limitation, clears with the pension source split, NOT an encoding error. Class A 26.8% = a subtraction TAXSIM lacks, of which 209/579 are exactly 15% of txbl_int (the model-wide sub_us_int assumption, sitting UNDER the existing ALL-states txbl_int>5000 exclusion yet still breaking tolerance); rest unidentified. Class B 2.8% small. Class D 38.5% = AGI agrees, median +$115, NOT attributable from residuals -- the credit comparison is self-contradictory (we appear to grant MORE credits yet compute HIGHER tax), so v40 does not carry HI's full credit set; NEEDS A SYNTHETIC PROBE like MA's. Two corrections: the pension subtraction reaches HI AGI via st_subtractions (35% nonzero), not st_retirement_excl; and v35>0 does NOT mean TAXSIM itemized (its median there is 981 against a 2,200 std) -- the KD predicate form is an exposure test, not an election claim. 2026-08-22 PE WINDOW DIG (entered from the board, not the state -- almost every catastrophic cell in the set was a PE 2021 cell). TWO causes, both landed. (1) PE-SIDE BUG, whole PE window: PolicyEngine deducts HAWAII'S OWN income tax on the Hawaii return and never applies the Worksheet A-2 disallowance. On a pure-wage filer with no deductible items, hi_salt_deduction equals hi_withheld_income_tax to the cent (49,246.60 at 501k in 2022) and runs smoothly through the 100k cliff (6,909.60 at 95k, 7,404.60 at 101k). The arithmetic closes: each extra 1,000 of wages adds only 920 of HI taxable income, and 0.92 x the statutory 11% top rate is the 0.1012 effective marginal rate measured at 500k/600k/1,001k in both 2019 and 2022 -- PE's rate PARAMETERS are the correct HRS 235-51 ladder, the base is wrong, so the error grows with income. Record split is decisive: above the statutory thresholds match 0.021-0.026 with median diff +2,964 to +3,384; BELOW them median diff is exactly 0. HI-specific (MT/NY report zero, ME/MA/SC/CA/VT/AR/IA do not expose the variable). Worth filing upstream. Excluded on the above-threshold population; cells 0.648/0.625/0.699 -> 0.786/0.767/0.878, exactly as predicted. (2) P5: the Act 115 (2022) 300 refundable refund netted into TY2021 -- but the exclusion removes 95.6% of the 2021 cell, leaving 16 records, so 2021 is a DROPPED cell in the IL-2021/CO-TABOR sense and the verdict rests on 2022-2024. STILL SHORT: the remaining 0.77-0.88 is most likely the pension source split already identified as a Tier 1 limitation in the TAXSIM triage. See pe_window_2021_and_hi.md"
IA,done,done,done,in_progress,blocked_weights,"IA 1040 baseline TY2017-2025 (flat rate confirmed through TY2026). THREE REGIMES and FOUR BRACKET COUNTS in nine years, driven by three acts. TY2017-22: Iowa's own 'Iowa net income' base (422.7) from federal AGI, a NINE-BRACKET ladder whose bounds DO NOT VARY BY FILING STATUS (0.36-8.98% to TY2018, 0.33-8.53% from TY2019 under SF 2417 = 2018 Acts ch 1161 s.73), a small indexed standard deduction (2,000/4,920 to 2,210/5,450), and a FULL UNCAPPED CASH-BASIS FEDERAL INCOME TAX DEDUCTION. TY2023: base becomes FEDERAL TAXABLE INCOME under IRC 63 (SF 2417 ss.108-112, 114-118), the federal deduction and the Iowa standard/itemized deduction and the Iowa AMT are all repealed, and HF 2317 (2022 Acts ch 1002 s.15) writes a 4-bracket 4.40/4.82/5.70/6.00 ladder with bounds that NOW DO vary by status (MFJ = 2x). TY2024: 3 brackets 4.40/4.82/5.70. TY2025+: FLAT 3.8% (SF 2442 = 2024 Acts ch 1094 s.2), with 422.5A repealed and bracket indexation stricken. THE WIDELY-CITED '3.9% FLAT IN 2026' IS STALE -- SF 2442 superseded it and IDR's 2025-10-21 release confirms 3.8% for TY2026. TWO FEATURES THAT SEPARATE IOWA FROM EVERY OTHER STATE IN THE SET: (1) the federal income tax deduction reached STANDARD-DEDUCTION filers, not only itemizers, and was uncapped (422.9(1) and (2)(b)) -- MO/AL/OR/MT all cap it or confine it to itemizers or both (pinned by IA-2); (2) because the pre-2023 ladder is status-invariant, Iowa gave married couples a COMBINED RETURN instead of a joint schedule -- filing status 3, two columns of one form, each running the same ladder against one spouse's income with a PER-SPOUSE standard deduction and per-spouse exemption credits, federal-tax items prorated by income share. A two-earner couple almost always split: at 60k+40k in TY2022 it saves 1,162.61 (pinned by IA-3). ENCODED through the existing KY/DE combined-separate machinery plus one new parameter (st_ord.combined_sep_std_amount) because Iowa's separate amount is NOT a clean fraction of its joint one -- 2,210 each against 5,450 joint. The combined-separate column deduction was also generalised so deductions BEYOND the standard/itemized amount (Iowa's federal tax deduction above all) prorate between columns by income share, which is what the form does; inert for KY/DE. ABOLISHED from TY2023 (422.5(11) requires the state status to match federal; status codes renumbered 1S/2MFJ/3MFS-comb/4MFS-sep/5HOH/6QW -> 1S/2MFJ/3MFS/4HOH/5QSS). ERRATUM IN A PRIMARY SOURCE: IDR's own 2023 Statistical Report Table 1 prints the third TY2023 bracket as '5.70% over $31,050' -- that is the TY2024 indexed figure. The report's own Figure 1, the narrative, the 2022-11-21 press release and the statute all say $30,000. USE $30,000 FOR TY2023 (TY2023 was not indexed at all; TY2024 applies 1.035). ALTERNATE TAX: caps tax at a stated rate x (net income - 13,500), or - 32,000 where a filer is 65+, for EVERY STATUS EXCEPT SINGLE. Rate tracked the TOP MARGINAL rate through TY2024 (8.98/8.53/6.0/5.7) and SF 2442 then hard-coded 4.3% -- ABOVE the 3.8% flat rate, so from TY2025 it only helps taxpayers near the thresholds. ENCODED through the MA no-tax-status formula, since max(0, tax - rate x max(0, income - thresh)) yields tax = min(tax, rate x (income - thresh)) exactly; the single-filer exclusion FALLS OUT of the arithmetic rather than needing a gate, because a zero single threshold makes the ceiling the alternate rate times all of income and that rate is at or above Iowa's top marginal rate in every year (pinned by IA-6/IA-7). Two new params for the elderly variant (st_credits.lic_thresh_aged, lic_aged_min_age). RETIREMENT: the age test is FIFTY-FIVE, not 65, and disability or qualifying-survivor status qualifies at any age. Capped at 6,000 per separate filer / 12,000 joint through TY2022, then HF 2317 s.27 struck the cap entirely from TY2023 -- the test did not change, only the ceiling (pinned by IA-8/IA-9). SS NOT TAXED in any year, though a 'reportable Social Security' figure is still computed for the low-income and filing tests. EXEMPTIONS ARE CREDITS, not exemptions: 40 personal / 40 per dependent / 20 age-65 / 20 blind, with HEAD OF HOUSEHOLD GETTING THE DOUBLED 80 same as MFJ (pinned by IA-10). NEVER INDEXED and unchanged TY2017-TY2026, as are the low-income thresholds (9,000/13,500; 24,000/32,000 at 65+) and the filing thresholds -- all verified identical in the 2017 and 2026 Code editions. EITC 15% REFUNDABLE in every year, one of the steadiest parameters in the fifty-state set. Child care credit REFUNDABLE, 75/65/55/50/40/30% of the GROSS federal s.21 credit ('without regard to whether or not the federal credit was limited by the taxpayer's federal tax liability'), with the top tier extended from a 45,000 cutoff to 90,000 by 2021 Acts ch 177 RETROACTIVELY to TY2021 (pinned by IA-13a/13b); the six-band family plus the cap machinery carries a seven-band schedule. Iowa was NEVER subject to the federal SALT cap on its own Schedule A (422.9(2)(l): IRC 164(b)(6) 'does not apply'), and allowed itemizing even for federal standard-deduction takers. BIGGEST KD: THE IOWA AMT, 6.7% (TY2017-18) and 6.4% (TY2019-22) read off Form IA 6251, exemptions 26,000/35,000/17,500 phased out at 25% above 112,500/150,000/75,000, NOT an election, repealed TY2023 along with the 422.11B minimum tax credit (usable on the TY2023 return only) -- encoding it needs an Iowa AMTI base from federal AMTI plus nonconformity adjustments, which the model has no plumbing for. Also not modeled: the single-filer low-income exemption (form 41-146 -- for every status that may use the alternate tax the alternate ceiling is tighter and governs, so only the single version is missing, and it binds in a narrow band); the Iowa QBI phase-in (25/50/75% for TY2019-22); the Iowa-specific Schedule A adjustments in both directions (adoption above 3% of net income, charitable mileage excess, 5,000 in-home care of a disabled relative, IRC 25 offset, education-savings and first-time-homebuyer subtractions, 7.5% medical floor); the IA 104 high-income itemized limitation (form not retrieved); military retirement and 10 U.S.C. 1447 survivor benefits, which pre-2023 were excluded IN ADDITION to the capped general exclusion; the above-the-line health insurance premium adjustment; the early childhood development credit (mutually exclusive with the care credit), tuition and textbook credit (25% of the first 1,000, raised to 2,000 from TY2021) and volunteer FF / reserve peace officer credit (100, raised to 250 from TY2021); the separate lump-sum tax; and the school district and EMS SURTAXES, levied as a percentage of state tax and deferred to the locality phase like the MD county piggyback. UNVERIFIED: 41-026 worksheets for TY2023/24; stated inflation factors for TY2018/19/21/24; no TY2017 booklet exists on IDR's site; the federal AMT's place in the deductible base (inferred from silence); and whether status 4 got the 9,000 or 13,500 low-income threshold pre-2023 -- the statute says 9,000 and the TY2021 instructions say 13,500. Tests IA-1..IA-13b 2026-08-22 CLASS SWEEP: landed the DC/CA crosswalk-exposure class, added by sweep rather than per-state dig. Exposed records match at 0.163 against 0.813 unexposed on 13.3% of the clean subset (pooled 2017-2020); the predicate fires on no record in any of the ten states whose encoding gives the class no route, which is the control that rules out ""federal itemizers are simply harder"". TAXSIM cells 0.873/0.767/0.765/0.527 -> 0.874/0.873/0.874/0.625. Encoding unchanged. See class_sweep_2026_08_22.md"
ID,done,done,done,done,blocked_weights,"Form 40/39R baseline TY2017-2025; federal-taxable start (rolling group 0: conformity re-enacted retroactively every session, unlike SC); four rate regimes ending in 2023+ flat tax w/ CPI-INDEXED zero bracket (4,489/8,978 -> 4,811/9,622 -- not the statutory 2,500/5,000); MFS on single schedule, HoH on MARRIED schedule; CO-style SALT addback; full SS subtraction; care-expense deduction 3k/6k (no ARPA adoption); grocery credit 100->120 (2023)->155 flat (2025, aged +20 eliminated) via new generic percap credit; $205 CTC 2018-2025 (sunset 2026); $10 PBF excise ALL years (never repealed) w/ blind exemption. Known-differences: retirement-benefits deduction, Idaho-situs 60% capital-gains deduction, US-obligation/muni shares, 529/MSA, grocery SNAP proration, PTE workaround. 2026-08-11: PE-window KD row promoted annotate -> whole-window exclude (package-source verified: PE prorates the grocery credit by imputed-SNAP-free months AND omits the $10 PBF from state_income_tax; pe_id_grocery_credit exported as diagnostic) — PE window no longer scored against the known-bad benchmark; verdict rests on the TAXSIM window. 2026-08-22: NOT closed. Landed two verified classes (both supersede annotate rows): DC/CA crosswalk-exposure (ID starts from federal taxable income so the federal itemized deduction enters directly; itemizers 0.162 vs non-itemizers 0.928) and the ID instance of T18, probed specifically and confirmed (siitax identical at 4,873.16 whether the spouse earns 40k, nothing or 2k; flat $415.50 = 6,000 x 6.925%). Cells 0.618/0.745/0.746/0.739 -> 0.977/0.867/0.867/0.860. 2017 clears, 2018-2020 do not -- remaining cause is post-TCJA and the QBID annotate row is the strongest lead (ID base is federal taxable income, net of 199A, which only exists from 2018). Not yet tested UPDATE same day: CLOSED at 0.9997/0.9827/0.9842/0.9833. The QBI lead was right and the cause was a harness gap: TAXSIM fed_aligned never compared federal taxable income (PE branch always did, ""for fed-taxable-start states""), and v18_federal_taxable_income was available but dropped by the leg select, so federal 199A differences landed whole in the ID cell (QBI records 0.60 vs 0.91; taxable gap = -qbi_ded, ratio -1.0006). Fixing the filter lifted 160 of 200 TAXSIM cells across all states"
IN,done,done,done,in_progress,blocked_weights,"State AGI baseline through TY2026. FIXED 2026-08-11 (exemptions-stage triage): dependent exemption was a flat $1,500 — corrected to $1,000 base + $1,500 dependent-child add-on (new generic st_exempt.dep_child_addl w/ age bound; IC 6-3-1-3.5); universal $1,000 65+/blind exemptions were omitted as 'income-tested' but only the extra $500 is — now encoded. TAXSIM probe matches all three exactly (and confirms TAXSIM excludes county tax); tests IN-2/IN-3. RERUN 2026-08-11: TAXSIM clean 83-85% (from 67%); remaining exemptions-stage mass (~1.4k/yr) consistent with TAXSIM's any-age child add-on (ours ≤23); PE clean 90-94% (2023/24 within 1.2pts of the bar). County income tax and special deductions/credits remain documented"
KS,done,done,done,in_progress,blocked_weights,"ENCODED 2026-08-12 (R6 batch C pilot): K-40 baseline TY2017-2025; SB 30 FINAL 2017 law (retroactive 2.9/4.9/5.2 + pass-through repeal); low-income zero-tax CLIFF via OH base_amounts (through 2023, KS-2/2b); SB 1 2024 restructure (5.2/5.58 two-bracket, std/exemption raise, SS cliff removed, 50% CDCTC); SS $75k AGI cliff 2017-23; HoH extra exemption ALL years (PE misses pre-2024); SB 30 itemized phase-in via fractional item_include shares; 17% refundable EITC; dependent-filer std worksheet. Tests KS-1..KS-5; 4-shape TAXSIM probe exact to the cent. Known-diffs: food sales tax credit omitted (gates unrepresentable, ~$125/exemption, ends 2025), KPERS offsetting pair. Pre-registered PE bugs: 2024+ zero-tax-threshold misuse of filing table, missing pre-2024 HoH exemption, no 2017 schedule, $1-off 2024 brackets 2026-08-22 CLASS SWEEP: landed the DC/CA crosswalk-exposure class, added by sweep rather than per-state dig. Exposed records match at 0.186 against 0.913 unexposed on 3.3% of the clean subset (pooled 2017-2020); the predicate fires on no record in any of the ten states whose encoding gives the class no route, which is the control that rules out ""federal itemizers are simply harder"". TAXSIM cells 0.908/0.881/0.883/0.887 -> 0.921/0.908/0.912/0.913. Encoding unchanged. See class_sweep_2026_08_22.md 2026-08-22 CLASS SWEEP: landed the P9 class (PolicyEngine denies the per-dependent benefit at 18+); our side is flat in dependent age by construction (n_dep * st_dep_v, no age parameter in the schema), and the probed PE rise resolves exactly to the encoded amount at a published state rate. PE cells 0.871/0.851/0.859/0.878 -> 0.936/0.929/0.932/0.953. Encoding unchanged"
KY,done,done,done,in_progress,blocked_weights,"Form 740 baseline through TY2025. MAJOR FIXES 2026-08-11 (triage of the module-worst 0.273/0.46-0.48 TAXSIM window): 2017 graduated schedule (was flat 5.8%); combined-return per-spouse std ded via new generic st_ord.combined_sep (lower-of joint/combined; was 1x per return — the deductions-stage wedge); std vintages 2017-2021 de-shifted ($2,480 2017 per packet); $10 personal + $40 aged/blind credits encoded pre-FSTC per form ordering. Tests KY-1..KY-11; KY-2 matches TAXSIM to the cent. 4 KD rows added incl. two probe-verified TAXSIM bugs (2017 double std ded; unconditional 2x std for one-earner couples). RERUN 2026-08-11: TAXSIM clean 63.8% 2017 (from 27.3%) and 61-63% 2018-20 (from 46-48); PE clean 77-86%; residual stages split state-AGI + deductions, landing on the 4 KD rows as pre-registered. MGI base and pension-source limitations remain documented 2026-08-22 CLASS SWEEP: landed the DC/CA crosswalk-exposure class, added by sweep rather than per-state dig. Exposed records match at 0.219 against 0.831 unexposed on 4.7% of the clean subset (pooled 2017-2020); the predicate fires on no record in any of the ten states whose encoding gives the class no route, which is the control that rules out ""federal itemizers are simply harder"". TAXSIM cells 0.782/0.820/0.809/0.793 -> 0.778/0.859/0.847/0.828. Encoding unchanged. See class_sweep_2026_08_22.md"
LA,done,done,done,in_progress,blocked_weights,"IT-540 baseline TY2017-2025. THE ENCODING SUBTLETY THAT DOMINATES THIS STATE is where the exemption comes off. Louisiana does NOT subtract the combined personal exemption-standard deduction before applying the brackets: R.S. 47:32(A)(1)/294/295(B), as LDR states them in RIB 21-032 fn.5, require it to be 'deducted from the lowest tax bracket first and then the remaining brackets in increasing order', i.e. tax = sched(tax table income) - sched(E) with bracket bounds anchored to UNREDUCED income. ALL 43,008 CELLS of the published TY2017-TY2024 tax tables reproduce exactly under that rule and NOT under sched(TTI - E) -- a TY2021 single filer with one exemption and 27,625 of TTI owes 765, where the naive form gives 675 (new st_ord.exempt_from_bottom; pinned by LA-1). One consequence: where E exceeds the first bracket (joint/HoH with several exemptions) the excess is relieved at the SECOND bracket rate. THREE RATE REGIMES: 2/4/6% through TY2021 alongside a CONSTITUTIONALLY MANDATED, UNCAPPED federal income tax deduction; 1.85/3.50/4.25% for TY2022-24 after Act 395 of 2021 traded that deduction for lower rates (contingent on Amendment No. 2, ratified 2021-11-13 223,269 to 189,973 -- note the amendment only made the deduction PERMISSIVE and set a 4.75% rate ceiling; the repeal was STATUTORY); and a FLAT 3% from TY2025 under Act 11 of the 2024 Third E.S., verified from R.S. 47:32(A) and IT-540 line 11 ('Multiply Line 10 by .03') -- no TY2025 tax table exists. Bracket bounds NEVER MOVED and were never indexed: 12,500/50,000 for single, MFS AND HoH, doubled for MFJ/QSS. BIGGEST CORRECTION TO THE SECONDARY LITERATURE: the EXCESS FEDERAL ITEMIZED DEDUCTION was NOT repealed in 2022, it was NARROWED to medical and dental only (R.S. 47:293(3)), and the narrowed version is still on the TY2025 return -- line 8A, the itemized total, is collected but UNUSED in the arithmetic from TY2022 (new st_ded.item_less_fed_std; pinned by LA-8a/8b). It points at the FEDERAL standard deduction rather than printing its own amounts, so federal std-deduction reforms reach Louisiana through that line. HoH IS A HYBRID and easy to get wrong: the JOINT exemption base of 9,000 with add-ons starting after ONE exemption, but the SINGLE brackets (verified against 1,344 HoH table cells per year; pinned by LA-4). Exemption structure through TY2024: 4,500 S/MFS, 9,000 MFJ/QSS/HoH, plus 1,000 per exemption beyond the first (S/MFS/HoH) or beyond the second (MFJ/QSS) -- which works out to 1,000 per dependant, per 65+ taxpayer and per blind taxpayer in every status. TY2025 restructures completely: 12,500 and 25,000 (HoH moves to the FULL 25,000) and EVERY add-on repealed, so LOUISIANA HAS NO DEPENDANT ALLOWANCE OF ANY KIND from TY2025, with CPI-U indexation from 2026 (formula enacted, amounts UNPUBLISHED -- indexed here with no rounding, flagged). Retirement: SS 100% exempt EVERY year (code 07E, R.S. 47:44.2) and an age-65 exclusion of 6,000/person doubling to 12,000 for TY2025 (R.S. 47:44.1(A)), base = 1040 lines 4b+5b only, per person so a joint 65+ couple gets 2x. EIC 3.5% (2017-18) -> 5% from TY2019 (Act 6 of 2018 2nd E.S.), refundable, with the 5% window ENACTED to end 2030-12-31 and revert to 3.5% (encoded). CHILD CARE CREDIT IS TWO CREDITS sharing a name, split at 25,000 of federal AGI: at or below, computed from LOUISIANA's own worksheet (expenses capped 3k/6k, lesser-earner limit, sliding decimal, then HALVED) and REFUNDABLE, claimable with no federal credit; above, a share of the FEDERAL credit (30% to 35k, 10% to 60k, then a $25-per-RETURN backstop) and NONREFUNDABLE with a 5-year carryforward (new st_credits.cdctc_style_switch_agi, cdctc_ref_agi_limit, cdctc_cap_per_return; pinned by LA-9/11a/11b). TY2021 ONLY the decimal table collapses to a FLAT .50 row tracking the ARPA expansion -- hard-coding the sliding scale understates that year by a third (LA-10). Filing: NO Louisiana dollar threshold in any year, purely the federal requirement; five statuses that must MATCH federal, so unlike AR/MS/MT there is no separate-columns election to model. KDs: the Schedule E 02E-05E exclusions give 100% exemption to LASERS, Teachers, FEDERAL retirement incl. the military SBP, and a long list of other named Louisiana systems (school employees, State Police, municipal employees and police, parochial, firefighters, Assessors, Clerks of Court, DAs, Registrars, Sheriffs) -- unobservable and the single largest Louisiana gap given how large a share of its retirees are public; the School Readiness Credit MULTIPLIES the care credit by a Quality Start star rating (2.0 at five stars down to zero at one); education relief runs as DEDUCTIONS not credits (codes 17E-19E, 5,000/dependant to TY2023 and 6,000 from TY2024 under Act 423 of 2023 -- the R.S. 47:297(D) education CREDIT was sunset by Act 375 of 2017 and is unavailable from TY2017); a separate 6,000 permanent-total-disability exclusion under code 49E; the net capital gain deduction (20E) survives for sales perfected before 2025-01-01 despite RIB 25-012 calling it repealed; the TY2017-19 foreign-tax-credit add-back election; and the LA Citizens insurance credit (25%, refundable, TY2017-19 only). Act 11 repealed the R.S. 47:32.1 automatic rate-reduction triggers, so there is NO contingent future rate path. UNVERIFIED: TY2026 indexed amounts and the rounding/base-period convention; the >8-exemptions table rule, which is internally inconsistent in the booklet; the federal AMT treatment inside the federal tax deduction (inferred from silence); and an 'Acts 2025, No. 473, eff. Jan 1 2026' amendment to R.S. 47:293 -- the 2025 session was not surveyed. Tests LA-1..LA-11b 2026-08-22 CLASS SWEEP: landed the DC/CA crosswalk-exposure class, added by sweep rather than per-state dig. Exposed records match at 0.185 against 0.944 unexposed on 4.6% of the clean subset (pooled 2017-2020); the predicate fires on no record in any of the ten states whose encoding gives the class no route, which is the control that rules out ""federal itemizers are simply harder"". TAXSIM cells 0.962/0.897/0.896/0.894 -> 0.970/0.940/0.938/0.934. Encoding unchanged. See class_sweep_2026_08_22.md 2026-08-22 CLASS SWEEP: P9 confirmed for this state but ANNOTATED not excluded -- the per-dependent amount is below the $100 harness tolerance, so one dependent aged 18+ cannot produce a mismatch and an exclusion removed matching records (demonstrated on the first rerun). Still bites with two or more such dependents. Encoding unchanged"
MA,done,done,done,in_progress,blocked_weights,"Form 1 baseline TY2017-2025. FIRST SCHEDULAR STATE: statutory income classes at different rates, but over this window they collapse to two -- Part B, Part A interest/dividends AND Part C long-term gains all take the headline rate (5.1%/5.05%/5.0%), and only SHORT-TERM gains diverge (12% to TY2022, 8.5% from TY2023). NOTE interest and dividends take the Part B rate, NOT 12% -- summaries that attach 12% to all of Part A are wrong. Own base (start_point 0): SS wholly excluded, UI taxable, MA bank interest is Part B not Part A (and its $100/$200 exemption was REPEALED for TY2024). NEW GENERIC ob_st_gains_share + st_ord.st_gains_rate split short-term gains out of the gains class -- PA AND AL both had to set the new share to 1 explicitly to keep their treatment (a silent-default regression caught before commit). NO standard or itemized deduction at all: just exemptions ($4,400 per taxpayer / $6,800 HoH / $1,000 dependent / $700 age-65 / $2,200 blind, all CONSTANT and unindexed nine years) plus a short enumerated list. NEW GENERIC payroll_ded_cap ($2,000 PER PERSON for FICA/Medicare/RRTA/public-retirement contributions; the model's return-level payroll tax is split by earned-income shares before each half meets the cap) and medical_exempt (the federal Sch A medical deduction allowed as an EXEMPTION, itemizer or not). NEW GENERIC lic_* expresses No Tax Status AND the Limited Income Credit as ONE mechanism: tax is capped at 10% of MA AGI above a dependent-scaled threshold (8,000 single / 14,400 HoH / 16,400 MFJ, +1,000 per dependent, NOT capped at 6 dependents), so NTS is the degenerate case, the published 1.75x band ceiling needs no encoding, and MFS ineligibility falls out because a 10% cap always exceeds a 5% tax. 4% SURTAX from TY2023 via the existing st_surtax.taxable_income_* -- threshold 1,000,000/1,053,750/1,083,150 and the SAME for every filing status (a sharp marriage penalty). EITC 23% (2017-18) -> 30% (2019-22) -> 40% (2023+), refundable. Child and Family Tax Credit $310 (2023) -> $440 (2024+), refundable, NO cap on dependents. EXTRACTION TRAP: every Form 1 PDF text layer reports the age-65 exemption as $1,700; the printed figure is $700 (agent rendered the region as an image to check) -- a text-layer transcription would be wrong in all nine years. SECOND TRAP: the dependent-care regime changed TWICE (TY2017-20 DEDUCTIONS up to $4,800/$9,600 and $3,600/dependent; TY2021-22 small refundable credits $240/$480 and $180/$360; TY2023+ the CFTC) -- only the last is encoded and the first two are the largest year-specific gap. KDs: US/MA public contributory pension exclusion NOT MODELED (the same pension-source PUF limit as NY/MO/AL, clears with Tier 1); senior circuit breaker (property tax or 25% of rent vs 10% of income, doubled to $2,590 in TY2023) and the rental deduction (50% of rent, cap 3,000->4,000) both Tier-1 blocked; MA's own capital-loss netting with an INDEFINITE carryforward not reproduced; CFTC disabled/elderly branches not reached. mass.gov 403s every non-browser client -- sources came from the NBER archive and the Internet Archive. No qualifying widow(er) status; from TY2024 federal-joint forces MA-joint (TIR 24-4). Tests MA-1..MA-9 CROSS-MODEL TRIAGE 2026-08-21: flat 0.550-0.571 across all four TAXSIM years, ours-high on 79-84% of mismatches. Cause found and FIXED our side -- the unencoded TY2017-2020 dependent-care regime (Form 1 lines 12/13), identified to the dollar from the implied deduction base (1 dep -> 3,600, 2 deps -> 7,200, 3 deps -> 7,200 count cap; the 2020 modes are the same amounts at 5.0% not 5.1%). Both branches now encoded via a NEW GENERIC care_hh_member_amt/care_hh_member_age_limit/care_ded_mfs_ineligible extension to the VA care_exp_ded family, plus tests MA-10..MA-13. OPEN: zero-dependent class with implied base +/-2,000 (the line 11 payroll-deduction spouse split, ~$100/record). WARNING: TAXSIM's v36 for MA omits the line 11 payroll deduction, so the stage table's $2,000 taxable-income gap is definitional -- 99.7% of those records match on liability; the 5,600/9,200 modes are 2,000 payroll + 3,600/7,200 care. RE-RUN 2026-08-21 (job 22970509): 0.552/0.550/0.551/0.571 -> 0.623/0.626/0.636/0.657, and the BIAS is gone -- median diff for 2-dependent returns went +$191 -> +$0.002, 3-dependent +$302 -> +$0.12; records with a dependent but none under 12 correctly did not move. RESIDUAL IS NOW THE LINE 11 PAYROLL DEDUCTION AND LOOKS LIKE TAXSIM'S ERROR BOTH WAYS: 741 records where we run $102 low (96.4% joint, median AGI 137k, our ded 4,000 = both spouses at the per-person cap; TAXSIM behaves as if the cap were 2,000 per RETURN, but Form 1 has separate lines 11a/11b) and 496 where we run $102 high (89.1% with Social Security, 71.8% aged 65+, median age 69, we correctly allow 0 with no payroll tax; the booklet expressly disallows Medicare PREMIUMS, the obvious candidate -- mechanism INFERRED, not probed). Neither has a KD row yet: both need the taxsim_bug_reports.do probe first. PROBES DONE 2026-08-21 (T16/T17, verified on BOTH the local WASM and the live NBER server; artifacts in cross_model/bug_reports/): T16 = TAXSIM caps line 11 at $2,000 per RETURN not per person (joint 60k/60k returns 5,569.20 vs correct 5,467.20; implied ded pinned at 2,000 across 60k/30k and 60k/10k too; singles correct). T17 IS BROADER THAN THE RESIDUAL SHOWED -- not 'retirees with no earnings' but a FLAT $2,000 to ANY MA return with positive gssi, ADDITIVE on top of a legitimate wage deduction: gssi of 5k/10k/20k/30k/60k ALL draw exactly 2,000 while gssi 0 draws nothing, so it is not FICA on the benefit either; a wage-earner with SS gets 4,000 where 2,000 is right; age irrelevant. Same shape as UT T7. Both now KD exclude rows (filing_status==2 & ei1>0 & ei2>0; gross_ss>0), which required adding ei1/ei2 to the harness exposure covariates. Emails to feenberg@nber.org NOT yet sent. RE-RUN 2026-08-21 (job 22984034): T16/T17 exclusions take MA to 0.735/0.740/0.745/0.737. n_clean falls ~12,000 -> ~7,150, so ~40% of the clean subset now sits behind a KD row -- defensible only because both are probe-verified TAXSIM defects, but MA's score is now measured on a narrower population. STILL ~0.74 vs a 0.95 bar with the residual UNATTRIBUTED; next step is a synthetic probe, not more residual arithmetic. PE window untouched (0.215/0.670/0.810/0.832) and 2021 remains the worst cell anywhere in MA. 2026-08-22 CLASS SWEEP: P9 confirmed for this state but ANNOTATED not excluded -- the per-dependent amount is below the $100 harness tolerance, so one dependent aged 18+ cannot produce a mismatch and an exclusion removed matching records (demonstrated on the first rerun). Still bites with two or more such dependents. Encoding unchanged 2026-08-22 PE-2021: PE nets the Chapter 62F taxpayer refund into TY2021 -- PROPORTIONAL, 14.0312% of TY2021 liability (516.35 on a 3,680 liability at 80k single), not flat. P5 row added. BUT excluding it removes 65.7% of the cell and lifts it only 0.168 -> 0.408, so the 62F refund is NOT the whole 2021 story and a second cause is unidentified. MA's other PE years are weak too (0.634/0.810/0.835). OPEN. See pe_window_2021_and_hi.md"
MD,done,done,done,in_progress,blocked_weights,"Form 502 STATE-level baseline TY2017-2025 (county tax deferred to locality phase); unindexed schedules + TY2025 6.25/6.5% brackets and 2% cap-gains surtax >350k FAGI; 15%-of-AGI std ded w/ min/max (flat 2025); item_fed_gate best-of election; banded 3,200 exemptions (tier machinery); pension exclusion less GROSS SS, IRA-ineligible; $1,200 two-income sub; RELIEF UI cliff 2020-21; EITC 50% nonref / 27-28-45% ref (dual-option) + childless 100% capped 2021+; CTC under-6 2023+; senior credit 2022+ w/ one-65 tier. Tests MD-1..9. CRITICAL cross-model: TAXSIM excludes county tax (compare as-is; pre-registered TAXSIM bugs: 2019/2020 std ded values, pension SS-offset missing); PE includes county tax (Allegany default) -- harness now requests state-only md_income_tax. Initial run: TAXSIM clean 58-70% -- the 2019 std-ded bug shows exactly as pre-registered (match@15 24% vs match@100 69.5%); PE clean 84-89% (the md_income_tax fix verified -- Allegany contamination would have zeroed it). TRIAGE 2026-08-11: 2019 std bug pinned (TAXSIM applies the MINIMUM 1,550/3,100 where the max caps; probe-verified; exclude KD + issues-doc T8; 2020 merely one index step stale, ~$2-5); +$57 mass = TAXSIM attributing joint unearned income in the two-income sub (our proxy is earned-only; annotate KD); +$142 mass = OUR missing dependent-care subtraction (Form 502 line 9) -- NOW ENCODED via the VA care_exp_ded machinery (test MD-10; 15%-std-base nuance documented). CLOSE-OUT RERUN: TAXSIM 0.60/0.72/0.71/0.69 (the 2019 std bug binds match@15 only -- annotate, not exclude; an over-broad exclude was reverted), PE 0.85-0.91. 2026-08-22: NOT closed. Landed the DC/CA crosswalk-exposure class (itemizers 0.179 vs non-itemizers 0.921); cells 0.625/0.753/0.739/0.729 -> 0.953/0.927/0.911/0.896. T18 was PROBED for MD and does NOT apply -- MD care effect varies correctly with spouse earnings, so TAXSIM applies the 21(d) limit there; the MD care residual (0.447 vs 0.740) is real but undiagnosed. Remaining residual concentrated in joint returns (2019: 0.883 vs 0.972 single). The std-deduction-minimum row stays annotate -- a prior exclude on its signature depressed 2019 to 0.488; only the HoH slice breaches $100 and excluding it moves 2019 just 0.929 -> 0.934. PE window (0.870-0.939) untriaged UPDATE same day: the fed_aligned federal-taxable-income fix lifted MD TAXSIM to 0.9655/0.9542/0.9448/0.9255. 2017-2018 clear, 2019-2020 do not, and the binding constraint is now the untriaged PE window (worst 0.8702)"
ME,done,done,done,in_progress,blocked_weights,"Form 1040ME baseline TY2017-2025. Three-bracket 5.8/6.75/7.15% (2019 MFJ/HoH UPPER thresholds derived from the tax table + statutory ratios -- packet flag); std = federal amounts (2025 pre-OBBBA per Dec-31-2024 conformity); WHOLE-DEDUCTION linear phase-out every year (std via $1-step share machinery, itemized via item_limit_po share1=1, same thresholds; cap-then-phase-out order verified and machinery REORDERED to match, OK/NY-preserving); Schedule 2 itemized = fed itemized less taxes-paid plus UNCAPPED property (5125(3)(A-1)), $28,600->$36,300 cap w/ ONLY medical exempt (charitable carve-out repealed 2015 -- review note was wrong); exemption: 2017 = federal incl. deps + PEP, 2018+ taxpayer/spouse-only w/ linear /125k phase-out; pension deduction per person less GROSS SS (10k->25k->30k->$45,864 2024 SS-MAX RULE not the superseded 35k->$48,216 2025) + NEW 2025 FAGI phase-out (new pension_excl_po_thresh/width); military pensions fully exempt (unobservable, KD); EITC REFUNDABLE ALL YEARS (since 2016 -- review's nonref-through-2019 was wrong): 5%->12%/25%-childless (2020)->20% flat (2021)->25%/50% (2022+); DETC $300 nonref 2018-23 -> refundable 2024 -> 2025 restructure $610-under-6/$305 w/ $20-per-$500 po (new ctc_po_step param); CDCC 25% refundable-up-to-$500 (new cdctc_ref_cap); STFC ENCODED (income-keyed, NOT Tier-1-blocked as the review assumed) as dense stfc table, all 9 vintages transcribed + verified; PTFC documented (Tier 1, PE models it). Tests ME-1..ME-9 2026-08-22 CLASS SWEEP: landed the DC/CA crosswalk-exposure class, added by sweep rather than per-state dig. Exposed records match at 0.462 against 0.926 unexposed on 2.2% of the clean subset (pooled 2017-2020); the predicate fires on no record in any of the ten states whose encoding gives the class no route, which is the control that rules out ""federal itemizers are simply harder"". TAXSIM cells 0.983/0.903/0.892/0.895 -> 0.990/0.915/0.905/0.905. Encoding unchanged. See class_sweep_2026_08_22.md 2026-08-22 PE-2021: the collapse (0.143 vs 0.874-0.889 in 2022-24) is P5 -- PE nets Maine's 850 relief payment (LD 1995, 2022) into TY2021. Probe-verified at 80k single; like the NM trio the variable is nonzero every year but only inside me_refundable_credits in 2021, so the row is year-scoped. Excluding it lifts 2021 to 0.881 but removes 83.8% of the cell, so treat 2021 as dropped; the verdict rests on 2022-2024, which do NOT clear. UI was tested first and refuted (non-UI records missed just as badly). See pe_window_2021_and_hi.md"
MI,done,done,done,in_progress,blocked_weights,"MI-1040 baseline through TY2025; exemptions and refundable EITC covered. TRIAGE 2026-08-11: no MI encoding defects found — 6-case TAXSIM probe matches non-senior and Tier-2 shapes to the cent; TAXSIM applies the Tier-2 $20k/$40k to ALL 67+ (ignores Tier-1's $52,808 pension cap AND grants 20k to Tier-1 non-pensioners) — pre-registered as an external-model-bug KD row; the +$386/~9,082-deduction point mass needs record-level raw data (harness machine). Retirement subtraction ENCODED 2026-07-23 (elderly survey): per-return older-spouse age bands (new pension_excl_band_* family) for the Form 4884 birth-year tiers (Tier 1 indexed cap 50,509->65,897 single; Tier 2 20k/40k) + PA 4 of 2023 phase-in (25/50/75/100%, expanding windows, everyone 59+ from 2026); senior investment income subtraction (born <1946) AND the Tier-2/3 all-income Michigan Standard Deduction (20k/40k at 67+, Tier-3 SS/exemption netting, exclusive w/ 4884 -- calculator takes better) also encoded; tests MI-2..10. Known-differences: public-pension source, 457/TSP/unmatched-401k in the PUF pension pool, military reductions, SSA-exempt/fire-police/surviving-spouse elections. Rerun 2026-08-11: TAXSIM clean 64% flat 2017-20, PE 56-68%. +$386 point mass RESOLVED: NOT a deduction — TAXSIM nets the MI-1040CR-7 home-heating credit (flat $349/351/386/418 by year, 90% of the one-exemption allowance) wherever its household income collapses to $1.01, incl. multi-million-AGI records; new exclude KD row + issues-doc T6 (TAXSIM clean 68% after exclusion); homestead credit remains documented"
MN,done,done,done,in_progress,blocked_weights,"TRIAGE 2026-08-11: NO encoding defects found — 11-case TAXSIM probe exact (or ~$1 indexed rounding) across all three regimes, dependents, sliding SS subtraction, marriage credit, and WFC at all four edges (KD row); residual = itemizer-concentrated (M1SA components + SALT circularity) + the documented 2017 M1M addbacks; childless M1CWFC phase-out corrected 9%->12% 2023+ (21dcbc7e1). Form M1 baseline TY2017-2025; fed-taxable start 2017 -> FAGI 2018+ (year-keyed); TY2018 TCJA-nonconformity year = TCJA FAGI + MN pre-TCJA stack (M1NC residuals documented); 4-bracket schedule (6.80% tier from 2019); MN std/itemized w/ two-tier + flat-80% limitation on BOTH deductions (2023+); dependent exemptions w/ 2%/2,500 share phase-out; dual SS regimes (sliding 2017-22; greater-of simplified stepped/frozen-sliding 2023+); WFC 2017-22 (CalEITC machinery) + M1CWFC 2023+ (new combined cwfc machinery, joint phase-out); marriage credit (new mc machinery, single-schedule shares); capped M1CD; 1% NIIT >$1M 2024+ (new inv_income surtax). Eight generic components added. Known-differences: 2017 M1M addbacks, M1SA medical/misc/casualty proxies, 2021 ARPA CDCTC, renter credit 2024+ (STRUCTURAL, PE includes), MN AMT document-only, QPEN/military/K-12/529 skipped. Initial cross-model: TAXSIM clean 49-67% (2018 nonconformity year BEST at 67.3% -- the pre-TCJA-stack encoding holds; median taxable wedge 0, exemptions agree to $6; residuals = std-deduction detail on 27% of non-itemizers ~$2k, WFC schedule edges cor 0.91/67% agree, -$329 credit point mass), PE clean 75-82% (2024 lowest = renter credit as expected). RERUN 2026-08-11: TAXSIM window unchanged as designed; PE 2023/24 clean +0.3pp only (76.8/75.5%) — the 12% M1CWFC fix has a small clean-subset footprint, renter credit remains the dominant 2024 wedge 2026-08-15 (CA close-out spillover): the state-only-itemization fix (*_item_ded_potential) plus the standard crosswalk-exposure KD row lifts the TAXSIM clean window to 0.859/0.883/0.783/0.780 (from 0.49-0.67)."
MO,done,done,done,in_progress,blocked_weights,"Form MO-1040 baseline TY2017-2026. Federal-AGI start; equal-width INDEXED micro-bracket schedule encoded with PUBLISHED base_amounts (OH precedent) because the chart's printed bases are not the integrated cumulative tax -- TY2023 prints $180 at $7,242 where integration gives $181.05; pre-2023 band 2 taxes the WHOLE income at 1.5% so its base is 1.5% x the first taxable dollar. Top rate 6.0->5.9->5.4->5.3->4.95->4.8->4.7; two further -0.1pp trigger cuts NOT encoded (NC/MS precedent). NEW GENERIC fed_tax_ded component (shared with AL/OR): base = 1040 line 22 (liab_bc - nonref), AMT IN, SE tax OUT, per-state flags for which refundable credits net off (MO: EITC/AOC/net PTC, NOT the ACTC) and NIIT add-back; $5,000/$10,000 cap; AGI-tiered 35/25/15/5/0% share bands on MO AGI -- SAME bands for every filing status (a marriage penalty secondary sources often miss) and hard CLIFFS not phase-outs. NEW GENERIC combined_split (MO-1040 lines 7/26/27/30): deductions pooled at return level, TAXABLE income split by each spouse's share of MO AGI rounded half-UP to whole percent, schedule run per spouse -- distinct from KY combined_sep; sched_tax_at() made base-amount aware so the split uses the published chart. NEW GENERIC std_equals_federal (RSMo 143.131.2 adopts the federal std outright, carrying aged/blind and dependent limits exactly); item_add_payroll (MO-A Part 2 adds employee FICA/Medicare/RRTA/SE tax to the itemized base -- a large add-back commonly omitted); retire_exempt_* (MO-A Part 3 taken as a DEDUCTION after MO AGI, since line 6 is what the fed-deduction bands read, each piece falling $1-for-$1 above its own limit; SB 190 removed the SS limits at TY2024 but NOT the private pension ones -- pinned by MO-10a/b); bus_excl_share (143.022 BID, read off each booklet: 0/.05/.10 for 2019-21/.15/.20 from 2023, NOT the even 5-point-a-year statutory reading). TY2025 100% capital gains subtraction (HB 594). Exemptions: 2017 only, plus the $1,400 HoH/QW amount which vanished 2018-2021 and RETURNED on the TY2022 form. BIGGEST KD: public pension exemption (up to the year's max SS benefit, $37,089->$47,633) NOT MODELED -- public/private split of txbl_pens_dist unobserved, the NY govt-pension precedent; overstates MO tax for government retirees, clears with the Tier 1 pension-source imputation. TY2026 rates/brackets from the DOR withholding formula, base amounts projected. Tests MO-1..MO-14 2026-08-22 CLASS SWEEP: landed the DC/CA crosswalk-exposure class, added by sweep rather than per-state dig. Exposed records match at 0.299 against 0.898 unexposed on 3.4% of the clean subset (pooled 2017-2020); the predicate fires on no record in any of the ten states whose encoding gives the class no route, which is the control that rules out ""federal itemizers are simply harder"". TAXSIM cells 0.910/0.867/0.871/0.867 -> 0.914/0.893/0.897/0.890. Encoding unchanged. See class_sweep_2026_08_22.md"
MS,done,done,done,in_progress,blocked_weights,"Form 80-105 baseline TY2017-2030. Own-base state that NEVER takes a federal AGI figure -- federal AGI appears on the whole return in exactly two places (the medical floor and the child care credit cliff). Brackets are the SAME for every filing status and the $10,000 top-bracket threshold NEVER MOVES in 2017-2030; the only moving parts are the zero-bracket ceiling and the top rate. CRITICAL READING: the '3% bracket phase-out' was never a rate cut -- a ZERO BRACKET appeared in TY2018 and grew $1,000/yr from below until it had eaten the 3% band by TY2022, then jumped to $10,000 in TY2023 killing the 4% band too. Encoding it as a disappearing 3% RATE gets every intermediate year wrong (pinned by MS-2a/2b). Zero bracket: none/1k/2k/3k/4k/5k/10k for 2017-2023+. Top rate 5% through TY2023, 4.7% (2024), 4.4% (2025), then ENACTED 4.0% (2026, HB 531 of 2022) and 3.75/3.5/3.25/3.0% for 2027-2030 (HB 1 of 2025). TY2031+ reductions are TRIGGER-CONTINGENT on the Working Cash-Stabilization Reserve Fund plus revenue tests -- NOT encoded (NC/MO convention). BIGGEST FEATURE: retirement income is EXEMPT IN TOTAL -- SS, Railroad Retirement, and pensions/IRAs/401(k)s from federal, state AND PRIVATE systems alike ('exempt in total', every booklet line 46). And it is MECHANICAL not computed: the instruction is 'do not report', so it never enters the base and there is nothing to subtract (ob_retirement_share = ob_ira_share = ob_ss_share = 0). UI is TAXABLE, unlike several neighbours. Exemptions do the work of a standard deduction: 12,000 joint / 6,000 single / 8,000 head of family, plus 1,500 each for dependents, 65+ and blindness -- ALL UNCHANGED 2017-2025 and nothing indexed. HoF TRAP: the booklets describe an effective 9,500 but the extra 1,500 is the REQUIRED dependent already counted on the dependent line, so encoding 9,500 double-counts. Std deduction 4,600/2,300/3,400, unchanged. NO EITC -- a VERIFIED NEGATIVE (the only 'earned income' string in any booklet is the FEDERAL credit used as an eligibility test inside the Reforestation Credit; no credit code exists). NO CREDIT IS REFUNDABLE in any year. Child care credit 25% of federal from TY2023 ONLY -- the pre-2023 'Business Child/Dependent Care Credit' is an EMPLOYER credit and the TY2017 booklet warns in bold it is not the federal one (pinned by MS-7a/7b). KDs: the combined return runs TWO parallel columns so a two-earner couple gets TWO zero-brackets (20,000 sheltered at TY2025 rates vs 10,000 for one earner), and the exemption/std deduction may be split FREELY between spouses -- an optimisation the booklet invites; needs the same per-spouse machinery as AR status 4. Also: early/excess distributions, severance and pre-retirement deferred comp stay TAXABLE despite the total exemption; 27-7-9(f)(10) gives a 100% UNCAPPED exclusion for gains on MS-domiciled stock/LP/LLC interests held >1yr (unmodellable); MS casino winnings carry a 3% FINAL withholding, are excluded from income and the withholding is NOT creditable; out-of-state muni interest is taxable BY CONSTRUCTION with no addback line; TY2017 alone had a Pease-style MS itemized limitation. UNVERIFIED: no head-of-family filing threshold is printed in ANY booklet -- the encoded 11,400 is the arithmetic analogue (8,000 + 3,400), flagged not transcribed. Tests MS-1..MS-7b 2026-08-22 CLASS SWEEP: landed the DC/CA crosswalk-exposure class, added by sweep rather than per-state dig. Exposed records match at 0.361 against 0.838 unexposed on 21.5% of the clean subset (pooled 2017-2020); the predicate fires on no record in any of the ten states whose encoding gives the class no route, which is the control that rules out ""federal itemizers are simply harder"". TAXSIM cells 0.849/0.707/0.707/0.704 -> 0.848/0.835/0.832/0.837. Encoding unchanged. See class_sweep_2026_08_22.md 2026-08-22 CLASS SWEEP: P9 confirmed for this state but ANNOTATED not excluded -- the per-dependent amount is below the $100 harness tolerance, so one dependent aged 18+ cannot produce a mismatch and an exclusion removed matching records (demonstrated on the first rerun). Still bites with two or more such dependents. Encoding unchanged"
MT,done,done,done,in_progress,blocked_weights,"Form 2 baseline TY2017-2025. TWO REGIMES with SB 399 (2021) as the pivot, effective TY2024, and almost nothing survives the transition. THROUGH TY2023: federal-AGI start; a SEVEN-BRACKET ladder 1%-6.9% (6.75% from TY2022 under SB 159) whose bracket bounds are THE SAME FOR EVERY FILING STATUS; a standard deduction that is 20% of MONTANA AGI clamped between an indexed floor and cap, with single/MFS on the low bounds and MFJ **AND HEAD OF HOUSEHOLD** on bounds exactly twice as large; and a per-exemption amount ($2,400 in 2017 to $2,960 in 2023) counted as self + spouse + each dependant + one per 65+ + one per blind. THE STRUCTURAL FEATURE: the FEDERAL INCOME TAX DEDUCTION sat INSIDE the Montana itemized schedule, so a standard-deduction taker forwent it entirely -- which is why so many Montanans itemized for state purposes while taking the federal standard deduction, and why the state election must be computed independently rather than inherited (new st_ded.fed_tax_ded_in_itemized; pinned by MT-2). Its cap is $5,000 single/MFS/**HoH** and $10,000 MFJ, never indexed -- note HoH is grouped with SINGLE here and with JOINT on the standard deduction, the two groupings running in opposite directions (pinned by MT-3). FROM TY2024: two brackets 4.7%/5.9% with bounds that DO vary by status (HoH exactly 1.5x single, MFJ exactly 2x); the FEDERAL standard deduction or federal itemized less state income tax but not below the federal standard (the best-of election reproduces that floor); no exemptions at all; and a single $5,500 subtraction per 65+ taxpayer ($11,000 MFJ both 65+), indexed to $5,660 from TY2025. SB 399 set the TY2024 top rate at 6.5% and SB 121 (2023) cut it to 5.9% BEFORE IT EVER APPLIED, so 6.5% was never law for anyone; HB 337 (2025) enacts 5.65% for TY2026 and 5.4% for TY2027 -- 5.65% is a TY2026 figure that secondary summaries have misdated to TY2024/25, and it is not encoded pending the published tables. CAPITAL GAINS SWAPPED FORM: a 2% nonrefundable credit on TOTAL net capital gain through TY2023 (new st_credits.kg_credit_rate), replaced from TY2024 by HB 221's PREFERENTIAL 3.0%/4.1% schedule on net LONG-TERM gain, stacked federal-style so ordinary income fills the low bracket first (new st_ord.kg_pref_rate_low/_high/_thresh; pinned by MT-9a/9b). HB 221 also repealed SB 399's 30% LTCG subtraction before it took effect, so that subtraction was never law either. Retirement pre-2024: a per-taxpayer pension/annuity/IRA exemption ($4,110 in 2017 to $5,060 in 2023) with NO AGE TEST, reduced by TWO DOLLARS PER DOLLAR of federal AGI above an indexed threshold (new st_agi.pension_excl_po_rate; pinned by MT-4), plus an $800/$1,600 interest exemption for 65+ that was never indexed (new st_agi.int_excl_senior; MT-5). Both repealed TY2024. EITC 3% from TY2019 (NOT 2017 -- HB 391 created it in 2017 but the DOR dates the first effective year to 2019 and there is no EITC line on the 2017 or 2018 return), 10% from TY2024 under SB 121, 20% from TY2026 under HB 337, refundable throughout. NO CHILD AND DEPENDENT CARE CREDIT ever existed -- what Montana had was an itemized DEDUCTION on Form 2441-M, repealed with the schedule. BIGGEST KD: filing status 2a, married filing SEPARATELY ON THE SAME FORM, ran two columns with a per-spouse standard deduction, a per-spouse pension exemption and the SAME status-invariant ladder in each -- near-universally better for two-earner couples through TY2023, and the only route to the care deduction for a married non-joint filer; needs the generic min-liability election pass already queued for WI Act 15, AL separate returns and the AR low-income tables. Second KD: Montana ran its OWN IRC 86 Social Security schedule on a MONTANA modified-income base (so the pension exemption fed back into it) with MFS base/second-tier amounts of $16,000/$6,000 in BOTH columns where federal zeroes them -- the model carries the federal taxable amount. Third: the federal tax deduction is CASH-BASIS (tax PAID in the year, sub-lines 4a-4d) and its refund is a Montana addition computed on a full tax-benefit worksheet needing the PRIOR year's Montana taxable income -- a one-year lag the cross-section cannot carry. Also not modeled: the Elderly Homeowner/Renter Credit (refundable, age 62, household income under $45,000, claimable with no filing requirement, and it SURVIVED SB 399 unchanged), the HB 225 adoption credit, the SB 554 pass-through entity credit, and the TY2024 transition adjustments. Tests MT-1..MT-11b 2026-08-22 CLASS SWEEP: landed the DC/CA crosswalk-exposure class, added by sweep rather than per-state dig. Exposed records match at 0.338 against 0.940 unexposed on 16.2% of the clean subset (pooled 2017-2020); the predicate fires on no record in any of the ten states whose encoding gives the class no route, which is the control that rules out ""federal itemizers are simply harder"". TAXSIM cells 0.933/0.817/0.810/0.823 -> 0.940/0.935/0.933/0.953. Encoding unchanged. See class_sweep_2026_08_22.md 2026-08-22 PE-2021: PE nets the HB 192 (2023) income tax rebate (1,250) into TY2021; probe-verified, P5 row added as documentation. HOWEVER excluding it removes 68.3% of the cell and the cell moves DOWN, 0.300 -> 0.287 -- the excluded records were matching BETTER than the remainder, so Montana's 2021 residual is dominated by something else entirely and is NOT yet attributed. MT 2021 remains failing. Note PE also exposes mt_property_tax_rebate (property-based, one-sided for us at Tier 1), exported as a diagnostic. OPEN. See pe_window_2021_and_hi.md"
NC,done,done,done,in_progress,blocked_weights,"D-400 baseline through TY2026; generic child-deduction table and component itemization covered; post-2026 contingent rate triggers and Schedule S exceptions remain documented. SS deduction (105-153.5(b)(6)) was MISSING and added 2026-07-23 (elderly survey; test NC-4); rerun: TAXSIM clean 67-75% (+8-9pts, 2018 outlier 53.5% remains), PE window 93.4-97.0% clean (2021-22 above the 95% bar). TRIAGE 2026-08-11: 2018 outlier = OUR SB 99 std-deduction anchor a year early ('2018' -> '2019'; TAXSIM and the 2018 D-401 agree on 8,750/17,500; fixed, test NC-5b) -- same class as the GA HB 593 fix; 2017 masses (+100/125/200) = OUR missing TY2017 credit for children (105-153.10) -- NOW ENCODED via the CO tier machinery (test NC-5); TAXSIM omits its upper AGI cutoff (7-record tail, annotate KD). CLOSE-OUT RERUN: 2018 clean 0.535 -> 0.741 (in line with 2019-20 0.75), 2017 0.669 -> 0.711 2026-08-15 (CA close-out spillover): the state-only-itemization fix (*_item_ded_potential) plus the standard crosswalk-exposure KD row lifts the TAXSIM clean window to 0.908/0.960/0.965/0.959 (from 0.71-0.75), crossing the bar 2018-2020. 2026-08-22: 2017 child credit was being REFUNDED (params_schema ctc_refundable defaults to 1, nc/credits.yaml never overrode); G.S. 105-153.10(a) is a credit against tax and TAXSIM agrees (v40 populated, siitax 0) -- fixed, test NC-5c; TAXSIM cells 0.909/0.964/0.969/0.962 -> 0.970/0.970/0.974/0.971. OPEN: PE 2024 0.9457, two records above the bar, high-income scatter, not chased"
ND,done,done,done,done,blocked_weights,"Form ND-1 baseline through TY2025; federal-taxable-income start, rolling conformity; graduated schedule (distinct MFS) + HB1158 three-tier from 2023; 40% net-LTCG and 40% qualified-dividend exclusions (new shared cap_gains/div_excl params); SS none/2019-20 AGI-capped-all-ages (new ss_full_sub_allages param)/full 2021+. Known-differences: US-obligation subtraction (PUF share unobserved), military pay/retirement, family-member-care credit (not representable; the marriage-penalty credit WAS on this list and is now encoded -- see below). TRIAGE 2026-08-11: the PE 2021-22 collapse (0.46-0.48 vs 0.86-0.87 in 2023-24) = OUR omission of the HB 1515 resident tax relief credit ($350/taxpayer, TY2021-22, nonrefundable ON-RETURN Form ND-1 credit -- inside the liability concept, unlike mailed rebates); documented-not-modeled call REVERSED, encoded via the KY exempt_credit machinery (tests ND-8/ND-8b); PE models it (flat +350/700 masses + zeroed small liabilities). CLOSE-OUT RERUN: PE 2021/22 clean 0.480/0.464 -> 0.948/0.927 (2021 within 0.2pp of the bar); TAXSIM window 0.73-0.79 unchanged (fed-taxable-start v32 caveat class) 2026-08-22 ND PROBE (queued by the class sweep, which refused it a swept row): the crosswalk-exposure class has NO route into ND -- TAXSIM never populates v35 (share 0.0000, max 0 all four years) and federal itemizers are 1.3-1.5% of the clean subset, so excluding every one moves 2019 only 0.929 -> 0.937. The control was right. The residual is in CREDITS not the base (our ND taxable income agrees with v36 on 86-91% of misses; our credits agree with v40 on 1.3-1.6%), and it is ONE cause: the MARRIAGE PENALTY CREDIT (N.D.C.C. 57-38-01.28, Form ND-1 line 22). 98.4-98.7% of misses are two-earner joint returns, matching at 0.556-0.583 against 0.997-1.000 for statuses 1/3/4; the gap ceiling is 188/192/195/198 by year and the 2019 modes are +122 and +195. The probe reproduces the statutory shape exactly (0.00 for one earner, rising with the lesser share, capped) and all four TAXSIM ceilings MATCH the published booklet maxima -- TAXSIM implements the worksheet, so this is not an external-model issue. OUR 'not PUF-representable' call is RETRACTED: TAXSIM receives no more per-spouse detail than we do, and the worksheet computed from pmin(ei1,ei2) with our own single/MFJ schedules reproduces v40 within $1 on 98.3% of affected records. Cells would move 0.9810/0.9253/0.9290/0.9272 -> 0.9986/0.9988/0.9989/0.9988 (misses 132/667/629/621 -> 10/11/10/10) and match@15 to 0.994. Parameters for 2017-2025 primary-sourced from the nine Form ND-1 booklets (output/class_sweep/nd_marriage_credit_params.csv). See nd_marriage_credit_probe.md ENCODED AND CLOSED 2026-08-22: the marriage penalty credit needed NO new calculator code -- its worksheet is arithmetically the same mechanism as MN Schedule M1MA, so it reuses the generic mc_* family (mc_style/mc_min_joint_txbl/mc_min_lesser_income/mc_share_offset/mc_max/mc_single_brackets), six subparameters x nine years, each citing its worksheet line. Precondition verified rather than assumed: ND's ordinary rates do NOT vary by filing status in any year 2017-2025, which is what the shared-rates generic requires. Tests ND-9/9b/9c/9d/9e (below the cap 59.69, at the cap 195, one-earner declines, each gate in isolation, single ineligible); full suite green. PolicyEngine was probed FIRST because the credit also runs 2021-2024 where ND was already clear -- PE models it (286.66 vs the statutory 287.00 in 2023), so both windows moved up. CONFIRMED: TAXSIM 0.9810/0.9253/0.9290/0.9272 -> 0.9986/0.9988/0.9989/0.9988 and PE 0.9945/0.9762/0.9763/0.9694 -> 1.0000/0.9857/0.9871/0.9891, matching the probe's prediction to four decimals; match@15 0.910-0.970 -> 0.986-0.995. ALL EIGHT CELLS CLEAR, worst 0.9857. No cell outside ND moved. Residual is 41 records of 33,249 (0.12%): the 2017 ten are all joint with the credit positive and ours low by ~126 (the two-part 2017 allowance approximation, which reproduced at 0.864 against 0.983 post-TCJA), and the 28 non-joint 2018-2020 misses carry NO TAXSIM credit and only small base gaps (median -35), so they are diffuse and point nowhere yet -- ND's documented non-representable items (US-obligation interest share, military pay/retirement, family member care credit) are the standing candidates. Added a data-proxy ANNOTATE row for the part of statutory qualified income we cannot see per spouse (taxable SS and IRA/pension), annotate because TAXSIM shares the limitation exactly"
NE,done,done,done,in_progress,blocked_weights,"ENCODED 2026-08-13 (6 YAMLs, 11 worksheet cases NE-1..NE-6b). Cross-model not yet run. First filing-status-mapped use of recapture_agi_start/recapture_width, validated by NE-2/2b. Three packet figures reproduce to the cent (NE-1 1,997.68; NE-3 4,105.32; and BOTH halves of the SS greater-of, 460.82 at AGI 61,000 and 1,022.42 at 65,000, the $561.60 step being a real statutory cliff). ONE PACKET FIGURE WAS WRONG: TY2022 for the retired couple is 5,963.85, not the drafted 5,963.23 -- hand-summing the four brackets on 119,300 gives 6,255.852 less two $146 credits, so the 62 cents is a slip in the packet and the computed value is what the test asserts. SS is a statutory greater-of and ss_full_share is already a pmax over the percentage and the AGI-limited paths, so both are encoded directly. BOTH OPEN DECISIONS CALLED: D2 (refundability) goes REFUNDABLE because the alternative zeroes the low-income credit for exactly its target population -- the per-exemption credit already drives NE tax to zero up to roughly $30-45k of AGI -- at a cost of understating liability by up to ~$525 for units above $29,000 with low NE tax. D1 (the refundable credit's base) is NOT fixable: the form recomputes from EXPENSES while the share table multiplies the liability-limited federal credit, understating refunds by up to ~$1,050/one child. IF THE MODULE EVER EXPOSES A PRE-LIMITATION FEDERAL CDCTC, NEBRASKA SHOULD BE REVISITED FIRST AMONG ALL STATES. The care credit's eight $1,000 steps do not fit the six-slot share family and are linearized (<= half a step). Largest omission: Form PTC property tax credits, ~$0.5-1.0bn/yr statewide at their 2022-23 peak -- ANY NE AGGREGATE BENCHMARK FOR 2020-2023 MUST BE NET OF PTC 2026-08-22 CLASS SWEEP: landed the DC/CA crosswalk-exposure class, added by sweep rather than per-state dig. Exposed records match at 0.292 against 0.989 unexposed on 4.6% of the clean subset (pooled 2017-2020); the predicate fires on no record in any of the ten states whose encoding gives the class no route, which is the control that rules out ""federal itemizers are simply harder"". TAXSIM cells 0.990/0.946/0.951/0.950 -> 0.992/0.988/0.990/0.988. Encoding unchanged. See class_sweep_2026_08_22.md"
NH,done,done,done,done,blocked_weights,Narrow investment-income profile encoded through 2024 repeal; PUF base omits some NH taxable distributions and federally exempt interest
NJ,done,done,done,todo,blocked_weights,"NJ-1040 baseline TY2017-2025. STRICTEST OWN-BASE STATE: enumerated gross-income CATEGORIES, a loss in one may NOT offset another, no carryovers at all (ob_class_floor 1, the PA rule) -- pinned by NJ-6. SS and UI both fully exempt. NO standard deduction. Two rate schedules only (Table A single/MFS, Table B MFJ/HoH/QSS); the form prints a subtract-a-constant worksheet but it is arithmetically identical to a marginal ladder (checked at the top bracket: .1075 x 1,000,000 - 32,926.25 = 74,573.75 = the ladder's cumulative tax). Only the TOP bracket ever moved: 10.75% created at 5,000,000 for TY2018, dropped to 1,000,000 for TY2020; every lower bound is byte-identical in all nine booklets and NOTHING is indexed. PENSION EXCLUSION is the intricate part and needed NEW GENERIC pension_excl_tier_{bounds,caps,shares} keyed on TOTAL income (the figure BEFORE the exclusion, before exemptions/deductions -- computed from st_start ahead of the mutate to avoid circularity): TY2017-2020 a flat filing-status max (40/60/80/100k joint phase-in) behind a HARD CLIFF at 100,000; TY2021+ a three-tier step-down with the cliff moved to 150,000 and the middle tiers allowing a SHARE of pension income with no cap (50%/25% joint, 37.5%/18.75% single-HoH, 25%/12.5% MFS). THE FIRST TIERED YEAR IS TY2021 NOT TY2020 (the TY2020 booklet still prints the flat test) -- pinned by NJ-5a/5b. Filing-status variation carried by mapping INDIVIDUAL vector elements (caps1, shares2, shares3), the OR banded-cap pattern. Age test is 62, not 65, and disjunctive with disability. NEW GENERIC prop_tax_ded_cap (10,000 -> 15,000 for TY2018). NJ CTC via the CO tiered machinery, which needed a new ctc_tier_income_base enum because NJ tiers on its own TAXABLE income (new st_income_base enum 9) rather than federal AGI: introduced TY2022 NOT TY2023, $500/child doubling to $1,000 for TY2023, five tiers to an 80,000 cliff, children 5 and under, refundable. EITC 35/37/39/40% (2017-2020+), refundable. DEFERRAL WRINKLE (verified verbatim in all nine booklets): NJ excludes 401(k) employee AND employer contributions but TAXES 403(b)/457/TSP/SEP and every other plan type, which is why NJ W-2 box 16 exceeds box 1 -- not modeled, a Tier 2 imputation target hitting teachers and public employees. TOP FOLLOW-UP: the CDCC (a % of the FEDERAL credit tiered on NJ taxable income, 50/40/30/20/10% to a 60,000 ceiling and nonrefundable with a $500/$1,000 dollar cap TY2018-2020, then ceiling 150,000, cap removed and REFUNDABLE from TY2021) needs a banded percentage-of-federal-credit mechanism the calculator lacks. Other KDs: the medical deduction (2% of NJ gross income, far below the federal 7.5% floor) unreconstructible; the 18%-of-rent property tax rule Tier-1 blocked; the $50 property tax CREDIT alternative to the deduction not modeled; the 'other retirement income exclusion' (line 28b) left out entirely pending an unresolved booklet ambiguity (Worksheet D takes a % of line 27 while line 28a takes a % of line 20a); veteran ($3,000 -> $6,000 TY2019) and college-dependent exemptions unobservable; NJEITC childless flat minimums and the sub-federal age floor (21 from TY2020, 18 from TY2021) not encoded. Tests NJ-1..NJ-8"
NM,done,done,done,in_progress,blocked_weights,"ENCODED 2026-08-13 (7 YAMLs, 12 worksheet cases NM-1..NM-6b). Cross-model not yet run. THE LOAD-BEARING DECISION: start_point 2 in 2017 (PIT-1 subtracts both the federal deduction and the post-PEP exemption, and 199A did not exist) and start_point 1 from 2018 with the federal deduction REBUILT in ded.yaml -- a federal-taxable-income start would silently grant QBI and the OBBBA below-the-line deductions NM disallows, worth $304 (86% of liability) on test NM-3 and ~$980 for a filer with $100k of QBI. NM-3b pins the wrong path so it cannot be quietly reversed. Cost: ded.yaml duplicates federal std.yaml value-for-value AND indexation-block-for-indexation-block, held together by test_nm_std_mirrors_federal() (52 year-status cells) in test_state_tax_law.R -- if a federal std parameter changes, that test fails until nm/ded.yaml is updated. Two provisions the packet had given up on are now live: the $4,000 dependent deduction via st_child_ded.count_offset (with the MFJ/HoH-only restriction handled by mapping amounts to zero for single/MFS, not left as a caveat), and the capital-gains greater-of via cap_gains_excl_flat ($1,000/$2,500 floor alongside the 50%/40% share). Child credit uses all SEVEN tiers with an unbounded top band. Largest omission: LICTR (up to $819 refundable on a modified-GROSS-income table) -- EXPECT IT TO DOMINATE the PE comparison for low-income NM records. Three PE bugs to report upstream (5.9% bracket dated 2008, 2017-18 capital-gain exclusion, LMI exemption before 2021) 2026-08-22 CLASS SWEEP: landed the DC/CA crosswalk-exposure class, added by sweep rather than per-state dig. Exposed records match at 0.259 against 0.840 unexposed on 4.1% of the clean subset (pooled 2017-2020); the predicate fires on no record in any of the ten states whose encoding gives the class no route, which is the control that rules out ""federal itemizers are simply harder"". TAXSIM cells 0.833/0.834/0.796/0.805 -> 0.833/0.865/0.825/0.833. Encoding unchanged. See class_sweep_2026_08_22.md"
NV,done,done,done,done,blocked_weights,No broad IIT; zero-tax stub encoded
OH,done,done,done,done,blocked_weights,"IT 1040 baseline TY2017-2025 + enacted 2026 flat 2.75% (HB 96); base-amount rate schedules w/ published cliffs (zero-bracket base owed on first taxed dollar 2019+, 2025 $18.69 jump at 100k); FAGI base, full SS subtraction, NO deductions; income-tiered exemptions (MAGI base 2019+, HB 96 750k/500k denial); BID modeled (250k/125k carve-out + flat 3% + MAGI addback gating all means tests); ordered credit stack per 5747.98 (retirement table, senior $50, CDCTC 100%/25%, $20/exemption cliff, JFC 20/15/10/5% capped 650, EITC 10%->30% w/ 2017-18 50%-of-tax limitation). Known-differences: school-district/municipal taxes Phase 7, uniformed-services retirement omitted, JFC qualifying income = earned proxy (2026-08-22: root-caused as the dominant OH cross-model residual -- statute counts pensions/IRA/UI/other income but they carry no per-spouse split, TAXSIM attributes them to the low-earning spouse and grants where we deny; probe-confirmed, now an exclude class, cells 0.91 -> 0.97. OPEN: our proxy denies the JFC to ordinary retired couples, overstating OH liability on ~12% of clean records -- JI decision, see source packet), BID excludes rents, senior-credit filing prong unmodeled"
OK,done,done,done,in_progress,blocked_weights,"ENCODED 2026-08-13; cross-model TRIAGE 2026-08-13 found ONE dominant driver and it is TAXSIM's. T13: TAXSIM applies the $17,000 itemized cap (2358(D)(1), TY2018+) as a FLAT cap, dropping the statutory charity and medical EXEMPTIONS. v35 equals exactly 17,000 on 91% of OK itemizers in every cap year, and ""our itemized = TAXSIM 17,000 + charity + medical"" holds exactly to the dollar on 69% (median residual 0; worked records show the gap IS the charity figure -- 132.07, 996.30, 1,133.05, 42,684.66). TY2017 is a clean control: no cap, no hits. TAXSIM runs HIGH. EXCLUDE KD row applied, keyed on TAXSIM pinned at the flat cap while ours exceeds it, which is only possible when the exemptions were dropped. Sizing: 0.727/0.719/0.720 -> 0.872/0.869/0.873 for TY2018/2019/2020, the largest single-item attribution in the project so far. TY2017 is untouched by this and remains the weak year at 0.536 -- the pre-2018 regime (no cap) has NOT been triaged. Also CONFIRMED, pre-registered: the 538-S sales tax relief credit shows as a median credit gap of exactly -$40 in TY2017 where taxable income agrees -- our documented omission, still not modeled. Stage decomposition: where state AGI and the deduction both agree we match at 0.844 (2017) and 0.917 (2019), so the recovered rate schedule and the credits are sound."
OR,done,done,done,in_progress,blocked_weights,"Form OR-40 baseline TY2017-2025 (+preliminary 2026). Federal-AGI start; four brackets, two charts only (Chart S single/MFS, Chart J joint/HoH/QSS -- HEAD OF HOUSEHOLD TAKES THE JOINT WIDTHS). Rate cut to 4.75/6.75/8.75/9.9% is TY2020 NOT TY2019. Top bracket bound FROZEN at 125k/250k in every year while the first two index annually. GOTCHA FOUND: OR-ESTIMATE 2025 is WRONG about the TY2025 second bound (prints 11,050/22,100 vs the correct 11,100/22,200) -- discriminated by the booklet's own cumulative chart constants, which the correct bounds reproduce exactly ($4,065 at 50k, $10,627 at 125k) and the estimate form's do not; OR-17's appendix agrees with the booklet. TY2026 comes from that same estimate form, so REPLACE when the booklet publishes. FEDERAL TAX LIABILITY SUBTRACTION (line 10, ORS 316.680/685/695): base = 1040 line 22, AMT/IRA/recapture taxes IN, SE and FICA OUT, excess APTC repayment STRIPPED BACK OUT (new generic fed_tax_ded_less_excess_ptc -- MO and AL both leave it in); refundable credits reduce it EXCEPT the federal EITC, the one named exception (MO and AL both subtract it, and in AL the federal EITC actually RAISES state tax). Cap is indexed (6,550 -> 8,500; MFS exactly half) and CUT IN FIVE AGI STEPS via the new generic fed_tax_ded_band_cap family -- bands FROZEN at 125-145k single / 250-290k joint; from TY2024 the steps are exactly 80/60/40/20/0% of the cap but earlier years round inconsistently (TY2018 rounds 80% of 6,650 DOWN to 5,300 and 60% UP to 4,000), so transcribed literally. NO exemption DEDUCTION at all -- Oregon's personal exemptions are a CREDIT (ORS 316.085, indexed 197->256) with a HARD CLIFF at 100k/200k FEDERAL AGI, no taper, which is why they survived TCJA. Std deduction indexed and small, aged/blind add-ons $1,200 single/HoH vs $1,000 others (filing-status mapped); itemize election FULLY INDEPENDENT of federal and Schedule OR-A removes state income tax, so many OR filers itemize for OR only. EITC refundable, 8%/11% through TY2019 and 9%/12% from TY2020, the higher rate where a dependent is under 3 -- new generic eitc_match_young + eitc_match_young_max_age (distinct from the child-COUNT-keyed eitc_match_by_kids). Oregon Kids Credit TY2023+ encoded via ctc_style 3: $1,000 (2023-24) / $1,050 (2025) per dependent under 6, up to 5, phased proportionally over a $5,000 range above 25,000/25,750/26,550 (ctc_po_per_child with rate = amount/5,000 reproduces the worksheet exactly). BIGGEST KD: THE KICKER IS NOT MODELED -- it is a percentage of the PRIOR year's OR liability before credits (9.863% of 2024 on the 2025 return), unobservable per record in a cross-sectional model, and it recurs EVERY OTHER YEAR; check whether TAXSIM/PE model it before triaging any even-year cell. Also not modeled: WFHDC (refundable, % of care expenses keyed to the federal poverty guideline and child age -- most valuable remaining item), retirement income credit (ORS 316.157, 9% rate known but base/limits not transcribed -- next OR task), federal pension pre-Oct-1991 service subtraction, special Oregon medical subtraction, ITIN-filer EIC. Tests OR-1..OR-7 CROSS-MODEL TRIAGE 2026-08-21: two causes, cleanly separated. (1) THE KICKER LANDS ON THE TY2019 RETURN, not the even years the packet predicted -- it is a percentage of the PRIOR year liability, so 17.171% of TY2018 shows up in 2019. diff/st_tax_pre_credit has a mode at exactly 0.172 (n=3,124) in 2019 and exactly 0.000 in 2017/2018/2020, so TAXSIM models it only in 2019 (and NOT in TY2017, when Oregon actually paid one); excluding it takes 2019 to 0.999. KD exclude row added, plus a plan item to model it properly from prior-year liability in the sequential production run. (2) Itemizers are the standard crosswalk-exposure class: 2018 non-itemizers 0.910 vs itemizers 0.128, deduction gap correlates with xw_unhanded_item at r=0.975, only 0.2% agree -- standard KD row added. After both: 0.891/0.904/0.999/0.640. OPEN: 2020 is now the weak cell and is explained by NEITHER cause -- residual non-itemizer clusters at diff/st_tax_pre_credit of about -0.055/-0.045; TY2020 is the rate-cut year, so check the rate path and the fed-tax-deduction cap steps first. RE-RUN 2026-08-21 (job 22970509): landed exactly on projection, 0.891/0.904/0.999/0.640. 2020 ROOT-CAUSED AND FIXED 2026-08-21 -- OUR ERROR, not TAXSIM's. Oregon requires the federal tax subtraction to be reduced by the economic stimulus: 2020 Form OR-40 line 10 worksheet step 8 'Enter any 2020 federal economic stimulus payments you received in 2020 or 2021, plus your recovery rebate credit, if any (Form 1040 line 30)'; the 2021 booklet carries the same line for the third payment. We were not doing it. Backing TAXSIM's implied subtraction out of v32-v36-max(v34,v35)-v33: agreement 66%/65% in 2017/2018 but only 35% in 2020, median gap +1,800 among mismatches, and that gap x 8.75% EXPLAINS 92.9% of the 2020 liability difference; single/no-dependent cells (n=1,134) sit at exactly 1,800 = EIP1 1,200 + EIP2 600. Encoded as new generic st_ded.fed_tax_ded_less_rebate (2020-2021 only) reading the existing federal `rebate` variable, which the baseline already computes at 1,800/adult + 1,100/dependent for 2020 and 1,400 for 2021 with phase-outs. Tests OR-8/OR-9/OR-10. MO 2020 instructions have ZERO mentions of stimulus so its flag stays off (verified); AL 2020 booklet absent from the NBER archive, treatment UNVERIFIED, flag off by default -- check when AL is triaged. Two false starts recorded in the packet: the 'round multiples of 500' was a binning artifact, and the rebate hypothesis was wrongly dismissed on a test using medians over ALL records instead of the mismatches. RE-RUN 2026-08-21 (job 22984034): the stimulus fix took 2020 TAXSIM 0.640 -> 0.918 AND 2021 PolicyEngine 0.712 -> 0.877. The PE cell is the strongest evidence the fix is right -- different year, different external model, not the cell it was diagnosed on, and it moved 16.5pp; two independent models both apply the offset and we now agree with both. TAXSIM window 0.891/0.904/0.999/0.918, PE window 0.877/0.805/0.837/0.832. NOTE the 2019 cell's 0.999 rests on n_clean=1,360 (the kicker exclusion removes every record with liability), not a whole-year clearance. No other state moved >0.005, confirming the new generic parameter is neutral."
PA,done,done,done,in_progress,blocked_weights,"PA-40 baseline TY2017-2025; FIRST OWN-BASE state (start_point 0, new generic class-share machinery): eight income classes w/ class-level loss floors (no cross-class/spousal offsets), flat 3.07% all years, no deductions/exemptions; other-state muni interest taxable; retirement/SS/UI/alimony exempt; Tax Forgiveness via new generic poverty-forgiveness credit (6,500/13,000 + 9,500/dep, 10pp per $250 step-down, joint income for MFS); CDCTC enhancement 30% (2022) -> 100% (2023+) refundable; TY2025 Working Pennsylvanians Tax Credit 10% of federal EITC refundable. Known-differences: 401k-deferral wage base, early-distribution basis, Schedule O deductions, eligibility-income unobservables (overstates forgiveness), CDCTC uses limited (not tentative) federal credit, local EIT/Philadelphia out of scope. TRIAGE CLOSED 2026-08-11: 99% of clean mismatches carry the AGI-base wedge (the pre-registered class-netting row; both models approximate PA per-class loss flooring), 1% are small forgiveness credit gaps (new annotate KD) -- 100% attributed; characterized-not-passing (TAXSIM clean 0.60-0.63, PE 0.81-0.88 diffuse)"
RI,done,done,done,in_progress,blocked_weights,"ENCODED 2026-08-12 (R6 batch C): RI-1040 baseline TY2017-2025 with EVERY indexed value transcribed per year from the published Tax Rate Schedule and Worksheets (no interpolation). ONE 3.75/4.75/5.99% schedule for ALL filing statuses (the large marriage penalty is correct behavior). NO itemized deduction in any year. BOTH the std deduction AND the exemptions phase out on the SAME stepped 20%-per-increment schedule above one shared threshold, zeroing at 5 steps -- required a NEW generic st_ded.std_po_step/std_po_share_per_step (the schema had only the WI linear slide; mirrors the existing st_exempt stepped machinery including ceiling() rounding). CRITICAL: both worksheets read MODIFIED federal AGI, so std_po_base and po_agi_base are set to 2, NOT the schema default of 1 -- otherwise seniors keeping their full deduction would be phased out. The SS modification needed a NEW generic st_agi.ss_allages_min_age (66) to gate on full retirement age AND the AGI cliff together; the pension modification excludes IRA distributions (Form 1040 line 5b only). The SS and pension AGI-limit series are DISTINCT through TY2021 and identical from TY2022 -- transcribed independently. EITC 15% refundable rising to 16% in TY2024; 25% nonrefundable CDCC. Tests RI-1..RI-5 plus a continuity allowance of 225 (the stepped phase-out is a genuine published discontinuity). ZERO PE disagreements on every overlapping 2021-2025 value. Known-diffs: the RI-1040H property-tax credit (Tier-1-blocked; PE models it) and the 2022 MAILED child rebate that PE books in TY2021 (P5 class) are the two systematic PE wedges; SS proration for FRA-straddling couples is not modeled; MFS std EXCEEDS single in 2023/24 (primary-confirmed, do NOT fix); the published 20% step contradicts the statute 2% -- the form governs. 2026-08-22: flat ~0.89 TAXSIM window root-caused to taxsim_crosswalk() withholding state_ref from every state run -- correct only for the 22 states with sub_state_ref=1, wrong for RI (Schedule M has no refund line, so the refund IS in the RI base); now conditional on state_subtracts_ref. Plus an exclude row for RI-1040H (Tier-1 blocked, diff == v37 to the dollar on 84/85). Cells 0.891/0.893/0.899/0.893 -> 0.964/0.962/0.965/0.963; the crosswalk fix lifted 79 TAXSIM cells across other states. OPEN: PE 2023 0.9487, one record above the bar"
SC,done,done,done,in_progress,blocked_weights,"SC1040 baseline TY2017-2025; federal-taxable-income start; FIXED-DATE conformity (group 3, ready=false -> excluded from states=all and guarded for federal reforms, like CA); one rate schedule all statuses, 2022 reform 6.5%->6.0% floor (reform-year boundary calibrated to exact published constant C); 44% net-capital-gain deduction (shared param); full SS exemption; $3k/$10k retirement deduction; per-dependent exemption 2018+; nonrefundable SC EITC phasing to 125%. ENCODED 2026-08-11: $15k age-65 deduction w/ retirement offset (12-6-1170(B); new age_ded_less_pension_sub flag; tests SC-8/9) + Two Wage Earner Credit (Act 266 cap phase-in; WI machinery; tests SC-10/11) — 5-case TAXSIM probe agrees within $10 after. RERUN 2026-08-11: TAXSIM clean 55-70% (from 48-56); deductions stage cleared (age-65 fix confirmed), residual is state-AGI-stage; PE clean 89.6/87.2/86.3% 2022-24, 2021 54.6%. Known-differences: under-6 dependent doubling, child-care(7% of expenses)/tuition credits, 65+ filing threshold, TY2026 H.4216 structural reform (AGI start + SCIAD) NOT encoded 2026-08-22 CLASS SWEEP: landed the P9 class (PolicyEngine denies the per-dependent benefit at 18+); our side is flat in dependent age by construction (n_dep * st_dep_v, no age parameter in the schema), and the probed PE rise resolves exactly to the encoded amount at a published state rate. PE cells 0.464/0.816/0.834/0.817 -> 0.491/0.886/0.893/0.866. Encoding unchanged 2026-08-22 PE-2021: the collapse (0.491 vs 0.866-0.893) is P5 -- PE nets South Carolina's 2022 rebate (capped at 800) into TY2021. Probe-verified; year-scoped row. Excluding it takes 2021 to 1.000 on 156 records but removes 52.1% of the cell -- the least over-broad of the five, still half the cell, so read 2021 as dropped. Verdict rests on 2022-2024, which do not clear. NOTE: the class sweep separately refused SC a crosswalk-exposure row (its federal-itemizer split failed the control), and that TAXSIM-side question is still open. See pe_window_2021_and_hi.md"
SD,done,done,done,done,blocked_weights,No broad IIT; zero-tax stub encoded
TN,done,done,done,done,blocked_weights,Narrow Hall-tax profile encoded for 2017-2020 and repeal from 2021; senior/blind tests use PUF proxies
TX,done,done,done,done,blocked_weights,No broad IIT; zero-tax stub encoded
UT,done,done,done,done,blocked_weights,"TC-40 baseline TY2017-2025 + enacted 2026 (SB 60 rate 4.45%, HB 290 CTC thresholds); flat rate, FAGI base with NO base deductions/exemptions; taxpayer tax credit (new generic ded_credit: 6% of fed ded + UT exemption, 1.3%/$ phase-out, SALT-income removal capped 10k from 2018, 2017 75%-of-federal-exemption regime, newborn double-count 2023+); retirement $450 frozen-1952-cohort vs SS credit (rate x taxable SS) return-level exclusive, both 2.5%/$ phase-outs; nonref EITC 15%/20% w/ W-2 wage cap 2023+ (SE-only get zero); nonref CTC $1,000 ages 1-3 (2024) -> 0-5 (2025). Known-differences: MAGI = FAGI+additions proxy, qualified-exempt line 21 floor unmodeled, my529/at-home-parent/military credits omitted. TRIAGE RESOLVED 2026-08-11 (credits-stage, open since 07-19): dominant wedge = TAXSIM paying the retirement credit to ANY SS recipient unphased/ungated (probe: age 40 + $2M + $1 SS -> flat $288/576; issues-doc T7; exclude KD on gross_ss > 0); +/-$464 masses = TAXSIM deriving HoH from dependents ignoring mstat (probe-verified identity; exclude KD on the fs/n_dep exposure set); exemptions-stage rows are a representation artifact (our credit carries the exemption piece, st_exempt = 0 by design; annotate row). PE window PASSES outright (0.958-0.981); TAXSIM window fully attributed, post-exclusion 0.83 (2017) / 0.93 (2018-20). 2026-08-22: CLOSED, worst cell 0.9696, our encoding unchanged. Both causes are harness representation. TAXSIM window: the taxpayer tax credit on FEDERAL ITEMIZERS -- state AGI and taxable income agree to the dollar; non-itemizers miss at 0.04%, itemizers at 39.2%. UC 59-10-1018 builds the base from the federal deduction, so TAXSIM SALT circularity / Pub 600 sales-tax imputation propagate. excluded with a 6%-of-exposure materiality bound (0.822/0.928/0.927/0.932 -> 0.988/0.992/0.992/0.993). PE window was a separate cause: PE restricts the Utah personal exemption to dependents under 18 while we and TAXSIM allow IRC 24(h)(4) other-dependents (age-sweep probe: granted at 5/10/16/17, denied 18+); excluded, 0.956/0.941/0.927/0.954 -> 0.988/0.987/0.970/0.983. OPEN but not cell-affecting: our addback strips the PUF combined income-or-sales SALT field where the statute adds back income tax only. See source packet"
VA,done,done,done,done,blocked_weights,"Form 760 baseline TY2017-2025 (booklet-verified research packets in raw/); single rate schedule all statuses + Spouse Tax Adjustment ($259 cap, new sta_max param); std ded through statutory TY2030 reversion; coupled itemization w/ SALT addback + VA's own Pease TY2019+ (federal-status thresholds); age deduction ($12k, joint-AFAGI phase-out, pre-1939 grandfather via year-keyed age) mutually exclusive w/ CLI/EITC (new exclusivity machinery); full SS/UI subtractions; CDCTC expense deduction ($3k/$6k all years incl. 2021); CLI ($300/exemption, poverty table) vs 20% nonref vs 15%/20% refundable EITC choice; VAGI no-tax cliff ($11,950/$23,900). DIG 2026-08-11: the 2023/24 collapse (0.345/0.349 vs 0.940 in 2022) AND the 2021 depression (0.494) are all PE booking one-time VA rebates into eligibility years via va_rebate ($250/$500 in 2021; $200/$400 in 2023 and, per HB 1600 reauthorization, 2024) — two exclude KD rows w/ pe_va_rebate predicate (issues-doc P5); our encoding needs NO change. Known-differences: military subs (code 60 ramp to $40k), disability, 529, sales-tax electors, TY2018 SALT-cap flow-through, MFS combined-AFAGI. 2026-08-22: CLOSED, worst cell 0.9598, encoding unchanged. Widest two-window split of any state (PE 0.960 vs TAXSIM 0.628) and both causes were TAXSIM-side. (1) DC/CA crosswalk-exposure class -- VA couples its election to federal so st_itemizing == itemizing on all 47,561 clean records, and federal itemizers matched at 0.11-0.19 against 0.92-0.96; standard predicate. (2) TAXSIM grants the Schedule ADJ code 101 care deduction at the full federal cap without the IRC 21(d)(1) earned-income limit (miss modes +172.50/+345.00 = $3,000/$6,000 at 5.75%; min(ei1,ei2)=0 on 26/28 and 25/35); probe-confirmed, filed T18. Cells 0.628/0.747/0.738/0.737 -> 0.974/0.964/0.965/0.964. NOTE T18 likely reaches ID and MD, which encode the same deduction"
VT,done,done,done,in_progress,blocked_weights,"ENCODED 2026-08-13 (6 YAMLs, 13 worksheet cases VT-1..VT-6b). Cross-model not yet run. First consumer of all four scalars landed 2026-08-12 plus ctc_po_per_child/ctc_po_round_up landed 2026-08-13, so the two large one-signed omissions the packet warned about DO NOT APPEAR. Regime change at TY2018 (Act 11): start_point 2 with the IN-155 addback in 2017, start_point 1 with VT own std/exemption after; no VT itemized deduction from 2018. Capital gains needed BOTH new scalars, not one: the flat $5,000 binds and the 40%-of-federal-taxable CEILING genuinely bites (test VT-3 cuts 5,000 to 4,480). Child credit reduces EACH child's $1,000 by $20 per $1,000 or fraction thereof, so it needs per-child flooring AND round-up -- VT-4b is the case where the aggregate reading would pay $800 to a family VT phased out entirely. PolicyEngine applies the reduction to the aggregate, so expect a PE-side residual there, not an our-side one. 2025 childless EITC at 100% goes through eitc_match_by_kids, so the packet's caveat about childless MFJ does not apply. STILL OPEN: Schedule IN-155 remains unretrievable (absent from the NBER mirror in every year; tax.vermont.gov 403s, re-attempted 2026-08-13). The 2017 IN-111 instructions were pulled instead and corroborate line 12c; the second IN-155 term (non-protected itemized over 2.5x the federal standard) stays documented and unmodeled, 2017 only 2026-08-22 CLASS SWEEP: landed the P9 class (PolicyEngine denies the per-dependent benefit at 18+); our side is flat in dependent age by construction (n_dep * st_dep_v, no age parameter in the schema), and the probed PE rise resolves exactly to the encoded amount at a published state rate. PE cells 0.887/0.858/0.885/0.893 -> 0.945/0.939/0.966/0.970. Encoding unchanged 2026-08-22 SCOPING SCAN (not yet triaged): VT is the sharpest remaining asymmetry on the board -- PE window 0.945/0.939/0.966/0.970 with a MEDIAN ABS DIFF OF 2 DOLLARS, against a TAXSIM window flat at 0.531/0.542/0.558/0.545 with ours HIGH by a mean 4,762-6,347. So the VT encoding is corroborated and the TAXSIM window is the whole problem. Localized already: taxable income AGREES (median gap 0, 87% within $100) and the wedge is entirely in credits -- credits agree on only 47-48% of records, the median credit gap on misses is exactly -111, and the dominant diff mode is +111 on 1,671 of 3,866 misses (2,436 in the 108-116 band). TAXSIM carries it in v40 with v37 (property tax), v38 (child care) and v39 (EITC) all ZERO, so it is unallocated to any reported component. Synthetic probe (2019 single): v40 exceeds v39 by exactly 111.00 at 10k and 20k of wages and by 0 at 30k+, and the same +111 appears with two dependents at 10k and 20k but not 30k+ -- an income-tested flat 111 that switches off between 20k and 30k. NEXT: name it. A flat low-income credit with no obvious Vermont statutory analogue is a candidate TAXSIM artifact, in which case this is a KD row and not an encoding change; ~22.5% of all VT records and ~63% of its misses carry it, so four cells turn on the answer"
WA,done,done,done,in_progress,blocked_weights,Capital-gains excise and WFTC profiles encoded; capital-gains base and WFTC eligibility retain documented PUF limitations
WI,done,done,done,in_progress,blocked_weights,"Form 1 baseline TY2017-2025; verified rate history incl. 2019-only 3.86/5.04 (Act 9 + Wayfair Act 10) and TY2025 bracket-2 expansion; SLIDING std deduction (new std_po machinery, fixed 12/19.778/22.515% rates, HoH floored at single via second pair); 700/250 exemptions; 30% LTCG exclusion; full SS sub; $5k retirement excl 65+ w/ 15k/30k FAGI cliffs; 5% itemized-deduction CREDIT; married couple credit 3%/$480; EITC 4/11/34/0 by kids (new by-kids family); school prop tax credit 12%/$300; care subtraction->credit history. Tests WI-1..7. Known-diffs: homestead credit (PE includes -- one-sided), military/pre-1964 pensions, $500 loss limit 2017-22, UI partial exclusion, 2019/17/20 10% medical floor, 2025 Act 15 retirement election deferred. Initial run: TAXSIM clean 76% (2017-18) rising to 92.1/92.3% (2019/2020, near the 95% bar); PE clean 72-78% (homestead credit one-sided as predicted). TRIAGE 2026-08-11: the 2017-18 gap = TAXSIM's stale 2017/2018 bracket thresholds (~3% low, 2018 tax byte-identical to 2017; flat +$144 top bracket / +$13 mid; probe-mapped bracket edge; exclude KD + issues-doc T9) PLUS our missing $500-limit capital-loss addback -- NOW ENCODED (new generic st_agi.cap_loss_limit, exact from federally-capped inputs; test WI-9; carryforward divergence stays documented); -169/-335 masses = the two stacked. PE window: homestead netting confirmed in wi_refundable_credits -> exclude KD on new pe_wi_homestead export (small subset; PE cannot compute renter homestead without rent either), residual = itemized-deduction-credit component proxies (annotate KD; our credit averages $1,852 on mismatches vs $51 on matches). CLOSE-OUT RERUN: TAXSIM window CLEARS the bar all four years (0.952/0.954/0.968/0.972) -- first broad state since IL; PE window characterized at 0.72-0.79 2026-08-15 (CA close-out spillover): the state-only-itemization fix (*_item_ded_potential) plus the standard crosswalk-exposure KD row lifts the TAXSIM clean window to 0.973/0.972/0.981/0.986. The WI itemized credit now computes from as-if-itemizing components for federal std-takers (law-true per Schedule 1)."
WV,done,done,done,todo,blocked_weights,"ENCODED 2026-08-12 (R6 batch C): IT-140 baseline TY2017-2025 plus the enacted TY2026 schedule, every rate pinned to a published booklet. WV has NEITHER a standard deduction NOR an itemized deduction -- taxable income is federal AGI +/- modifications less exemptions only. RESEARCH CORRECTED THE BRIEF ON THREE POINTS: (1) there was NO 2024 rate cut -- the TY2023 and TY2024 booklets print identical schedules AND identical tax tables (the HB 2526 21.25% rates ran two years); (2) the TY2025 rates are LEGISLATED (SB 2033, a 6% cut) not certified -- 11-21-4i(f) records that SB 2033 superseded the August 2024 4% trigger notice, so reconstructing 2025 from the certification lands ~2% wrong; (3) the Family Tax Credit is 11-21-22a/ 22b, not 11-21-21 (which is the Senior Citizens PROPERTY tax credit), and the senior modification is 11-21-12(c)(9) not (c)(8). NEW GENERIC st_agi.age_ded_less_ss_sub: Schedule M line 47 box (d) nets each person s SS subtraction out of that person s $8,000 senior modification -- without it the model understated a 2023 MFJ couple by $546.90, roughly HALF their true liability (test WV-5b now passes at the form-true 1,097.90). Family Tax Credit on the PA forgive_* machinery with per-year FPG anchors, exact at both table boundaries. Two-track SS phase-in (gated 35/65/100% from 2020, then HB 4880 above-limit 35/65/100% from 2024). Tests WV-1..WV-7. ZERO substantive PE disagreements -- a first for batch C, so cross-model wedges will come from our omissions (low-income earned income exclusion, SCTC/HEPTC, pension-source subtractions), not PE vintage error"
WY,done,done,done,done,blocked_weights,No broad IIT; zero-tax stub encoded
