group_dimension,year,group,income_cutoff,share_income,share_consumption,measure,dollars_B,avg,pct_chg_ati
Income,2030,Quintile 1,0,0.021362836803136165,0.10199217384597731,carbon,10.388264710919561,274.90523363451683,-0.021364621122053253
Income,2030,Quintile 1,0,0.021362836803136165,0.10199217384597731,gambling,0.4532034215064901,11.993147646906241,-9.320632137460495e-4
Income,2030,Quintile 1,0,0.021362836803136165,0.10199217384597731,guns,0.02900247161333681,0.7674940383895013,-5.964680674441503e-5
Income,2030,Quintile 1,0,0.021362836803136165,0.10199217384597731,alcohol,1.7170397371649055,45.43811918932942,-0.0035312830830617984
Income,2030,Quintile 1,0,0.021362836803136165,0.10199217384597731,tobacco,0.0625222945436575,1.654530998889881,-1.2858404861425783e-4
Income,2030,Quintile 1,0,0.021362836803136165,0.10199217384597731,carried_interest,0.0020556805159800988,0.05439958917579502,-4.227735487500307e-6
Income,2030,Quintile 1,0,0.021362836803136165,0.10199217384597731,qsbs,0.015413709454442745,0.4078938606843665,-3.170000685806834e-5
Income,2030,Quintile 1,0,0.021362836803136165,0.10199217384597731,oz,0.011357470124326233,0.3005533710305858,-2.335789979015562e-5
Income,2030,Quintile 1,0,0.021362836803136165,0.10199217384597731,cola_ss,-0,-0,0
Income,2030,Quintile 1,0,0.021362836803136165,0.10199217384597731,cola_snap,-0,-0,0
Income,2030,Quintile 1,0,0.021362836803136165,0.10199217384597731,cola_ssi,-0,-0,0
Income,2030,Quintile 1,0,0.021362836803136165,0.10199217384597731,all_excises,12.650032635747952,334.7585255080319,-0.026016198274219773
Income,2030,Quintile 1,0,0.021362836803136165,0.10199217384597731,all_income_tax,0.028826860094749076,0.7628468208907474,-5.9285642135724265e-5
Income,2030,Quintile 1,0,0.021362836803136165,0.10199217384597731,all_measures,12.6788594958427,335.5213723289226,-0.0260754839163555
Income,2030,Quintile 1,0,0.021362836803136165,0.10199217384597731,benefit_offset,0,0,0
Income,2030,Quintile 1,0,0.021362836803136165,0.10199217384597731,all_excises_net,12.650032635747952,334.7585255080319,-0.026016198274219773
Income,2030,Quintile 1,0,0.021362836803136165,0.10199217384597731,all_measures_net,12.6788594958427,335.5213723289226,-0.0260754839163555
Income,2030,Quintile 2,25535,0.058920616385698184,0.13240984977788173,carbon,13.449489667773058,355.90621896363837,-0.010341461323684449
Income,2030,Quintile 2,25535,0.058920616385698184,0.13240984977788173,gambling,0.6820928987900037,18.049837621124684,-5.244687721422366e-4
Income,2030,Quintile 2,25535,0.058920616385698184,0.13240984977788173,guns,0.11242226508150434,2.9749666553044136,-8.644272273372294e-5
Income,2030,Quintile 2,25535,0.058920616385698184,0.13240984977788173,alcohol,2.004667212688804,53.048371765215364,-0.001541410786504006
Income,2030,Quintile 2,25535,0.058920616385698184,0.13240984977788173,tobacco,0.059323650791811976,1.569848133273373,-4.561461106686488e-5
Income,2030,Quintile 2,25535,0.058920616385698184,0.13240984977788173,carried_interest,0.0046162752859056685,0.12215787537565459,-3.5495051119347327e-6
Income,2030,Quintile 2,25535,0.058920616385698184,0.13240984977788173,qsbs,0.03979946970065723,1.053190799637545,-3.060225233666039e-5
Income,2030,Quintile 2,25535,0.058920616385698184,0.13240984977788173,oz,0.029325925042589542,0.7760353260487173,-2.2549028037539237e-5
Income,2030,Quintile 2,25535,0.058920616385698184,0.13240984977788173,cola_ss,-0,-0,0
Income,2030,Quintile 2,25535,0.058920616385698184,0.13240984977788173,cola_snap,-0,-0,0
Income,2030,Quintile 2,25535,0.058920616385698184,0.13240984977788173,cola_ssi,-0,-0,0
Income,2030,Quintile 2,25535,0.058920616385698184,0.13240984977788173,all_excises,16.307995695125182,431.5492431385562,-0.01253939821613128
Income,2030,Quintile 2,25535,0.058920616385698184,0.13240984977788173,all_income_tax,0.07374167002915244,1.9513840010619168,-5.670078548613436e-5
Income,2030,Quintile 2,25535,0.058920616385698184,0.13240984977788173,all_measures,16.381737365154333,433.50062713961813,-0.012596099001617414
Income,2030,Quintile 2,25535,0.058920616385698184,0.13240984977788173,benefit_offset,0,0,0
Income,2030,Quintile 2,25535,0.058920616385698184,0.13240984977788173,all_excises_net,16.307995695125182,431.5492431385562,-0.01253939821613128
Income,2030,Quintile 2,25535,0.058920616385698184,0.13240984977788173,all_measures_net,16.381737365154333,433.50062713961813,-0.012596099001617414
Income,2030,Quintile 3,50755,0.10664750261547114,0.15871615222728497,carbon,16.04483785788427,424.5638679165194,-0.0074268134843303545
Income,2030,Quintile 3,50755,0.10664750261547114,0.15871615222728497,gambling,1.3965027982233158,36.95298355904458,-6.464113819419815e-4
Income,2030,Quintile 3,50755,0.10664750261547114,0.15871615222728497,guns,0.12444566711843323,3.292967759801386,-5.760324702611481e-5
Income,2030,Quintile 3,50755,0.10664750261547114,0.15871615222728497,alcohol,2.988582511518351,79.0811450957979,-0.0013833511495830824
Income,2030,Quintile 3,50755,0.10664750261547114,0.15871615222728497,tobacco,0.07332205300541376,1.9401813033755035,-3.39392156394903e-5
Income,2030,Quintile 3,50755,0.10664750261547114,0.15871615222728497,carried_interest,0.02628454249767956,0.6955175943861169,-1.2166554525528992e-5
Income,2030,Quintile 3,50755,0.10664750261547114,0.15871615222728497,qsbs,0.11882465455595542,3.144229651241427,-5.5001400110342655e-5
Income,2030,Quintile 3,50755,0.10664750261547114,0.15871615222728497,oz,0.08755500862017769,2.316800795651578,-4.052734744972617e-5
Income,2030,Quintile 3,50755,0.10664750261547114,0.15871615222728497,cola_ss,-0,-0,0
Income,2030,Quintile 3,50755,0.10664750261547114,0.15871615222728497,cola_snap,-0,-0,0
Income,2030,Quintile 3,50755,0.10664750261547114,0.15871615222728497,cola_ssi,-0,-0,0
Income,2030,Quintile 3,50755,0.10664750261547114,0.15871615222728497,all_excises,20.627690887749786,545.8311456345388,-0.009548118478521023
Income,2030,Quintile 3,50755,0.10664750261547114,0.15871615222728497,all_income_tax,0.23266420567381269,6.156548041279122,-1.0769530208559782e-4
Income,2030,Quintile 3,50755,0.10664750261547114,0.15871615222728497,all_measures,20.860355093423596,551.9876936758179,-0.009655813780606622
Income,2030,Quintile 3,50755,0.10664750261547114,0.15871615222728497,benefit_offset,0,0,0
Income,2030,Quintile 3,50755,0.10664750261547114,0.15871615222728497,all_excises_net,20.627690887749786,545.8311456345388,-0.009548118478521023
Income,2030,Quintile 3,50755,0.10664750261547114,0.15871615222728497,all_measures_net,20.860355093423596,551.9876936758179,-0.009655813780606622
Income,2030,Quintile 4,86890,0.18842625156804696,0.21882498695178343,carbon,22.174236841163214,586.7873428869725,-0.006048156941992804
Income,2030,Quintile 4,86890,0.18842625156804696,0.21882498695178343,gambling,2.3592752021170242,62.432490322257756,-6.435065519489157e-4
Income,2030,Quintile 4,86890,0.18842625156804696,0.21882498695178343,guns,0.1680940895855768,4.448201978244547,-4.584867754942022e-5
Income,2030,Quintile 4,86890,0.18842625156804696,0.21882498695178343,alcohol,4.749219555261917,125.67656526720857,-0.001295378299959501
Income,2030,Quintile 4,86890,0.18842625156804696,0.21882498695178343,tobacco,0.06805133162207319,1.800813274814007,-1.85614114573652e-5
Income,2030,Quintile 4,86890,0.18842625156804696,0.21882498695178343,carried_interest,0.04704725520877264,1.2449913867084312,-1.2832422835153523e-5
Income,2030,Quintile 4,86890,0.18842625156804696,0.21882498695178343,qsbs,0.28813945434306393,7.624911107696062,-7.859177538015336e-5
Income,2030,Quintile 4,86890,0.18842625156804696,0.21882498695178343,oz,0.21231328214752082,5.618355553039203,-5.790972922748142e-5
Income,2030,Quintile 4,86890,0.18842625156804696,0.21882498695178343,cola_ss,-0,-0,0
Income,2030,Quintile 4,86890,0.18842625156804696,0.21882498695178343,cola_snap,-0,-0,0
Income,2030,Quintile 4,86890,0.18842625156804696,0.21882498695178343,cola_ssi,-0,-0,0
Income,2030,Quintile 4,86890,0.18842625156804696,0.21882498695178343,all_excises,29.518877019749805,781.1454137294974,-0.008051451882908007
Income,2030,Quintile 4,86890,0.18842625156804696,0.21882498695178343,all_income_tax,0.5474999916993574,14.488258047443697,-1.4933392744278831e-4
Income,2030,Quintile 4,86890,0.18842625156804696,0.21882498695178343,all_measures,30.066377011449163,795.6336717769411,-0.008200785810350794
Income,2030,Quintile 4,86890,0.18842625156804696,0.21882498695178343,benefit_offset,0,0,0
Income,2030,Quintile 4,86890,0.18842625156804696,0.21882498695178343,all_excises_net,29.518877019749805,781.1454137294974,-0.008051451882908007
Income,2030,Quintile 4,86890,0.18842625156804696,0.21882498695178343,all_measures_net,30.066377011449163,795.6336717769411,-0.008200785810350794
Income,2030,Quintile 5,160155,0.6496751080419269,0.37872841699224014,carbon,38.591811101541865,1021.1881152363171,-0.003270449815149699
Income,2030,Quintile 5,160155,0.6496751080419269,0.37872841699224014,gambling,6.463983145856335,171.0451667652525,-5.477880379563737e-4
Income,2030,Quintile 5,160155,0.6496751080419269,0.37872841699224014,guns,0.5231594370694348,13.843460160585312,-4.4334967326506086e-5
Income,2030,Quintile 5,160155,0.6496751080419269,0.37872841699224014,alcohol,7.815518791669958,206.80850876523368,-6.62323463396482e-4
Income,2030,Quintile 5,160155,0.6496751080419269,0.37872841699224014,tobacco,0.07125710995311771,1.8855532231630359,-6.038659379346019e-6
Income,2030,Quintile 5,160155,0.6496751080419269,0.37872841699224014,carried_interest,6.86672639637622,181.70226238173984,-5.81918376793022e-4
Income,2030,Quintile 5,160155,0.6496751080419269,0.37872841699224014,qsbs,8.894784983061237,235.36725675778658,-7.537855071664855e-4
Income,2030,Quintile 5,160155,0.6496751080419269,0.37872841699224014,oz,6.554052092781964,173.4285049794217,-5.554209000174105e-4
Income,2030,Quintile 5,160155,0.6496751080419269,0.37872841699224014,cola_ss,-0,-0,0
Income,2030,Quintile 5,160155,0.6496751080419269,0.37872841699224014,cola_snap,-0,-0,0
Income,2030,Quintile 5,160155,0.6496751080419269,0.37872841699224014,cola_ssi,-0,-0,0
Income,2030,Quintile 5,160155,0.6496751080419269,0.37872841699224014,all_excises,53.46572958609071,1414.7708041505516,-0.004530934943208407
Income,2030,Quintile 5,160155,0.6496751080419269,0.37872841699224014,all_income_tax,22.31556347221942,590.4980241189481,-0.001891124783976918
Income,2030,Quintile 5,160155,0.6496751080419269,0.37872841699224014,all_measures,75.78129305831013,2005.2688282694999,-0.006422059727185325
Income,2030,Quintile 5,160155,0.6496751080419269,0.37872841699224014,benefit_offset,0,0,0
Income,2030,Quintile 5,160155,0.6496751080419269,0.37872841699224014,all_excises_net,53.46572958609071,1414.7708041505516,-0.004530934943208407
Income,2030,Quintile 5,160155,0.6496751080419269,0.37872841699224014,all_measures_net,75.78129305831013,2005.2688282694999,-0.006422059727185325
Income,2030,Top 10%,248005,0.49053074759855736,0.2363694376201258,carbon,24.13949759622571,1277.5494467888068,-0.002749572502307417
Income,2030,Top 10%,248005,0.49053074759855736,0.2363694376201258,gambling,4.1049701917035835,217.24985686178573,-4.6757034262653944e-4
Income,2030,Top 10%,248005,0.49053074759855736,0.2363694376201258,guns,0.3322338326415846,17.58301503185157,-3.784258586683819e-5
Income,2030,Top 10%,248005,0.49053074759855736,0.2363694376201258,alcohol,4.453520034311577,235.69637410296434,-5.072713786194492e-4
Income,2030,Top 10%,248005,0.49053074759855736,0.2363694376201258,tobacco,0.043377477530640356,2.2956928660780456,-4.940845142375902e-6
Income,2030,Top 10%,248005,0.49053074759855736,0.2363694376201258,carried_interest,6.755755962197502,357.5390191010048,-7.695040359440608e-4
Income,2030,Top 10%,248005,0.49053074759855736,0.2363694376201258,qsbs,8.463324546859864,447.90971931932376,-9.640020203149416e-4
Income,2030,Top 10%,248005,0.49053074759855736,0.2363694376201258,oz,6.236133876633583,330.03874055108065,-7.103172781267991e-4
Income,2030,Top 10%,248005,0.49053074759855736,0.2363694376201258,cola_ss,-0,-0,0
Income,2030,Top 10%,248005,0.49053074759855736,0.2363694376201258,cola_snap,-0,-0,0
Income,2030,Top 10%,248005,0.49053074759855736,0.2363694376201258,cola_ssi,-0,-0,0
Income,2030,Top 10%,248005,0.49053074759855736,0.2363694376201258,all_excises,33.073599132413094,1750.3743856514866,-0.0037671976545626197
Income,2030,Top 10%,248005,0.49053074759855736,0.2363694376201258,all_income_tax,21.45521438569095,1135.4874789714092,-0.0024438233343858015
Income,2030,Top 10%,248005,0.49053074759855736,0.2363694376201258,all_measures,54.528813518104045,2885.8618646228956,-0.006211020988948422
Income,2030,Top 10%,248005,0.49053074759855736,0.2363694376201258,benefit_offset,0,0,0
Income,2030,Top 10%,248005,0.49053074759855736,0.2363694376201258,all_excises_net,33.073599132413094,1750.3743856514866,-0.0037671976545626197
Income,2030,Top 10%,248005,0.49053074759855736,0.2363694376201258,all_measures_net,54.528813518104045,2885.8618646228956,-0.006211020988948422
Income,2030,Top 5%,359020,0.37447170305004074,0.15038900051200974,carbon,15.413481859119189,1631.48609044451,-0.0023180911772667447
Income,2030,Top 5%,359020,0.37447170305004074,0.15038900051200974,gambling,2.6478959717973027,280.274469222246,-3.9822697730765966e-4
Income,2030,Top 5%,359020,0.37447170305004074,0.15038900051200974,guns,0.21430621565155444,22.683882404185916,-3.2230313194379144e-5
Income,2030,Top 5%,359020,0.37447170305004074,0.15038900051200974,alcohol,2.51719469877013,266.44000203979925,-3.7857032408478207e-4
Income,2030,Top 5%,359020,0.37447170305004074,0.15038900051200974,tobacco,0.02699799177673508,2.857683192952201,-4.060328945373418e-6
Income,2030,Top 5%,359020,0.37447170305004074,0.15038900051200974,carried_interest,6.625016913823062,701.2447312459227,-9.963610686763934e-4
Income,2030,Top 5%,359020,0.37447170305004074,0.15038900051200974,qsbs,8.011635548209949,848.0155280996482,-0.0012048998305204087
Income,2030,Top 5%,359020,0.37447170305004074,0.15038900051200974,oz,5.903310403944173,624.8535470207935,-8.878209277518801e-4
Income,2030,Top 5%,359020,0.37447170305004074,0.15038900051200974,cola_ss,-0,-0,0
Income,2030,Top 5%,359020,0.37447170305004074,0.15038900051200974,cola_snap,-0,-0,0
Income,2030,Top 5%,359020,0.37447170305004074,0.15038900051200974,cola_ssi,-0,-0,0
Income,2030,Top 5%,359020,0.37447170305004074,0.15038900051200974,all_excises,20.81987673711491,2203.7421273036935,-0.003131179120798939
Income,2030,Top 5%,359020,0.37447170305004074,0.15038900051200974,all_income_tax,20.539962865977184,2174.1138063663643,-0.0030890818269486823
Income,2030,Top 5%,359020,0.37447170305004074,0.15038900051200974,all_measures,41.3598396030921,4377.855933670057,-0.006220260947747621
Income,2030,Top 5%,359020,0.37447170305004074,0.15038900051200974,benefit_offset,0,0,0
Income,2030,Top 5%,359020,0.37447170305004074,0.15038900051200974,all_excises_net,20.81987673711491,2203.7421273036935,-0.003131179120798939
Income,2030,Top 5%,359020,0.37447170305004074,0.15038900051200974,all_measures_net,41.3598396030921,4377.855933670057,-0.006220260947747621
Income,2030,Top 1%,908675,0.21158965374530417,0.05459733301931857,carbon,5.672704064496951,3001.8443866888147,-0.001536856054795637
Income,2030,Top 1%,908675,0.21158965374530417,0.05459733301931857,gambling,0.960571720742568,508.30905246223125,-2.602392877019564e-4
Income,2030,Top 1%,908675,0.21158965374530417,0.05459733301931857,guns,0.07774342063540854,41.1397541953537,-2.1062344406758168e-5
Income,2030,Top 1%,908675,0.21158965374530417,0.05459733301931857,alcohol,0.6739737415747793,356.6490107573276,-1.8259380601133528e-4
Income,2030,Top 1%,908675,0.21158965374530417,0.05459733301931857,tobacco,0.009313733508774411,4.92858050315186,-2.5232882894944926e-6
Income,2030,Top 1%,908675,0.21158965374530417,0.05459733301931857,carried_interest,6.048229125509549,3200.5622791868086,-0.001638593772325573
Income,2030,Top 1%,908675,0.21158965374530417,0.05459733301931857,qsbs,6.714666161919339,3553.2230656623083,-0.0018191457247809446
Income,2030,Top 1%,908675,0.21158965374530417,0.05459733301931857,oz,4.947648750887934,2618.164364172227,-0.0013404231656280645
Income,2030,Top 1%,908675,0.21158965374530417,0.05459733301931857,cola_ss,-0,-0,0
Income,2030,Top 1%,908675,0.21158965374530417,0.05459733301931857,cola_snap,-0,-0,0
Income,2030,Top 1%,908675,0.21158965374530417,0.05459733301931857,cola_ssi,-0,-0,0
Income,2030,Top 1%,908675,0.21158965374530417,0.05459733301931857,all_excises,7.394306680958482,3912.870784606879,-0.0020032747812051815
Income,2030,Top 1%,908675,0.21158965374530417,0.05459733301931857,all_income_tax,17.710544038316822,9371.949709021344,-0.004798162662734582
Income,2030,Top 1%,908675,0.21158965374530417,0.05459733301931857,all_measures,25.1048507192753,13284.820493628224,-0.006801437443939764
Income,2030,Top 1%,908675,0.21158965374530417,0.05459733301931857,benefit_offset,0,0,0
Income,2030,Top 1%,908675,0.21158965374530417,0.05459733301931857,all_excises_net,7.394306680958482,3912.870784606879,-0.0020032747812051815
Income,2030,Top 1%,908675,0.21158965374530417,0.05459733301931857,all_measures_net,25.1048507192753,13284.820493628224,-0.006801437443939764
Income,2030,Top 0.1%,4163785,0.10069822221355489,0.011448859562809974,carbon,1.2109640789519924,6408.806827103484,-7.003721253175225e-4
Income,2030,Top 0.1%,4163785,0.10069822221355489,0.011448859562809974,gambling,0.194888436556638,1031.4115541797348,-1.1271550567305712e-4
Income,2030,Top 0.1%,4163785,0.10069822221355489,0.011448859562809974,guns,0.015773203991980067,83.47680925150323,-9.1225764619628e-6
Income,2030,Top 0.1%,4163785,0.10069822221355489,0.011448859562809974,alcohol,0.10875783253986426,575.5810199470761,-6.290108488337057e-5
Income,2030,Top 0.1%,4163785,0.10069822221355489,0.011448859562809974,tobacco,0.0018825148124740707,9.962866770373914,-1.0887696200660395e-6
Income,2030,Top 0.1%,4163785,0.10069822221355489,0.011448859562809974,carried_interest,4.7407745401086725,25089.68578547847,-0.0027418702156554566
Income,2030,Top 0.1%,4163785,0.10069822221355489,0.011448859562809974,qsbs,4.95149540926355,26204.887605520646,-0.002863742553195378
Income,2030,Top 0.1%,4163785,0.10069822221355489,0.011448859562809974,oz,3.648470301562616,19308.864551436265,-0.0021101260918281735
Income,2030,Top 0.1%,4163785,0.10069822221355489,0.011448859562809974,cola_ss,-0,-0,0
Income,2030,Top 0.1%,4163785,0.10069822221355489,0.011448859562809974,cola_snap,-0,-0,0
Income,2030,Top 0.1%,4163785,0.10069822221355489,0.011448859562809974,cola_ssi,-0,-0,0
Income,2030,Top 0.1%,4163785,0.10069822221355489,0.011448859562809974,all_excises,1.5322660668529489,8109.239077252171,-8.86200061955979e-4
Income,2030,Top 0.1%,4163785,0.10069822221355489,0.011448859562809974,all_income_tax,13.340740250934838,70603.43794243538,-0.007715738860679008
Income,2030,Top 0.1%,4163785,0.10069822221355489,0.011448859562809974,all_measures,14.873006317787787,78712.67701968754,-0.008601938922634987
Income,2030,Top 0.1%,4163785,0.10069822221355489,0.011448859562809974,benefit_offset,0,0,0
Income,2030,Top 0.1%,4163785,0.10069822221355489,0.011448859562809974,all_excises_net,1.5322660668529489,8109.239077252171,-8.86200061955979e-4
Income,2030,Top 0.1%,4163785,0.10069822221355489,0.011448859562809974,all_measures_net,14.873006317787787,78712.67701968754,-0.008601938922634987
Income,2030,Negative income,-1711570725,-0.025032315414279305,0.009328420204832459,carbon,0.9513598207180382,499.5930646917559,0.0015374055331044225
Income,2030,Negative income,-1711570725,-0.025032315414279305,0.009328420204832459,gambling,0.04494253350683243,23.600931593625607,7.262751503735542e-5
Income,2030,Negative income,-1711570725,-0.025032315414279305,0.009328420204832459,guns,0.002876069531713983,1.5103269660170213,4.647752738089e-6
Income,2030,Negative income,-1711570725,-0.025032315414279305,0.009328420204832459,alcohol,0.12497219169606552,65.62736715490047,2.01956120926681e-4
Income,2030,Negative income,-1711570725,-0.025032315414279305,0.009328420204832459,tobacco,0.005523560083925891,2.9006189353832843,8.926119908083881e-6
Income,2030,Negative income,-1711570725,-0.025032315414279305,0.009328420204832459,carried_interest,0.05326985011544294,27.97390334895402,8.608452925131236e-5
Income,2030,Negative income,-1711570725,-0.025032315414279305,0.009328420204832459,qsbs,0.1430377288846445,75.11422679811426,2.3115018212979406e-4
Income,2030,Negative income,-1711570725,-0.025032315414279305,0.009328420204832459,oz,0.10539622128342226,55.347325009136824,1.7032118683247982e-4
Income,2030,Negative income,-1711570725,-0.025032315414279305,0.009328420204832459,cola_ss,-0,-0,-0
Income,2030,Negative income,-1711570725,-0.025032315414279305,0.009328420204832459,cola_snap,-0,-0,-0
Income,2030,Negative income,-1711570725,-0.025032315414279305,0.009328420204832459,cola_ssi,-0,-0,-0
Income,2030,Negative income,-1711570725,-0.025032315414279305,0.009328420204832459,all_excises,1.129674175536576,593.2323093416823,0.0018255630417146318
Income,2030,Negative income,-1711570725,-0.025032315414279305,0.009328420204832459,all_income_tax,0.3017038002835097,158.4354551562051,4.875558982135862e-4
Income,2030,Negative income,-1711570725,-0.025032315414279305,0.009328420204832459,all_measures,1.4313779758200857,751.6677644978873,0.002313118939928218
Income,2030,Negative income,-1711570725,-0.025032315414279305,0.009328420204832459,benefit_offset,0,0,0
Income,2030,Negative income,-1711570725,-0.025032315414279305,0.009328420204832459,all_excises_net,1.129674175536576,593.2323093416823,0.0018255630417146318
Income,2030,Negative income,-1711570725,-0.025032315414279305,0.009328420204832459,all_measures_net,1.4313779758200857,751.6677644978873,0.002313118939928218
Income,2030,Overall,-1711570725,1,1,carbon,101.6,532.3444544079337,-0.00540575172168281
Income,2030,Overall,-1711570725,1,1,gambling,11.4,59.731562797740594,-6.065508821573232e-4
Income,2030,Overall,-1711570725,1,1,guns,0.96,5.030026340862365,-5.107796902377458e-5
Income,2030,Overall,-1711570725,1,1,alcohol,19.4,101.64844897159364,-0.0010322006240221114
Income,2030,Overall,-1711570725,1,1,tobacco,0.34,1.7814676623887544,-1.8090114029253496e-5
Income,2030,Overall,-1711570725,1,1,carried_interest,7,36.67727540212142,-3.724435241316896e-4
Income,2030,Overall,-1711570725,1,1,qsbs,9.5,49.776302331450495,-5.054590684644359e-4
Income,2030,Overall,-1711570725,1,1,oz,7,36.67727540212142,-3.724435241316896e-4
Income,2030,Overall,-1711570725,1,1,cola_ss,-0,-0,0
Income,2030,Overall,-1711570725,1,1,cola_snap,-0,-0,0
Income,2030,Overall,-1711570725,1,1,cola_ssi,-0,-0,0
Income,2030,Overall,-1711570725,1,1,all_excises,133.7,700.535960180519,-0.007113671310915273
Income,2030,Overall,-1711570725,1,1,all_income_tax,23.5,123.13085313569333,-0.0012503461167278152
Income,2030,Overall,-1711570725,1,1,all_measures,157.2,823.6668133162124,-0.008364017427643087
Income,2030,Overall,-1711570725,1,1,benefit_offset,0,0,0
Income,2030,Overall,-1711570725,1,1,all_excises_net,133.7,700.535960180519,-0.007113671310915273
Income,2030,Overall,-1711570725,1,1,all_measures_net,157.2,823.6668133162124,-0.008364017427643087
Income,2031,Quintile 1,0,0.021454038384919574,0.1019282743076647,carbon,10.841590500270197,285.37958930627383,-0.02142440748432437
Income,2031,Quintile 1,0,0.021454038384919574,0.1019282743076647,gambling,0.4719389644473721,12.422692763415354,-9.326134096098337e-4
Income,2031,Quintile 1,0,0.021454038384919574,0.1019282743076647,guns,0.030487950928639627,0.8025242158508171,-6.024819735083907e-5
Income,2031,Quintile 1,0,0.021454038384919574,0.1019282743076647,alcohol,1.8056270643101753,47.52892207469822,-0.0035681563502644236
Income,2031,Quintile 1,0,0.021454038384919574,0.1019282743076647,tobacco,0.06617620558641824,1.7419343012105943,-1.3077287822432627e-4
Income,2031,Quintile 1,0,0.021454038384919574,0.1019282743076647,carried_interest,0.002162584255769933,0.056924987780755644,-4.273550667094897e-6
Income,2031,Quintile 1,0,0.021454038384919574,0.1019282743076647,qsbs,0.015529354133768795,0.40877403594760153,-3.068804442687149e-5
Income,2031,Quintile 1,0,0.021454038384919574,0.1019282743076647,oz,0.011025841434975843,0.2902295655227971,-2.178851154307876e-5
Income,2031,Quintile 1,0,0.021454038384919574,0.1019282743076647,cola_ss,-1.2748866856115257,-33.5584191953004,0.0025193436192042433
Income,2031,Quintile 1,0,0.021454038384919574,0.1019282743076647,cola_snap,-0.36731552868230033,-9.668724779686086,7.258637523353711e-4
Income,2031,Quintile 1,0,0.021454038384919574,0.1019282743076647,cola_ssi,-0.3194443792091171,-8.408628396601353,6.312640703947077e-4
Income,2031,Quintile 1,0,0.021454038384919574,0.1019282743076647,all_excises,13.215820685542802,347.8756626614488,-0.02611619831977379
Income,2031,Quintile 1,0,0.021454038384919574,0.1019282743076647,all_income_tax,0.02871777982451457,0.7559285892511542,-5.6750106637045145e-5
Income,2031,Quintile 1,0,0.021454038384919574,0.1019282743076647,all_measures,13.244538465367317,348.63159125069996,-0.026172948426410835
Income,2031,Quintile 1,0,0.021454038384919574,0.1019282743076647,benefit_offset,-1.9616465935029432,-51.63577237158784,0.003876471441934322
Income,2031,Quintile 1,0,0.021454038384919574,0.1019282743076647,all_excises_net,11.25417409203986,296.23989028986097,-0.02223972687783947
Income,2031,Quintile 1,0,0.021454038384919574,0.1019282743076647,all_measures_net,11.282891871864374,296.9958188791121,-0.022296476984476513
Income,2031,Quintile 2,26470,0.05911292258401034,0.13256518198258713,carbon,14.055414061671318,370.00426836130697,-0.010397980473784393
Income,2031,Quintile 2,26470,0.05911292258401034,0.13256518198258713,gambling,0.7119085737751207,18.740764933998914,-5.266590807466534e-4
Income,2031,Quintile 2,26470,0.05911292258401034,0.13256518198258713,guns,0.11844959972391117,3.118147732342508,-8.76272032721854e-5
Income,2031,Quintile 2,26470,0.05911292258401034,0.13256518198258713,alcohol,2.108368614574377,55.5021277387237,-0.0015597388728423847
Income,2031,Quintile 2,26470,0.05911292258401034,0.13256518198258713,tobacco,0.06287157302793986,1.655074000442589,-4.651142868023717e-5
Income,2031,Quintile 2,26470,0.05911292258401034,0.13256518198258713,carried_interest,0.005238714307953151,0.1379074743841185,-3.87552076678946e-6
Income,2031,Quintile 2,26470,0.05911292258401034,0.13256518198258713,qsbs,0.04216636321248748,1.1100159910933545,-3.119403095562808e-5
Income,2031,Quintile 2,26470,0.05911292258401034,0.13256518198258713,oz,0.029938117880866106,0.7881113536762816,-2.214776197849594e-5
Income,2031,Quintile 2,26470,0.05911292258401034,0.13256518198258713,cola_ss,-2.9635449673149856,-78.01437101574992,0.0021923852664970196
Income,2031,Quintile 2,26470,0.05911292258401034,0.13256518198258713,cola_snap,-0.1791213458854223,-4.71531199589203,1.3251123366287605e-4
Income,2031,Quintile 2,26470,0.05911292258401034,0.13256518198258713,cola_ssi,-0.10004787494559883,-2.633728227992739,7.401388856731117e-5
Income,2031,Quintile 2,26470,0.05911292258401034,0.13256518198258713,all_excises,17.057012422772665,449.0203827668147,-0.012618517059325854
Income,2031,Quintile 2,26470,0.05911292258401034,0.13256518198258713,all_income_tax,0.07734319540130674,2.0360348191537545,-5.721731370091348e-5
Income,2031,Quintile 2,26470,0.05911292258401034,0.13256518198258713,all_measures,17.134355618173974,451.05641758596846,-0.012675734373026767
Income,2031,Quintile 2,26470,0.05911292258401034,0.13256518198258713,benefit_offset,-3.2427141881460066,-85.36341123963469,0.002398910388727207
Income,2031,Quintile 2,26470,0.05911292258401034,0.13256518198258713,all_excises_net,13.81429823462666,363.65697152718,-0.010219606670598647
Income,2031,Quintile 2,26470,0.05911292258401034,0.13256518198258713,all_measures_net,13.891641430027967,365.69300634633373,-0.010276823984299561
Income,2031,Quintile 3,52560,0.10684862730761814,0.1588701698876115,carbon,16.775586008786483,441.5312323434453,-0.007477696162993671
Income,2031,Quintile 3,52560,0.10684862730761814,0.1588701698876115,gambling,1.4582999028611703,38.38226294445834,-6.50035330056875e-4
Income,2031,Quintile 3,52560,0.10684862730761814,0.1588701698876115,guns,0.13118536496454117,3.452781669020724,-5.847570986327858e-5
Income,2031,Quintile 3,52560,0.10684862730761814,0.1588701698876115,alcohol,3.144173389113985,82.75423287567101,-0.0014015112959541382
Income,2031,Quintile 3,52560,0.10684862730761814,0.1588701698876115,tobacco,0.0777034316805483,2.0451441713724683,-3.463620600942026e-5
Income,2031,Quintile 3,52560,0.10684862730761814,0.1588701698876115,carried_interest,0.030737163004857144,0.8089981150683907,-1.3701051381593899e-5
Income,2031,Quintile 3,52560,0.10684862730761814,0.1588701698876115,qsbs,0.1259816423346063,3.3158203691671626,-5.615615710829484e-5
Income,2031,Quintile 3,52560,0.10684862730761814,0.1588701698876115,oz,0.08944696605757048,2.3542324621086856,-3.987087154688934e-5
Income,2031,Quintile 3,52560,0.10684862730761814,0.1588701698876115,cola_ss,-2.5276084649735675,-66.5263246146496,0.0011266782638879875
Income,2031,Quintile 3,52560,0.10684862730761814,0.1588701698876115,cola_snap,-0.06958175359395251,-1.8313826650743763,3.101597831463821e-5
Income,2031,Quintile 3,52560,0.10684862730761814,0.1588701698876115,cola_ssi,-0.05748607179194628,-1.51302590011387,2.5624343509613767e-5
Income,2031,Quintile 3,52560,0.10684862730761814,0.1588701698876115,all_excises,21.58694809740673,568.1656540039678,-0.009622354704877384
Income,2031,Quintile 3,52560,0.10684862730761814,0.1588701698876115,all_income_tax,0.2461657713970339,6.479050946344239,-1.0972808003677809e-4
Income,2031,Quintile 3,52560,0.10684862730761814,0.1588701698876115,all_measures,21.83311386880376,574.6447049503121,-0.009732082784914161
Income,2031,Quintile 3,52560,0.10684862730761814,0.1588701698876115,benefit_offset,-2.6546762903594665,-69.87073317983784,0.0011833185857122394
Income,2031,Quintile 3,52560,0.10684862730761814,0.1588701698876115,all_excises_net,18.93227180704726,498.29492082413003,-0.008439036119165143
Income,2031,Quintile 3,52560,0.10684862730761814,0.1588701698876115,all_measures_net,19.178437578444296,504.77397177047425,-0.008548764199201923
Income,2031,Quintile 4,89850,0.18861510146899127,0.21903067574142454,carbon,23.16718741566884,609.818693155688,-0.006090044032540038
Income,2031,Quintile 4,89850,0.18861510146899127,0.21903067574142454,gambling,2.4627520901363384,64.8258346698415,-6.473927283903448e-4
Income,2031,Quintile 4,89850,0.18861510146899127,0.21903067574142454,guns,0.17713121751943667,4.662539549868802,-4.656313668448187e-5
Income,2031,Quintile 4,89850,0.18861510146899127,0.21903067574142454,alcohol,4.98779116977132,131.29121970266644,-0.0013111590675213935
Income,2031,Quintile 4,89850,0.18861510146899127,0.21903067574142454,tobacco,0.07211711924313963,1.8983041239291785,-1.8957693215431738e-5
Income,2031,Quintile 4,89850,0.18861510146899127,0.21903067574142454,carried_interest,0.06298428898848919,1.6579050409167586,-1.655691243032368e-5
Income,2031,Quintile 4,89850,0.18861510146899127,0.21903067574142454,qsbs,0.3125202330452255,8.226319262710915,-8.215334672079571e-5
Income,2031,Quintile 4,89850,0.18861510146899127,0.21903067574142454,oz,0.2218893654621101,5.840686676524749,-5.832887617176495e-5
Income,2031,Quintile 4,89850,0.18861510146899127,0.21903067574142454,cola_ss,-3.137163716088945,-82.57804640829643,8.24677800782449e-4
Income,2031,Quintile 4,89850,0.18861510146899127,0.21903067574142454,cola_snap,-0.02893498664302976,-0.7616416885027508,7.606246696041661e-6
Income,2031,Quintile 4,89850,0.18861510146899127,0.21903067574142454,cola_ssi,-0.03095403865720184,-0.8147882202160927,8.137002348408003e-6
Income,2031,Quintile 4,89850,0.18861510146899127,0.21903067574142454,all_excises,30.866979012339076,812.496591201994,-0.00811411665835169
Income,2031,Quintile 4,89850,0.18861510146899127,0.21903067574142454,all_income_tax,0.5973938874958248,15.724910980152423,-1.5703913532288434e-4
Income,2031,Quintile 4,89850,0.18861510146899127,0.21903067574142454,all_measures,31.464372899834903,828.2215021821464,-0.0082711557936745745
Income,2031,Quintile 4,89850,0.18861510146899127,0.21903067574142454,benefit_offset,-3.197052741389177,-84.15447631701528,8.404210498268987e-4
Income,2031,Quintile 4,89850,0.18861510146899127,0.21903067574142454,all_excises_net,27.6699262709499,728.3421148849786,-0.007273695608524791
Income,2031,Quintile 4,89850,0.18861510146899127,0.21903067574142454,all_measures_net,28.267320158445724,744.0670258651311,-0.007430734743847675
Income,2031,Quintile 5,165280,0.648679065265078,0.37834336547391123,carbon,40.274167873100005,1060.1029569018672,-0.0033017095114766396
Income,2031,Quintile 5,165280,0.648679065265078,0.37834336547391123,gambling,6.728576555648814,177.1106463294097,-5.516142576175443e-4
Income,2031,Quintile 5,165280,0.648679065265078,0.37834336547391123,guns,0.5497403536776451,14.470351722678352,-4.506816777193666e-5
Income,2031,Quintile 5,165280,0.648679065265078,0.37834336547391123,alcohol,8.22317376906946,216.45166835416987,-6.741425703297093e-4
Income,2031,Quintile 5,165280,0.648679065265078,0.37834336547391123,tobacco,0.07532553759594951,1.9827306025861875,-6.17524972139156e-6
Income,2031,Quintile 5,165280,0.648679065265078,0.37834336547391123,carried_interest,7.937626690707038,208.9354534180724,-6.507331852475837e-4
Income,2031,Quintile 5,165280,0.648679065265078,0.37834336547391123,qsbs,9.35330552243075,246.19917343489445,-7.667917039145898e-4
Income,2031,Quintile 5,165280,0.648679065265078,0.37834336547391123,oz,6.640846920925831,174.80141313877505,-5.444221097793587e-4
Income,2031,Quintile 5,165280,0.648679065265078,0.37834336547391123,cola_ss,-3.778230080324329,-99.45116414640157,3.0974241931106553e-4
Income,2031,Quintile 5,165280,0.648679065265078,0.37834336547391123,cola_snap,-0.01584534982832582,-0.4170837808264748,1.299014852540295e-6
Income,2031,Quintile 5,165280,0.648679065265078,0.37834336547391123,cola_ssi,-0.017135271399522447,-0.4510372985280881,1.4047636872300228e-6
Income,2031,Quintile 5,165280,0.648679065265078,0.37834336547391123,all_excises,55.850984089091874,1470.1183539107112,-0.004578709756917222
Income,2031,Quintile 5,165280,0.648679065265078,0.37834336547391123,all_income_tax,23.931779134063618,629.9360399917418,-0.001961946998941532
Income,2031,Quintile 5,165280,0.648679065265078,0.37834336547391123,all_measures,79.7827632231555,2100.0543939024533,-0.006540656755858754
Income,2031,Quintile 5,165280,0.648679065265078,0.37834336547391123,benefit_offset,-3.8112107015521772,-100.31928522575613,3.1244619785083584e-4
Income,2031,Quintile 5,165280,0.648679065265078,0.37834336547391123,all_excises_net,52.0397733875397,1369.799068684955,-0.004266263559066385
Income,2031,Quintile 5,165280,0.648679065265078,0.37834336547391123,all_measures_net,75.97155252160331,1999.735108676697,-0.006228210558007918
Income,2031,Top 10%,255595,0.48975339143501834,0.23629163305018666,carbon,25.20119681634936,1326.6891169990956,-0.002777705907689895
Income,2031,Top 10%,255595,0.48975339143501834,0.23629163305018666,gambling,4.277021957968164,225.1590877271876,-4.714184507404101e-4
Income,2031,Top 10%,255595,0.48975339143501834,0.23629163305018666,guns,0.349442641309704,18.39602113421216,-3.851598383355405e-5
Income,2031,Top 10%,255595,0.48975339143501834,0.23629163305018666,alcohol,4.684045527277339,246.58639309287116,-5.162810729911775e-4
Income,2031,Top 10%,255595,0.48975339143501834,0.23629163305018666,tobacco,0.04587214118465873,2.41488810736365,-5.056081998627454e-6
Income,2031,Top 10%,255595,0.48975339143501834,0.23629163305018666,carried_interest,7.815698349278501,411.4487902022439,-8.614555743411681e-4
Income,2031,Top 10%,255595,0.48975339143501834,0.23629163305018666,qsbs,8.893105492990149,468.1676969492443,-9.802086720564957e-4
Income,2031,Top 10%,255595,0.48975339143501834,0.23629163305018666,oz,6.314104900023005,332.39906483396345,-6.959481571601119e-4
Income,2031,Top 10%,255595,0.48975339143501834,0.23629163305018666,cola_ss,-1.5646912763905503,-82.37144064936024,1.7246213478723475e-4
Income,2031,Top 10%,255595,0.48975339143501834,0.23629163305018666,cola_snap,-0.008267139040865646,-0.4352143858151736,9.112139046748967e-7
Income,2031,Top 10%,255595,0.48975339143501834,0.23629163305018666,cola_ssi,-0.00773850966430046,-0.4073852773039437,8.529477456125253e-7
Income,2031,Top 10%,255595,0.48975339143501834,0.23629163305018666,all_excises,34.55757908408923,1819.2455070607302,-0.0038089774972536643
Income,2031,Top 10%,255595,0.48975339143501834,0.23629163305018666,all_income_tax,23.022908742291655,1212.0155519854516,-0.0025376124035577756
Income,2031,Top 10%,255595,0.48975339143501834,0.23629163305018666,all_measures,57.58048782638088,3031.261059046182,-0.00634658990081144
Income,2031,Top 10%,255595,0.48975339143501834,0.23629163305018666,benefit_offset,-1.5806969250957164,-83.21404031247936,1.7422629643752216e-4
Income,2031,Top 10%,255595,0.48975339143501834,0.23629163305018666,all_excises_net,32.97688215899351,1736.0314667482508,-0.0036347512008161422
Income,2031,Top 10%,255595,0.48975339143501834,0.23629163305018666,all_measures_net,55.99979090128516,2948.0470187337023,-0.006172363604373917
Income,2031,Top 5%,370660,0.3737066151250617,0.15031891220269775,carbon,16.09169213018874,1694.2457618023786,-0.0023427141755830833
Income,2031,Top 5%,370660,0.3737066151250617,0.15031891220269775,gambling,2.7572493508036686,290.3024734153103,-4.014150337630928e-4
Income,2031,Top 5%,370660,0.3737066151250617,0.15031891220269775,guns,0.225273684671944,23.71838725307318,-3.279654185508002e-5
Income,2031,Top 5%,370660,0.3737066151250617,0.15031891220269775,alcohol,2.648326453000286,278.8343098142677,-3.855574586451317e-4
Income,2031,Top 5%,370660,0.3737066151250617,0.15031891220269775,tobacco,0.028551833313324358,3.006136470386249,-4.1567278382441775e-6
Income,2031,Top 5%,370660,0.3737066151250617,0.15031891220269775,carried_interest,7.663897889287639,806.9087087151152,-0.0011157510397413273
Income,2031,Top 5%,370660,0.3737066151250617,0.15031891220269775,qsbs,8.416823250498261,886.1819505758305,-0.0012253659206745142
Income,2031,Top 5%,370660,0.3737066151250617,0.15031891220269775,oz,5.975944507853765,629.1891849088397,-8.700098036789051e-4
Income,2031,Top 5%,370660,0.3737066151250617,0.15031891220269775,cola_ss,-0.7873243771178076,-82.89501056219234,1.1462287273043764e-4
Income,2031,Top 5%,370660,0.3737066151250617,0.15031891220269775,cola_snap,-0.004822497773838294,-0.5077462549323023,7.020848898354061e-7
Income,2031,Top 5%,370660,0.3737066151250617,0.15031891220269775,cola_ssi,-0.002763753451535879,-0.2909872705771458,4.0236193536060616e-7
Income,2031,Top 5%,370660,0.3737066151250617,0.15031891220269775,all_excises,21.75109345197796,2290.107068755416,-0.003166639937684632
Income,2031,Top 5%,370660,0.3737066151250617,0.15031891220269775,all_income_tax,22.056665647639665,2322.279844199785,-0.0032111267640947466
Income,2031,Top 5%,370660,0.3737066151250617,0.15031891220269775,all_measures,43.80775909961763,4612.386912955201,-0.0063777667017793785
Income,2031,Top 5%,370660,0.3737066151250617,0.15031891220269775,benefit_offset,-0.7949106283431817,-83.69374408770179,1.1572731955563365e-4
Income,2031,Top 5%,370660,0.3737066151250617,0.15031891220269775,all_excises_net,20.95618282363478,2206.4133246677143,-0.0030509126181289983
Income,2031,Top 5%,370660,0.3737066151250617,0.15031891220269775,all_measures_net,43.012848471274445,4528.6931688674995,-0.006262039382223745
Income,2031,Top 1%,937065,0.21092788781581415,0.05460490045738319,carbon,5.9257135221317885,3119.030395320319,-0.0015554166484250723
Income,2031,Top 1%,937065,0.21092788781581415,0.05460490045738319,gambling,1.0008239942465713,526.7889591290841,-2.6270225467031524e-4
Income,2031,Top 1%,937065,0.21092788781581415,0.05460490045738319,guns,0.0817696480103629,43.0398831476439,-2.146338519001188e-5
Income,2031,Top 1%,937065,0.21092788781581415,0.05460490045738319,alcohol,0.7099780111866044,373.7006503317153,-1.8635926534262969e-4
Income,2031,Top 1%,937065,0.21092788781581415,0.05460490045738319,tobacco,0.009859143378729203,5.189411832891767,-2.5878867908836057e-6
Income,2031,Top 1%,937065,0.21092788781581415,0.05460490045738319,carried_interest,6.989641247001383,3679.0343340693607,-0.001834682746896171
Income,2031,Top 1%,937065,0.21092788781581415,0.05460490045738319,qsbs,7.052212316663917,3711.9689447987266,-0.0018511067746692618
Income,2031,Top 1%,937065,0.21092788781581415,0.05460490045738319,oz,5.007070744831381,2635.4979508070955,-0.0013142858100151757
Income,2031,Top 1%,937065,0.21092788781581415,0.05460490045738319,cola_ss,-0.15604279215201028,-82.13394216156416,4.0959043307354155e-5
Income,2031,Top 1%,937065,0.21092788781581415,0.05460490045738319,cola_snap,-0.001377856506810941,-0.7252419998169504,3.616679986013823e-7
Income,2031,Top 1%,937065,0.21092788781581415,0.05460490045738319,cola_ssi,-5.527506903071759e-4,-0.29094322526110583,1.4508929986593968e-7
Income,2031,Top 1%,937065,0.21092788781581415,0.05460490045738319,all_excises,7.728144318954056,4067.7492997616537,-0.0020285294404189125
Income,2031,Top 1%,937065,0.21092788781581415,0.05460490045738319,all_income_tax,19.04892430849668,10026.501229675183,-0.005000075331580608
Income,2031,Top 1%,937065,0.21092788781581415,0.05460490045738319,all_measures,26.77706862745074,14094.250529436837,-0.0070286047719995215
Income,2031,Top 1%,937065,0.21092788781581415,0.05460490045738319,benefit_offset,-0.1579733993491284,-83.15012738664223,4.1465800605821476e-5
Income,2031,Top 1%,937065,0.21092788781581415,0.05460490045738319,all_excises_net,7.570170919604928,3984.5991723750117,-0.0019870636398130912
Income,2031,Top 1%,937065,0.21092788781581415,0.05460490045738319,all_measures_net,26.61909522810161,14011.100402050195,-0.0069871389713937
Income,2031,Top 0.1%,4296285,0.10026141151141002,0.011456032471063221,carbon,1.2656727644254475,6662.724227230076,-7.093659511882792e-4
Income,2031,Top 0.1%,4296285,0.10026141151141002,0.011456032471063221,gambling,0.20322094422531656,1069.7908232111163,-1.1389833332410568e-4
Income,2031,Top 0.1%,4296285,0.10026141151141002,0.011456032471063221,guns,0.016603623787164866,87.40439833733434,-9.305758733222951e-6
Income,2031,Top 0.1%,4296285,0.10026141151141002,0.011456032471063221,alcohol,0.11451177169809702,602.8101236280426,-6.417990031550563e-5
Income,2031,Top 0.1%,4296285,0.10026141151141002,0.011456032471063221,tobacco,0.001993716692359993,10.495275620827652,-1.1174094739392662e-6
Income,2031,Top 0.1%,4296285,0.10026141151141002,0.011456032471063221,carried_interest,5.4764894343267,28829.204404048258,-0.003069383529412709
Income,2031,Top 0.1%,4296285,0.10026141151141002,0.011456032471063221,qsbs,5.19578277410969,27351.51513211253,-0.002912057123546563
Income,2031,Top 0.1%,4296285,0.10026141151141002,0.011456032471063221,oz,3.6890057696178795,19419.575743799895,-0.0020675605577180596
Income,2031,Top 0.1%,4296285,0.10026141151141002,0.011456032471063221,cola_ss,-0.017789436097482236,-93.64672307637207,9.97036565302256e-6
Income,2031,Top 0.1%,4296285,0.10026141151141002,0.011456032471063221,cola_snap,-1.3776932910329533e-4,-0.7252419998169505,7.721495945146155e-8
Income,2031,Top 0.1%,4296285,0.10026141151141002,0.011456032471063221,cola_ssi,-5.526852135078823e-5,-0.29094322526110583,3.097610086961854e-8
Income,2031,Top 0.1%,4296285,0.10026141151141002,0.011456032471063221,all_excises,1.6020028208283859,8433.224848027397,-8.978673530350527e-4
Income,2031,Top 0.1%,4296285,0.10026141151141002,0.011456032471063221,all_income_tax,14.361277978054268,75600.29527996069,-0.008049001210677332
Income,2031,Top 0.1%,4296285,0.10026141151141002,0.011456032471063221,all_measures,15.963280798882655,84033.52012798809,-0.008946868563712384
Income,2031,Top 0.1%,4296285,0.10026141151141002,0.011456032471063221,benefit_offset,-0.01798247394793632,-94.66290830145013,1.0078556713343642e-5
Income,2031,Top 0.1%,4296285,0.10026141151141002,0.011456032471063221,all_excises_net,1.5840203468804497,8338.561939725947,-8.87788796321709e-4
Income,2031,Top 0.1%,4296285,0.10026141151141002,0.011456032471063221,all_measures_net,15.945298324934718,83938.85721968663,-0.00893679000699904
Income,2031,Negative income,-1731691270,-0.024709755010617333,0.009262332606800885,carbon,0.9860541405031462,515.7831022515048,0.001556195543634476
Income,2031,Negative income,-1731691270,-0.024709755010617333,0.009262332606800885,gambling,0.0465239131311843,24.335629513646566,7.342427085214951e-5
Income,2031,Negative income,-1731691270,-0.024709755010617333,0.009262332606800885,guns,0.0030055131858264133,1.5721174438275227,4.743315842405104e-6
Income,2031,Negative income,-1731691270,-0.024709755010617333,0.009262332606800885,alcohol,0.13086599316068442,68.45310532056598,2.065333605982735e-4
Income,2031,Negative income,-1731691270,-0.024709755010617333,0.009262332606800885,tobacco,0.00580613286600442,3.037059628575867,9.163267736206944e-6
Income,2031,Negative income,-1731691270,-0.024709755010617333,0.009262332606800885,carried_interest,0.061250558735892635,32.03881196961103,9.666593611308274e-5
Income,2031,Negative income,-1731691270,-0.024709755010617333,0.009262332606800885,qsbs,0.1504968848431613,78.72159038243554,2.3751493138530282e-4
Income,2031,Negative income,-1731691270,-0.024709755010617333,0.009262332606800885,oz,0.10685278823864451,55.89232917152923,1.68635601283565e-4
Income,2031,Negative income,-1731691270,-0.024709755010617333,0.009262332606800885,cola_ss,-0.24910798708584989,-130.30287597515292,-3.9314346288221616e-4
Income,2031,Negative income,-1731691270,-0.024709755010617333,0.009262332606800885,cola_snap,-0.018484293224763197,-9.668724779686086,-2.9172003404327924e-5
Income,2031,Negative income,-1731691270,-0.024709755010617333,0.009262332606800885,cola_ssi,-0.016075289807338595,-8.408628396601353,-2.5370102242102208e-5
Income,2031,Negative income,-1731691270,-0.024709755010617333,0.009262332606800885,all_excises,1.1722556928468457,613.1810141581208,0.001850059758663511
Income,2031,Negative income,-1731691270,-0.024709755010617333,0.009262332606800885,all_income_tax,0.3186002318176984,166.6527315235758,5.028164687819505e-4
Income,2031,Negative income,-1731691270,-0.024709755010617333,0.009262332606800885,all_measures,1.4908559246645443,779.8337456816965,0.0023528762274454616
Income,2031,Negative income,-1731691270,-0.024709755010617333,0.009262332606800885,benefit_offset,-0.2836675701179517,-148.38022915144035,-4.476855685286463e-4
Income,2031,Negative income,-1731691270,-0.024709755010617333,0.009262332606800885,all_excises_net,0.8885881227288941,464.8007850066804,0.0014023741901348647
Income,2031,Negative income,-1731691270,-0.024709755010617333,0.009262332606800885,all_measures_net,1.2071883545465925,631.4535165302563,0.0019051906589168154
Income,2031,Overall,-1731691270,1,1,carbon,106.1,552.9952862718432,-0.005449506851191041
Income,2031,Overall,-1731691270,1,1,gambling,11.88,61.918793599524,-6.10180408974077e-4
Income,2031,Overall,-1731691270,1,1,guns,1.01,5.264139859892192,-5.187560716025402e-5
Income,2031,Overall,-1731691270,1,1,alcohol,20.4,106.32520113049576,-0.0010477845406625563
Income,2031,Overall,-1731691270,1,1,tobacco,0.36,1.8763270787734545,-1.849031542345688e-5
Income,2031,Overall,-1731691270,1,1,carried_interest,8.1,42.217359272402724,-4.1603209702777974e-4
Income,2031,Overall,-1731691270,1,1,qsbs,10,52.12019663259596,-5.136198728738022e-4
Income,2031,Overall,-1731691270,1,1,oz,7.1,37.00533960914313,-3.6467010974039954e-4
Income,2031,Overall,-1731691270,1,1,cola_ss,-13.930541901399204,-72.60625830995437,7.155003160459833e-4
Income,2031,Overall,-1731691270,1,1,cola_snap,-0.6792832578577938,-3.5404376968778597,3.488933805462222e-5
Income,2031,Overall,-1731691270,1,1,cola_ssi,-0.5411429258107251,-2.820447569959328,2.77941760761462e-5
Income,2031,Overall,-1731691270,1,1,all_excises,139.75,728.3797479405285,-0.007177837723411386
Income,2031,Overall,-1731691270,1,1,all_income_tax,25.2,131.34289551414182,-0.0012943220796419815
Income,2031,Overall,-1731691270,1,1,all_measures,164.95,859.7226434546703,-0.008472159803053367
Income,2031,Overall,-1731691270,1,1,benefit_offset,-15.150968085067722,-78.96714357679156,7.781838301767518e-4
Income,2031,Overall,-1731691270,1,1,all_excises_net,124.59903191493227,649.412604363737,-0.006399653893234634
Income,2031,Overall,-1731691270,1,1,all_measures_net,149.79903191493227,780.7554998778788,-0.007693975972876615
Income,2032,Quintile 1,0,0.021511436019962995,0.10196538029192002,carbon,11.357096682767974,297.5840112589277,-0.02159045392442624
Income,2032,Quintile 1,0,0.021511436019962995,0.10196538029192002,gambling,0.4919044032916084,12.889111502374687,-9.351368268797214e-4
Income,2032,Quintile 1,0,0.021511436019962995,0.10196538029192002,guns,0.031699224634343,0.8305980554694486,-6.02619373617075e-5
Income,2032,Quintile 1,0,0.021511436019962995,0.10196538029192002,alcohol,1.9055408678661627,49.92988181018341,-0.0036225360633936675
Income,2032,Quintile 1,0,0.021511436019962995,0.10196538029192002,tobacco,0.06802394420210474,1.7823955138138508,-1.293171903063642e-4
Income,2032,Quintile 1,0,0.021511436019962995,0.10196538029192002,carried_interest,0.002707234121526194,0.07093622708373866,-5.146598219255467e-6
Income,2032,Quintile 1,0,0.021511436019962995,0.10196538029192002,qsbs,0.018157961406579964,0.47578348081280136,-3.4519264919626105e-5
Income,2032,Quintile 1,0,0.021511436019962995,0.10196538029192002,oz,0.008819581254624554,0.2310948335376464,-1.6766500103818395e-5
Income,2032,Quintile 1,0,0.021511436019962995,0.10196538029192002,cola_ss,-1.3445219592527162,-35.22979939646166,0.0025560088306433347
Income,2032,Quintile 1,0,0.021511436019962995,0.10196538029192002,cola_snap,-0.3757626957276627,-9.84591162684833,7.143451707103904e-4
Income,2032,Quintile 1,0,0.021511436019962995,0.10196538029192002,cola_ssi,-0.33070029790368133,-8.66516539601342,6.286791196835436e-4
Income,2032,Quintile 1,0,0.021511436019962995,0.10196538029192002,all_excises,13.854265122762193,363.0159981407691,-0.0263377059423677
Income,2032,Quintile 1,0,0.021511436019962995,0.10196538029192002,all_income_tax,0.029684776782730713,0.7778145414341864,-5.643236324269997e-5
Income,2032,Quintile 1,0,0.021511436019962995,0.10196538029192002,all_measures,13.883949899544923,363.7938126822033,-0.0263941383056104
Income,2032,Quintile 1,0,0.021511436019962995,0.10196538029192002,benefit_offset,-2.0509849528840602,-53.740876419323406,0.003899033121037269
Income,2032,Quintile 1,0,0.021511436019962995,0.10196538029192002,all_excises_net,11.803280169878132,309.2751217214457,-0.02243867282133043
Income,2032,Quintile 1,0,0.021511436019962995,0.10196538029192002,all_measures_net,11.832964946660864,310.0529362628799,-0.022495105184573132
Income,2032,Quintile 2,27415,0.059256399160032454,0.13265297014334362,carbon,14.721305576102585,385.6954691622965,-0.010479848046197891
Income,2032,Quintile 2,27415,0.059256399160032454,0.13265297014334362,gambling,0.7430171546700971,19.466911313309506,-5.289413249665345e-4
Income,2032,Quintile 2,27415,0.059256399160032454,0.13265297014334362,guns,0.12332006436051313,3.2309627590275936,-8.778946465478326e-5
Income,2032,Quintile 2,27415,0.059256399160032454,0.13265297014334362,alcohol,2.219805613037654,58.1584943634004,-0.0015802420102260133
Income,2032,Quintile 2,27415,0.059256399160032454,0.13265297014334362,tobacco,0.06459675394928108,1.6924229438776088,-4.598533480379823e-5
Income,2032,Quintile 2,27415,0.059256399160032454,0.13265297014334362,carried_interest,0.0058270920328041455,0.15266872790771105,-4.1482081014695646e-6
Income,2032,Quintile 2,27415,0.059256399160032454,0.13265297014334362,qsbs,0.04862511435501006,1.2739689558968526,-3.4615395151957155e-5
Income,2032,Quintile 2,27415,0.059256399160032454,0.13265297014334362,oz,0.023617912686719172,0.618784921435614,-1.6813191930950614e-5
Income,2032,Quintile 2,27415,0.059256399160032454,0.13265297014334362,cola_ss,-3.139159758133495,-82.24540204193248,0.002234714651354174
Income,2032,Quintile 2,27415,0.059256399160032454,0.13265297014334362,cola_snap,-0.18318456087597423,-4.79940143794321,1.3040598556055132e-4
Income,2032,Quintile 2,27415,0.059256399160032454,0.13265297014334362,cola_ssi,-0.10354147654215493,-2.712767435349721,7.370942305567053e-5
Income,2032,Quintile 2,27415,0.059256399160032454,0.13265297014334362,all_excises,17.87204516212013,468.2442605419116,-0.01272280618084902
Income,2032,Quintile 2,27415,0.059256399160032454,0.13265297014334362,all_income_tax,0.07807011907453337,2.045422605240178,-5.5576795184377334e-5
Income,2032,Quintile 2,27415,0.059256399160032454,0.13265297014334362,all_measures,17.950115281194662,470.2896831471518,-0.012778382976033398
Income,2032,Quintile 2,27415,0.059256399160032454,0.13265297014334362,benefit_offset,-3.425885795551624,-89.75757091522541,0.002438830059970396
Income,2032,Quintile 2,27415,0.059256399160032454,0.13265297014334362,all_excises_net,14.446159366568507,378.4866896266862,-0.010283976120878623
Income,2032,Quintile 2,27415,0.059256399160032454,0.13265297014334362,all_measures_net,14.52422948564304,380.53211223192636,-0.010339552916063002
Income,2032,Quintile 3,54400,0.10698044063706635,0.15897624305300936,carbon,17.57928492326954,460.5813554703517,-0.007553080578444437
Income,2032,Quintile 3,54400,0.10698044063706635,0.15897624305300936,gambling,1.5215430097950555,39.86478090074132,-6.537431418122489e-4
Income,2032,Quintile 3,54400,0.10698044063706635,0.15897624305300936,guns,0.13653635414860119,3.5772842490026973,-5.8663938224604816e-5
Income,2032,Quintile 3,54400,0.10698044063706635,0.15897624305300936,alcohol,3.315178294844241,86.85844272562497,-0.001424392909163422
Income,2032,Quintile 3,54400,0.10698044063706635,0.15897624305300936,tobacco,0.0799537409477955,2.0948066170721105,-3.435276523264032e-5
Income,2032,Quintile 3,54400,0.10698044063706635,0.15897624305300936,carried_interest,0.035401495752061474,0.9275274261912232,-1.5210536218048129e-5
Income,2032,Quintile 3,54400,0.10698044063706635,0.15897624305300936,qsbs,0.12957061890904434,3.394780364886461,-5.5671054282958265e-5
Income,2032,Quintile 3,54400,0.10698044063706635,0.15897624305300936,oz,0.06293430061296439,1.6488933200877096,-2.70402263660083e-5
Income,2032,Quintile 3,54400,0.10698044063706635,0.15897624305300936,cola_ss,-2.6768877924000876,-70.13508303933675,0.00115014628204181
Income,2032,Quintile 3,54400,0.10698044063706635,0.15897624305300936,cola_snap,-0.07116015634028229,-1.8644126541976311,3.057453116886459e-5
Income,2032,Quintile 3,54400,0.10698044063706635,0.15897624305300936,cola_ssi,-0.059493445084995086,-1.5587421046106806,2.5561835226950266e-5
Income,2032,Quintile 3,54400,0.10698044063706635,0.15897624305300936,all_excises,22.632496323005235,592.9766699627928,-0.009724233332877353
Income,2032,Quintile 3,54400,0.10698044063706635,0.15897624305300936,all_income_tax,0.22790641527407018,5.971201111165394,-9.792181686701469e-5
Income,2032,Quintile 3,54400,0.10698044063706635,0.15897624305300936,all_measures,22.860402738279305,598.9478710739581,-0.009822155149744367
Income,2032,Quintile 3,54400,0.10698044063706635,0.15897624305300936,benefit_offset,-2.807541393825365,-73.55823779814506,0.0012062826484376247
Income,2032,Quintile 3,54400,0.10698044063706635,0.15897624305300936,all_excises_net,19.824954929179867,519.4184321646477,-0.008517950684439729
Income,2032,Quintile 3,54400,0.10698044063706635,0.15897624305300936,all_measures_net,20.052861344453937,525.3896332758131,-0.008615872501306743
Income,2032,Quintile 4,92905,0.18871152715033196,0.21908944268644295,carbon,24.260456808095075,635.6676399065556,-0.006148120521134314
Income,2032,Quintile 4,92905,0.18871152715033196,0.21908944268644295,gambling,2.569001800977299,67.31247167604984,-6.510402016069756e-4
Income,2032,Quintile 4,92905,0.18871152715033196,0.21908944268644295,guns,0.18431655644682896,4.829425569314286,-4.670977187442906e-5
Income,2032,Quintile 4,92905,0.18871152715033196,0.21908944268644295,alcohol,5.254187297045859,137.66916530713073,-0.0013315238455061612
Income,2032,Quintile 4,92905,0.18871152715033196,0.21908944268644295,tobacco,0.07412714146354173,1.9422645434865091,-1.878540883257227e-5
Income,2032,Quintile 4,92905,0.18871152715033196,0.21908944268644295,carried_interest,0.07239328688483496,1.8968344323923128,-1.8346012864049002e-5
Income,2032,Quintile 4,92905,0.18871152715033196,0.21908944268644295,qsbs,0.33125666842440105,8.679521011755478,-8.394755041146149e-5
Income,2032,Quintile 4,92905,0.18871152715033196,0.21908944268644295,oz,0.16089609609185193,4.2157673485669465,-4.0774524485567003e-5
Income,2032,Quintile 4,92905,0.18871152715033196,0.21908944268644295,cola_ss,-3.326122054992182,-87.15038523233966,8.429107260367598e-4
Income,2032,Quintile 4,92905,0.18871152715033196,0.21908944268644295,cola_snap,-0.029591352141503532,-0.7753466938494274,7.499083829641e-6
Income,2032,Quintile 4,92905,0.18871152715033196,0.21908944268644295,cola_ssi,-0.03203493196884351,-0.8393728840426052,8.118339410866736e-6
Income,2032,Quintile 4,92905,0.18871152715033196,0.21908944268644295,all_excises,32.3420896040286,847.4209670025369,-0.008196179748954452
Income,2032,Quintile 4,92905,0.18871152715033196,0.21908944268644295,all_income_tax,0.5645460514010879,14.792122792714737,-1.4306808776107748e-4
Income,2032,Quintile 4,92905,0.18871152715033196,0.21908944268644295,all_measures,32.90663565542969,862.2130897952517,-0.00833924783671553
Income,2032,Quintile 4,92905,0.18871152715033196,0.21908944268644295,benefit_offset,-3.3877483391025294,-88.76510481023169,8.585281492772675e-4
Income,2032,Quintile 4,92905,0.18871152715033196,0.21908944268644295,all_excises_net,28.954341264926075,758.6558621923052,-0.007337651599677184
Income,2032,Quintile 4,92905,0.18871152715033196,0.21908944268644295,all_measures_net,29.518887316327163,773.44798498502,-0.007480719687438262
Income,2032,Quintile 5,170660,0.6480813610500517,0.3781353576129229,carbon,42.15932917062979,1104.5515589603342,-0.0033395634570819615
Income,2032,Quintile 5,170660,0.6480813610500517,0.3781353576129229,gambling,7.006476554173506,183.56588572388256,-5.550034481933823e-4
Income,2032,Quintile 5,170660,0.6480813610500517,0.3781353576129229,guns,0.5710309139581405,14.960700244405393,-4.5233024591084417e-5
Income,2032,Quintile 5,170660,0.6480813610500517,0.3781353576129229,alcohol,8.668816294811156,227.1182853508239,-6.866822286744541e-4
Income,2032,Quintile 5,170660,0.6480813610500517,0.3781353576129229,tobacco,0.07737940498364627,2.0272984434878465,-6.129448411483599e-6
Income,2032,Quintile 5,170660,0.6480813610500517,0.3781353576129229,carried_interest,9.014542443658831,236.1761229444325,-7.140682055285095e-4
Income,2032,Quintile 5,170660,0.6480813610500517,0.3781353576129229,qsbs,9.815283692137799,257.15510936880486,-7.77497255862201e-4
Income,2032,Quintile 5,170660,0.6480813610500517,0.3781353576129229,oz,4.767423507609788,124.90391026484808,-3.7764152427592623e-4
Income,2032,Quintile 5,170660,0.6480813610500517,0.3781353576129229,cola_ss,-3.9574475916044323,-103.68298055974965,3.1348096898672147e-4
Income,2032,Quintile 5,170660,0.6480813610500517,0.3781353576129229,cola_snap,-0.01620478807749003,-0.42455665888732325,1.2836285386401166e-6
Income,2032,Quintile 5,170660,0.6480813610500517,0.3781353576129229,cola_ssi,-0.017733623054181226,-0.46461130610580315,1.4047320172890014e-6
Income,2032,Quintile 5,170660,0.6480813610500517,0.3781353576129229,all_excises,58.483032338556235,1532.2237287229339,-0.004632611606952366
Income,2032,Quintile 5,170660,0.6480813610500517,0.3781353576129229,all_income_tax,23.597249643406418,618.2351425780854,-0.0018692069856666368
Income,2032,Quintile 5,170660,0.6480813610500517,0.3781353576129229,all_measures,82.08028198196266,2150.4588713010194,-0.006501818592619003
Income,2032,Quintile 5,170660,0.6480813610500517,0.3781353576129229,benefit_offset,-3.9913860027361037,-104.57214852474277,3.161693295426506e-4
Income,2032,Quintile 5,170660,0.6480813610500517,0.3781353576129229,all_excises_net,54.491646335820136,1427.6515801981911,-0.004316442277409715
Income,2032,Quintile 5,170660,0.6480813610500517,0.3781353576129229,all_measures_net,78.08889597922655,2045.8867227762767,-0.006185649263076352
Income,2032,Top 10%,264090,0.48929712204004144,0.2361465779899853,carbon,26.372065203385706,1381.904457619202,-0.0028087639299347127
Income,2032,Top 10%,264090,0.48929712204004144,0.2361465779899853,gambling,4.454301127710545,233.40677100901434,-4.7440654511102503e-4
Income,2032,Top 10%,264090,0.48929712204004144,0.2361465779899853,guns,0.363027496678945,19.022754267821572,-3.866434161991259e-5
Income,2032,Top 10%,264090,0.48929712204004144,0.2361465779899853,alcohol,4.937256354608731,258.7137758163365,-5.258438220411195e-4
Income,2032,Top 10%,264090,0.48929712204004144,0.2361465779899853,tobacco,0.0470988420611426,2.467994041840903,-5.0162748993220905e-6
Income,2032,Top 10%,264090,0.48929712204004144,0.2361465779899853,carried_interest,8.874421119671574,465.02243982354895,-9.451726191236728e-4
Income,2032,Top 10%,264090,0.48929712204004144,0.2361465779899853,qsbs,9.323657098553996,488.56254549797467,-9.930186184332705e-4
Income,2032,Top 10%,264090,0.48929712204004144,0.2361465779899853,oz,4.528633447869083,237.301807813302,-4.823233289533028e-4
Income,2032,Top 10%,264090,0.48929712204004144,0.2361465779899853,cola_ss,-1.6336563851390968,-85.60410507979329,1.7399301469560817e-4
Income,2032,Top 10%,264090,0.48929712204004144,0.2361465779899853,cola_snap,-0.008454672040429578,-0.44302745690459266,9.004671300273215e-7
Income,2032,Top 10%,264090,0.48929712204004144,0.2361465779899853,cola_ssi,-0.008008732992210877,-0.4196601114271982,8.529722712088586e-7
Income,2032,Top 10%,264090,0.48929712204004144,0.2361465779899853,all_excises,36.17374902444507,1895.5157527542153,-0.003852694913606092
Income,2032,Top 10%,264090,0.48929712204004144,0.2361465779899853,all_income_tax,22.72671166609465,1190.8867931348257,-0.002420514566510246
Income,2032,Top 10%,264090,0.48929712204004144,0.2361465779899853,all_measures,58.900460690539724,3086.402545889041,-0.006273209480116338
Income,2032,Top 10%,264090,0.48929712204004144,0.2361465779899853,benefit_offset,-1.6501197901717373,-86.46679264812508,1.7574645409684436e-4
Income,2032,Top 10%,264090,0.48929712204004144,0.2361465779899853,all_excises_net,34.52362923427333,1809.0489601060904,-0.0036769484595092477
Income,2032,Top 10%,264090,0.48929712204004144,0.2361465779899853,all_measures_net,57.25034090036799,2999.935753240916,-0.006097463026019494
Income,2032,Top 5%,382380,0.3732662309279538,0.15023712786040638,carbon,16.843461285020926,1765.2326099797058,-0.00236950597593341
Income,2032,Top 5%,382380,0.3732662309279538,0.15023712786040638,gambling,2.8719037092996307,300.9819653212144,-4.040139307674579e-4
Income,2032,Top 5%,382380,0.3732662309279538,0.15023712786040638,guns,0.23406141264317581,24.530162259647266,-3.292731265910538e-5
Income,2032,Top 5%,382380,0.3732662309279538,0.15023712786040638,alcohol,2.792532964087487,292.663732782427,-0.00039284820586614477
Income,2032,Top 5%,382380,0.3732662309279538,0.15023712786040638,tobacco,0.029328385812956697,3.0736807689959917,-4.1258613222261585e-6
Income,2032,Top 5%,382380,0.3732662309279538,0.15023712786040638,carried_interest,8.702344805291933,912.0253001234437,-0.0012242292526364594
Income,2032,Top 5%,382380,0.3732662309279538,0.15023712786040638,qsbs,8.829852579824346,925.388401556207,-0.0012421668029190256
Income,2032,Top 5%,382380,0.3732662309279538,0.15023712786040638,oz,4.288785538771825,449.4743664701577,-6.033381614178124e-4
Income,2032,Top 5%,382380,0.3732662309279538,0.15023712786040638,cola_ss,-0.8277753609109222,-86.75271882016054,1.1644985737896857e-4
Income,2032,Top 5%,382380,0.3732662309279538,0.15023712786040638,cola_snap,-0.004931892023583921,-0.5168733719043498,6.9380915387819e-7
Income,2032,Top 5%,382380,0.3732662309279538,0.15023712786040638,cola_ssi,-0.002860261782932456,-0.29976186526466636,4.023761667929636e-7
Income,2032,Top 5%,382380,0.3732662309279538,0.15023712786040638,all_excises,22.771287756864176,2386.4821511119903,-0.003203421286548344
Income,2032,Top 5%,382380,0.3732662309279538,0.15023712786040638,all_income_tax,21.820982923888103,2286.8880681498085,-0.003069734216973297
Income,2032,Top 5%,382380,0.3732662309279538,0.15023712786040638,all_measures,44.59227068075228,4673.370219261798,-0.006273155503521642
Income,2032,Top 5%,382380,0.3732662309279538,0.15023712786040638,benefit_offset,-0.8355675147174385,-87.56935405732955,1.1754604269963972e-4
Income,2032,Top 5%,382380,0.3732662309279538,0.15023712786040638,all_excises_net,21.935720242146736,2298.912797054661,-0.0030858752438487048
Income,2032,Top 5%,382380,0.3732662309279538,0.15023712786040638,all_measures_net,43.75670316603484,4585.800865204469,-0.006155609460822002
Income,2032,Top 1%,966540,0.21055453686540046,0.054560759546316784,carbon,6.1988921499913845,3248.2445782070995,-0.0015729694652825887
Income,2032,Top 1%,966540,0.21055453686540046,0.054560759546316784,gambling,1.043281026294808,546.6834807269809,-2.647326584110187e-4
Income,2032,Top 1%,966540,0.21055453686540046,0.054560759546316784,guns,0.08502786148701896,44.554943591354046,-2.1575827838454026e-5
Income,2032,Top 1%,966540,0.21055453686540046,0.054560759546316784,alcohol,0.7483649662784283,392.1462715297317,-1.8989768048228393e-4
Income,2032,Top 1%,966540,0.21055453686540046,0.054560759546316784,tobacco,0.010123927740734132,5.304979115348183,-2.568947615087039e-6
Income,2032,Top 1%,966540,0.21055453686540046,0.054560759546316784,carried_interest,7.931423377133997,4156.097954095935,-0.002012599426895599
Income,2032,Top 1%,966540,0.21055453686540046,0.054560759546316784,qsbs,7.394585406538995,3874.7926845142824,-0.0018763767414353618
Income,2032,Top 1%,966540,0.21055453686540046,0.054560759546316784,oz,3.591655768890369,1882.0421610497945,-9.113829886971756e-4
Income,2032,Top 1%,966540,0.21055453686540046,0.054560759546316784,cola_ss,-0.1632203358374786,-85.52811665516211,4.141717554900195e-5
Income,2032,Top 1%,966540,0.21055453686540046,0.054560759546316784,cola_snap,-0.0014091120067382633,-0.7383803952744121,3.575623040587086e-7
Income,2032,Top 1%,966540,0.21055453686540046,0.054560759546316784,cola_ssi,-5.720523565864912e-4,-0.29975775038048486,1.4515833921303963e-7
Income,2032,Top 1%,966540,0.21055453686540046,0.054560759546316784,all_excises,8.085689931792373,4236.934253170514,-0.0020517445796294324
Income,2032,Top 1%,966540,0.21055453686540046,0.054560759546316784,all_income_tax,18.91766455256336,9912.932799660011,-0.004800359157028137
Income,2032,Top 1%,966540,0.21055453686540046,0.054560759546316784,all_measures,27.003354484355736,14149.867052830527,-0.006852103736657569
Income,2032,Top 1%,966540,0.21055453686540046,0.054560759546316784,benefit_offset,-0.16520150020080338,-86.566254800817,4.19198961922737e-5
Income,2032,Top 1%,966540,0.21055453686540046,0.054560759546316784,all_excises_net,7.92048843159157,4150.3679983696975,-0.0020098246834371588
Income,2032,Top 1%,966540,0.21055453686540046,0.054560759546316784,all_measures_net,26.83815298415493,14063.30079802971,-0.0068101838404652955
Income,2032,Top 0.1%,4434755,0.1000412596575767,0.011459281592915482,carbon,1.325919816461286,6947.420106539765,-7.181640075983758e-4
Income,2032,Top 0.1%,4434755,0.1000412596575767,0.011459281592915482,gambling,0.21174861830203984,1109.4989229814853,-1.1469037149551633e-4
Income,2032,Top 0.1%,4434755,0.1000412596575767,0.011459281592915482,guns,0.017257605317520474,90.42464912671436,-9.347315608766615e-6
Income,2032,Top 0.1%,4434755,0.1000412596575767,0.011459281592915482,alcohol,0.12086634710186141,633.3032206280506,-6.5465391753562e-5
Income,2032,Top 0.1%,4434755,0.1000412596575767,0.011459281592915482,tobacco,0.002049183817161885,10.737105424174086,-1.1099087924987549e-6
Income,2032,Top 0.1%,4434755,0.1000412596575767,0.011459281592915482,carried_interest,6.216037880392908,32570.16451304801,-0.0033668209948626462
Income,2032,Top 0.1%,4434755,0.1000412596575767,0.011459281592915482,qsbs,5.44729794386153,28542.199001519555,-0.002950444871083358
Income,2032,Top 0.1%,4434755,0.1000412596575767,0.011459281592915482,oz,2.6458304298756,13863.35380073807,-0.001433073223097631
Income,2032,Top 0.1%,4434755,0.1000412596575767,0.011459281592915482,cola_ss,-0.018477295127117987,-96.81545602298254,1.0007941772440085e-5
Income,2032,Top 0.1%,4434755,0.1000412596575767,0.011459281592915482,cola_snap,-1.4092039680445903e-4,-0.7383803952744122,7.632735831005553e-8
Income,2032,Top 0.1%,4434755,0.1000412596575767,0.011459281592915482,cola_ssi,-5.720896898018406e-5,-0.2997577503804848,3.098635522548566e-8
Income,2032,Top 0.1%,4434755,0.1000412596575767,0.011459281592915482,all_excises,1.6778415709998695,8791.384004700189,-9.087769952487195e-4
Income,2032,Top 0.1%,4434755,0.1000412596575767,0.011459281592915482,all_income_tax,14.309166254130037,74975.71731530564,-0.0077503390890436355
Income,2032,Top 0.1%,4434755,0.1000412596575767,0.011459281592915482,all_measures,15.987007825129908,83767.10132000582,-0.008659116084292356
Income,2032,Top 0.1%,4434755,0.1000412596575767,0.011459281592915482,benefit_offset,-0.01867542449290263,-97.85359416863744,1.0115255485975626e-5
Income,2032,Top 0.1%,4434755,0.1000412596575767,0.011459281592915482,all_excises_net,1.659166146506967,8693.530410531552,-8.986617397627438e-4
Income,2032,Top 0.1%,4434755,0.1000412596575767,0.011459281592915482,all_measures_net,15.968332400637005,83669.24772583718,-0.00864900082880638
Income,2032,Negative income,-1768355120,-0.024541164017445417,0.00918060621236114,carbon,1.0225268391350406,535.8394688041363,0.0015655335899687074
Income,2032,Negative income,-1768355120,-0.024541164017445417,0.00918060621236114,gambling,0.048057077092433655,25.183572377691178,7.35774999192805e-5
Income,2032,Negative income,-1768355120,-0.024541164017445417,0.00918060621236114,guns,0.003096886451573224,1.622875730637491,4.741469444809938e-6
Income,2032,Negative income,-1768355120,-0.024541164017445417,0.00918060621236114,alcohol,0.13647163239492677,71.5158607193032,2.0894407502579352e-4
Income,2032,Negative income,-1768355120,-0.024541164017445417,0.00918060621236114,tobacco,0.005919014453630705,3.101768520189051,9.062271611870494e-6
Income,2032,Negative income,-1768355120,-0.024541164017445417,0.00918060621236114,carried_interest,0.06912844754994336,36.22570009580385,1.0583869539636973e-4
Income,2032,Negative income,-1768355120,-0.024541164017445417,0.00918060621236114,qsbs,0.15710594476716772,82.32895486755373,2.4053611534033035e-4
Income,2032,Negative income,-1768355120,-0.024541164017445417,0.00918060621236114,oz,0.07630860174405289,39.988349507097524,1.1683182745101758e-4
Income,2032,Negative income,-1768355120,-0.024541164017445417,0.00918060621236114,cola_ss,-0.2596010348374642,-136.0399309674648,-3.9746060883103483e-4
Income,2032,Negative income,-1768355120,-0.024541164017445417,0.00918060621236114,cola_snap,-0.01878866615905105,-9.845911626848329,-2.876627473913977e-5
Income,2032,Negative income,-1768355120,-0.024541164017445417,0.00918060621236114,cola_ssi,-0.01653548254431895,-8.665165396013421,-2.5316551467118782e-5
Income,2032,Negative income,-1768355120,-0.024541164017445417,0.00918060621236114,all_excises,1.216071449527605,637.2635461519573,0.0018618589059704617
Income,2032,Negative income,-1768355120,-0.024541164017445417,0.00918060621236114,all_income_tax,0.302542994061164,158.54300447045512,4.6320663818771765e-4
Income,2032,Negative income,-1768355120,-0.024541164017445417,0.00918060621236114,all_measures,1.518614443588769,795.8065506224124,0.0023250655441581793
Income,2032,Negative income,-1768355120,-0.024541164017445417,0.00918060621236114,benefit_offset,-0.2949251835408342,-154.55100799032655,-4.515434350372934e-4
Income,2032,Negative income,-1768355120,-0.024541164017445417,0.00918060621236114,all_excises_net,0.9211462659867707,482.71253816163073,0.0014103154709331684
Income,2032,Negative income,-1768355120,-0.024541164017445417,0.00918060621236114,all_measures_net,1.2236892600479348,641.2555426320858,0.001873522109120886
Income,2032,Overall,-1768355120,1,1,carbon,111.1,576.4168294700094,-0.005506752109424634
Income,2032,Overall,-1768355120,1,1,gambling,12.38,64.23078621817025,-6.136236824003327e-4
Income,2032,Overall,-1768355120,1,1,guns,1.05,5.447683806872275,-5.204401183524631e-5
Income,2032,Overall,-1768355120,1,1,alcohol,21.5,111.54781128357516,-0.001065663099483615
Income,2032,Overall,-1768355120,1,1,tobacco,0.37,1.9196600081359447,-1.8339318456229653e-5
Income,2032,Overall,-1768355120,1,1,carried_interest,9.2,47.73208668878565,-4.560046751278724e-4
Income,2032,Overall,-1768355120,1,1,qsbs,10.5,54.476838068722756,-5.204401183524631e-4
Income,2032,Overall,-1768355120,1,1,oz,5.1,26.46017849052248,-2.527852003426249e-4
Income,2032,Overall,-1768355120,1,1,cola_ss,-14.703740191220376,-76.2869784192079,7.288015509850096e-4
Income,2032,Overall,-1768355120,1,1,cola_snap,-0.6946922193219638,-3.6042510037718336,3.4432923889757916e-5
Income,2032,Overall,-1768355120,1,1,cola_ssi,-0.5600392570981749,-2.905635040101435,2.7758752118685682e-5
Income,2032,Overall,-1768355120,1,1,all_excises,146.4,759.5627707867629,-0.007256422221600057
Income,2032,Overall,-1768355120,1,1,all_income_tax,24.799999999999997,128.6691032480309,-0.0012292299938229604
Income,2032,Overall,-1768355120,1,1,all_measures,171.2,888.2318740347939,-0.008485652215423018
Income,2032,Overall,-1768355120,1,1,benefit_offset,-15.958471667640515,-82.79686446308116,7.909932269934533e-4
Income,2032,Overall,-1768355120,1,1,all_excises_net,130.44152833235947,676.7659063236819,-0.006465428994606604
Income,2032,Overall,-1768355120,1,1,all_measures_net,155.24152833235948,805.4350095717127,-0.007694658988429565
Income,2033,Quintile 1,0,0.02157221209981177,0.10194100989203626,carbon,11.904698668008836,310.44978121646216,-0.021777685916212524
Income,2033,Quintile 1,0,0.02157221209981177,0.10194100989203626,gambling,0.5124713739189813,13.364187565736836,-9.374819920682768e-4
Income,2033,Quintile 1,0,0.02157221209981177,0.10194100989203626,guns,0.03289864767976086,0.8579283070763778,-6.018265864748675e-5
Income,2033,Quintile 1,0,0.02157221209981177,0.10194100989203626,alcohol,1.994265447038945,52.006295076122555,-0.0036481802480123958
Income,2033,Quintile 1,0,0.02157221209981177,0.10194100989203626,tobacco,0.07164342739242023,1.868311578464713,-1.31059853191065e-4
Income,2033,Quintile 1,0,0.02157221209981177,0.10194100989203626,carried_interest,0.0032685410643217656,0.08523675286654148,-5.9792576601981394e-6
Income,2033,Quintile 1,0,0.02157221209981177,0.10194100989203626,qsbs,0.019305933324857225,0.5034585875733049,-3.531702599057917e-5
Income,2033,Quintile 1,0,0.02157221209981177,0.10194100989203626,oz,0.003011017124060301,0.07852106411693745,-5.50816001687932e-6
Income,2033,Quintile 1,0,0.02157221209981177,0.10194100989203626,cola_ss,-1.41486567093351,-36.89675398272459,0.0025882637649639008
Income,2033,Quintile 1,0,0.02157221209981177,0.10194100989203626,cola_snap,-0.3830842793519873,-9.990041245805203,7.007896081893508e-4
Income,2033,Quintile 1,0,0.02157221209981177,0.10194100989203626,cola_ssi,-0.34336451119214273,-8.954232303548725,6.281288328289147e-4
Income,2033,Quintile 1,0,0.02157221209981177,0.10194100989203626,all_excises,14.515977564038943,378.5465037438626,-0.026554590668131747
Income,2033,Quintile 1,0,0.02157221209981177,0.10194100989203626,all_income_tax,0.025585491513239293,0.6672164045567838,-4.680444366765663e-5
Income,2033,Quintile 1,0,0.02157221209981177,0.10194100989203626,all_measures,14.541563055552182,379.21372014841944,-0.026601395111799406
Income,2033,Quintile 1,0,0.02157221209981177,0.10194100989203626,benefit_offset,-2.14131446147764,-55.84102753207852,0.003917182205982166
Income,2033,Quintile 1,0,0.02157221209981177,0.10194100989203626,all_excises_net,12.374663102561303,322.7054762117841,-0.022637408462149584
Income,2033,Quintile 1,0,0.02157221209981177,0.10194100989203626,all_measures_net,12.400248594074542,323.3726926163409,-0.02268421290581724
Income,2033,Quintile 2,28360,0.05939183354153566,0.13266278198705134,carbon,15.435995807060314,402.5282785769577,-0.01058582014895053
Income,2033,Quintile 2,28360,0.05939183354153566,0.13266278198705134,gambling,0.7746778456359775,20.20146568794269,-5.31264743122567e-4
Income,2033,Quintile 2,28360,0.05939183354153566,0.13266278198705134,guns,0.1280844901559809,3.340090913429257,-8.78388018245683e-5
Income,2033,Quintile 2,28360,0.05939183354153566,0.13266278198705134,alcohol,2.322465884759462,60.56351701121476,-0.0015927191523913108
Income,2033,Quintile 2,28360,0.05939183354153566,0.13266278198705134,tobacco,0.06808549277575668,1.7754822264562782,-4.669221152205606e-5
Income,2033,Quintile 2,28360,0.05939183354153566,0.13266278198705134,carried_interest,0.005869219158698169,0.15305307892485115,-4.025039861719547e-6
Income,2033,Quintile 2,28360,0.05939183354153566,0.13266278198705134,qsbs,0.048793977813633246,1.2724126217539151,-3.346232273856601e-5
Income,2033,Quintile 2,28360,0.05939183354153566,0.13266278198705134,oz,0.007610069934236378,0.19844967495244548,-5.218894372069928e-6
Income,2033,Quintile 2,28360,0.05939183354153566,0.13266278198705134,cola_ss,-3.320965804856811,-86.60164626570564,0.0022774783804326527
Income,2033,Quintile 2,28360,0.05939183354153566,0.13266278198705134,cola_snap,-0.18676887015123425,-4.870417997869174,1.2808384334617068e-4
Income,2033,Quintile 2,28360,0.05939183354153566,0.13266278198705134,cola_ssi,-0.10751526516748465,-2.803702148507822,7.373267488250691e-5
Income,2033,Quintile 2,28360,0.05939183354153566,0.13266278198705134,all_excises,18.729309520387492,488.4088344160007,-0.012844335057811032
Income,2033,Quintile 2,28360,0.05939183354153566,0.13266278198705134,all_income_tax,0.062273266906567794,1.6239153756312117,-4.2706256972355484e-5
Income,2033,Quintile 2,28360,0.05939183354153566,0.13266278198705134,all_measures,18.791582787294058,490.0327497916319,-0.012887041314783387
Income,2033,Quintile 2,28360,0.05939183354153566,0.13266278198705134,benefit_offset,-3.6152499401755303,-94.27576641208263,0.00247929489866133
Income,2033,Quintile 2,28360,0.05939183354153566,0.13266278198705134,all_excises_net,15.114059580211961,394.133068003918,-0.010365040159149701
Income,2033,Quintile 2,28360,0.05939183354153566,0.13266278198705134,all_measures_net,15.176332847118529,395.75698337954924,-0.010407746416122058
Income,2033,Quintile 3,56270,0.1071024577649195,0.1591254352875938,carbon,18.44913947600093,481.127255460778,-0.007639688101734105
Income,2033,Quintile 3,56270,0.1071024577649195,0.1591254352875938,gambling,1.5881467400011564,41.416602832869145,-6.576429089919049e-4
Income,2033,Quintile 3,56270,0.1071024577649195,0.1591254352875938,guns,0.1419695488078004,3.7023634335766857,-5.878881636980353e-5
Income,2033,Quintile 3,56270,0.1071024577649195,0.1591254352875938,alcohol,3.470534074680296,90.50658088991713,-0.0014371292445096208
Income,2033,Quintile 3,56270,0.1071024577649195,0.1591254352875938,tobacco,0.08433549445635809,2.199349462260696,-3.492286859179626e-5
Income,2033,Quintile 3,56270,0.1071024577649195,0.1591254352875938,carried_interest,0.040743186536635737,1.0625242192242985,-1.687153147796244e-5
Income,2033,Quintile 3,56270,0.1071024577649195,0.1591254352875938,qsbs,0.13591043323501736,3.5443503376355476,-5.627976963574651e-5
Income,2033,Quintile 3,56270,0.1071024577649195,0.1591254352875938,oz,0.021197040045828393,0.5527885847688468,-8.777578750529273e-6
Income,2033,Quintile 3,56270,0.1071024577649195,0.1591254352875938,cola_ss,-2.844604381706412,-74.18322685578033,0.0011779351702193225
Income,2033,Quintile 3,56270,0.1071024577649195,0.1591254352875938,cola_snap,-0.0725525226356718,-1.8920663556077817,3.0043604182815933e-5
Income,2033,Quintile 3,56270,0.1071024577649195,0.1591254352875938,cola_ssi,-0.061776726947063,-1.6110489665956498,2.5581405920611297e-5
Income,2033,Quintile 3,56270,0.1071024577649195,0.1591254352875938,all_excises,23.73412533394654,618.9521520794017,-0.009828171940197231
Income,2033,Quintile 3,56270,0.1071024577649195,0.1591254352875938,all_income_tax,0.19785065981748148,5.159663141628693,-8.192887986423822e-5
Income,2033,Quintile 3,56270,0.1071024577649195,0.1591254352875938,all_measures,23.931975993764024,624.1118152210303,-0.009910100820061468
Income,2033,Quintile 3,56270,0.1071024577649195,0.1591254352875938,benefit_offset,-2.978933631289147,-77.68634217798376,0.0012335601803227499
Income,2033,Quintile 3,56270,0.1071024577649195,0.1591254352875938,all_excises_net,20.755191702657395,541.2658099014179,-0.008594611759874481
Income,2033,Quintile 3,56270,0.1071024577649195,0.1591254352875938,all_measures_net,20.953042362474875,546.4254730430465,-0.008676540639738719
Income,2033,Quintile 4,96020,0.18881678953021672,0.21897994114734662,carbon,25.422861116065004,662.9611896638075,-0.006212855918607472
Income,2033,Quintile 4,96020,0.18881678953021672,0.21897994114734662,gambling,2.6762019375026678,69.78829063209594,-6.540120315685291e-4
Income,2033,Quintile 4,96020,0.18881678953021672,0.21897994114734662,guns,0.191275491191283,4.987960505891704,-4.6744033337041323e-05
Income,2033,Quintile 4,96020,0.18881678953021672,0.21897994114734662,alcohol,5.492653554658729,143.23392313647338,-0.0013422983742910758
Income,2033,Quintile 4,96020,0.18881678953021672,0.21897994114734662,tobacco,0.0781293876337788,2.037408438685282,-1.90933123601484e-5
Income,2033,Quintile 4,96020,0.18881678953021672,0.21897994114734662,carried_interest,0.08435735336075662,2.1998173646001367,-2.061530681825004e-5
Income,2033,Quintile 4,96020,0.18881678953021672,0.21897994114734662,qsbs,0.34662128656992713,9.03896927486212,-8.470754341730962e-5
Income,2033,Quintile 4,96020,0.18881678953021672,0.21897994114734662,oz,0.05406020065769506,1.4097475015840004,-1.3211268239396913e-5
Income,2033,Quintile 4,96020,0.18881678953021672,0.21897994114734662,cola_ss,-3.5248130875045445,-91.91783203181294,8.613961958376648e-4
Income,2033,Quintile 4,96020,0.18881678953021672,0.21897994114734662,cola_snap,-0.03017035594750708,-0.7867633379352598,7.373051902349237e-6
Income,2033,Quintile 4,96020,0.18881678953021672,0.21897994114734662,cola_ssi,-0.03326439143303392,-0.8674476258673807,8.129174377741665e-6
Income,2033,Quintile 4,96020,0.18881678953021672,0.21897994114734662,all_excises,33.86112148705146,883.0087723769539,-0.008275003670164267
Income,2033,Quintile 4,96020,0.18881678953021672,0.21897994114734662,all_income_tax,0.4850388405883788,12.648534141046257,-1.1853411847495657e-4
Income,2033,Quintile 4,96020,0.18881678953021672,0.21897994114734662,all_measures,34.34616032763984,895.6573065180002,-0.008393537788639223
Income,2033,Quintile 4,96020,0.18881678953021672,0.21897994114734662,benefit_offset,-3.5882478348850855,-93.57204299561558,8.768984221177558e-4
Income,2033,Quintile 4,96020,0.18881678953021672,0.21897994114734662,all_excises_net,30.27287365216638,789.4367293813383,-0.007398105248046511
Income,2033,Quintile 4,96020,0.18881678953021672,0.21897994114734662,all_measures_net,30.757912492754755,802.0852635223845,-0.007516639366521467
Income,2033,Quintile 5,176205,0.6475801964095818,0.3781119533041956,carbon,44.21555576963224,1152.943447259914,-0.0033842236996993852
Income,2033,Quintile 5,176205,0.6475801964095818,0.3781119533041956,gambling,7.298471637383503,190.31141648824362,-5.586192519100041e-4
Income,2033,Quintile 5,176205,0.6475801964095818,0.3781119533041956,guns,0.5925600629462144,15.45130960789555,-4.5354078979942174e-5
Income,2033,Quintile 5,176205,0.6475801964095818,0.3781119533041956,alcohol,9.077063420801204,236.68911561127828,-6.947512615785743e-4
Income,2033,Quintile 5,176205,0.6475801964095818,0.3781119533041956,tobacco,0.08157241776367863,2.1270429128559094,-6.2434883975205184e-6
Income,2033,Quintile 5,176205,0.6475801964095818,0.3781119533041956,carried_interest,10.287355063831386,268.24809513367205,-7.873860275697769e-4
Income,2033,Quintile 5,176205,0.6475801964095818,0.3781119533041956,qsbs,10.184698520733935,265.5712727660145,-7.795287768797784e-4
Income,2033,Quintile 5,176205,0.6475801964095818,0.3781119533041956,oz,1.5884392188300631,41.41937281671785,-1.21577882632626e-4
Income,2033,Quintile 5,176205,0.6475801964095818,0.3781119533041956,cola_ss,-4.168486316327813,-108.6954330833857,3.1905264873495243e-4
Income,2033,Quintile 5,176205,0.6475801964095818,0.3781119533041956,cola_snap,-0.016521861590301494,-0.43081607197972366,1.2645702306303125e-6
Income,2033,Quintile 5,176205,0.6475801964095818,0.3781119533041956,cola_ssi,-0.01841421668614378,-0.4801602082155672,1.4094095943366673e-6
Income,2033,Quintile 5,176205,0.6475801964095818,0.3781119533041956,all_excises,61.26522330852684,1597.5223318801873,-0.004689191780565426
Income,2033,Quintile 5,176205,0.6475801964095818,0.3781119533041956,all_income_tax,22.060492803395384,575.2387407164044,-0.0016884926870821813
Income,2033,Quintile 5,176205,0.6475801964095818,0.3781119533041956,all_measures,83.32571611192222,2172.7610725965915,-0.006377684467647608
Income,2033,Quintile 5,176205,0.6475801964095818,0.3781119533041956,benefit_offset,-4.203422394604258,-109.60640936358098,3.2172662855991943e-4
Income,2033,Quintile 5,176205,0.6475801964095818,0.3781119533041956,all_excises_net,57.06180091392258,1487.9159225166063,-0.004367465152005507
Income,2033,Quintile 5,176205,0.6475801964095818,0.3781119533041956,all_measures_net,79.12229371731796,2063.1546632330105,-0.006055957839087688
Income,2033,Top 10%,272615,0.4889046596569767,0.2360116742484136,carbon,27.64200827817406,1441.5210222733117,-0.0028447950507889744
Income,2033,Top 10%,272615,0.4889046596569767,0.2360116742484136,gambling,4.638095716415474,241.87506245006998,-4.7733260211641404e-4
Income,2033,Top 10%,272615,0.4889046596569767,0.2360116742484136,guns,0.3765651805225076,19.637741893303446,-3.875444761717037e-5
Income,2033,Top 10%,272615,0.4889046596569767,0.2360116742484136,alcohol,5.166130112173369,269.41187071336134,-5.316756013870023e-4
Income,2033,Top 10%,272615,0.4889046596569767,0.2360116742484136,tobacco,0.04962337518480311,2.587841585357296,-5.107021556050898e-6
Income,2033,Top 10%,272615,0.4889046596569767,0.2360116742484136,carried_interest,10.126087285914883,528.071895107074,-0.001042132782283165
Income,2033,Top 10%,272615,0.4889046596569767,0.2360116742484136,qsbs,9.67207875406174,504.3955096443541,-9.954082023816537e-4
Income,2033,Top 10%,272615,0.4889046596569767,0.2360116742484136,oz,1.5084893469637577,78.66718957755981,-1.5524715083016616e-4
Income,2033,Top 10%,272615,0.4889046596569767,0.2360116742484136,cola_ss,-1.7192787753871261,-89.65978422869394,1.769406803560551e-4
Income,2033,Top 10%,272615,0.4889046596569767,0.2360116742484136,cola_snap,-0.008620101699287737,-0.4495352757516067,8.87143307557509e-7
Income,2033,Top 10%,272615,0.4889046596569767,0.2360116742484136,cola_ssi,-0.008316097858258483,-0.4336815822252385,8.558565568381801e-7
Income,2033,Top 10%,272615,0.4889046596569767,0.2360116742484136,all_excises,37.872422662470214,1975.0335389154038,-0.003897664723465612
Income,2033,Top 10%,272615,0.4889046596569767,0.2360116742484136,all_income_tax,21.30665538694038,1111.134594328988,-0.002192788135494985
Income,2033,Top 10%,272615,0.4889046596569767,0.2360116742484136,all_measures,59.1790780494106,3086.168133244392,-0.006090452858960597
Income,2033,Top 10%,272615,0.4889046596569767,0.2360116742484136,benefit_offset,-1.7362149749446725,-90.54300108667078,1.7868368022045078e-4
Income,2033,Top 10%,272615,0.4889046596569767,0.2360116742484136,all_excises_net,36.13620768752554,1884.490537828733,-0.003718981043245161
Income,2033,Top 10%,272615,0.4889046596569767,0.2360116742484136,all_measures_net,57.442863074465926,2995.625132157721,-0.005911769178740146
Income,2033,Top 5%,394270,0.3728864277180269,0.15014514196403558,carbon,17.657425263026294,1841.7199176671177,-0.0024006623545355064
Income,2033,Top 5%,394270,0.3728864277180269,0.15014514196403558,gambling,2.9901075516704596,311.8767629961082,-4.0652804859032607e-4
Income,2033,Top 5%,394270,0.3728864277180269,0.15014514196403558,guns,0.24276566479458078,25.321152632263733,-3.300585355819031e-5
Income,2033,Top 5%,394270,0.3728864277180269,0.15014514196403558,alcohol,2.92209880256693,304.78325610403203,-3.9728173768599707e-4
Income,2033,Top 5%,394270,0.3728864277180269,0.15014514196403558,tobacco,0.030901212314424175,3.2230847562302753,-4.201256752199493e-6
Income,2033,Top 5%,394270,0.3728864277180269,0.15014514196403558,carried_interest,9.9229603134438,1034.993119283213,-0.0013491025398768472
Income,2033,Top 5%,394270,0.3728864277180269,0.15014514196403558,qsbs,9.151514764444537,954.5291438268002,-0.0012442186023565534
Income,2033,Top 5%,394270,0.3728864277180269,0.15014514196403558,oz,1.427300467849148,148.87151784454684,-1.9405244256937072e-4
Income,2033,Top 5%,394270,0.3728864277180269,0.15014514196403558,cola_ss,-0.8685902440350802,-90.59644477614954,1.1809150367681897e-4
Income,2033,Top 5%,394270,0.3728864277180269,0.15014514196403558,cola_snap,-0.005028392657917846,-0.524475724743981,6.83648537534129e-7
Income,2033,Top 5%,394270,0.3728864277180269,0.15014514196403558,cola_ssi,-0.002970034949378029,-0.3097831332119975,4.0379902440003805e-7
Income,2033,Top 5%,394270,0.3728864277180269,0.15014514196403558,all_excises,23.84329849437269,2486.924174155752,-0.0032416792511222193
Income,2033,Top 5%,394270,0.3728864277180269,0.15014514196403558,all_income_tax,20.501775545737484,2138.39378095456,-0.0027873735848027714
Income,2033,Top 5%,394270,0.3728864277180269,0.15014514196403558,all_measures,44.34507404011018,4625.317955110312,-0.006029052835924991
Income,2033,Top 5%,394270,0.3728864277180269,0.15014514196403558,benefit_offset,-0.8765886716423761,-91.43070363410551,1.1917895123875313e-4
Income,2033,Top 5%,394270,0.3728864277180269,0.15014514196403558,all_excises_net,22.966709822730312,2395.4934705216465,-0.0031225002998834664
Income,2033,Top 5%,394270,0.3728864277180269,0.15014514196403558,all_measures_net,43.468485368467796,4533.887251476206,-0.005909873884686238
Income,2033,Top 1%,996135,0.2102768744918903,0.0545177016557083,carbon,6.496209123202758,3387.2066046464115,-0.0015930630793393314
Income,2033,Top 1%,996135,0.2102768744918903,0.0545177016557083,gambling,1.0854442966621582,565.9645526954947,-2.6618312324887294e-4
Income,2033,Top 1%,996135,0.2102768744918903,0.0545177016557083,guns,0.08812679869306464,45.95044108314129,-2.1611303859792488e-5
Income,2033,Top 1%,996135,0.2102768744918903,0.0545177016557083,alcohol,0.7831531536253924,408.3460806295228,-1.9205237252178836e-4
Income,2033,Top 1%,996135,0.2102768744918903,0.0545177016557083,tobacco,0.010663760702324061,5.560221353137854,-2.615070287855309e-6
Income,2033,Top 1%,996135,0.2102768744918903,0.0545177016557083,carried_interest,9.04824186721941,4717.869149811724,-0.0022188971719083184
Income,2033,Top 1%,996135,0.2102768744918903,0.0545177016557083,qsbs,7.667882760501465,3998.1322395021466,-0.0018803921934759076
Income,2033,Top 1%,996135,0.2102768744918903,0.0545177016557083,oz,1.1959083204451826,623.5619089131789,-2.932721769641324e-4
Income,2033,Top 1%,996135,0.2102768744918903,0.0545177016557083,cola_ss,-0.17182995471067095,-89.59433824155116,4.213779938155103e-5
Income,2033,Top 1%,996135,0.2102768744918903,0.0545177016557083,cola_snap,-0.0014366836165479566,-0.7491052308302736,3.52317418175397e-7
Income,2033,Top 1%,996135,0.2102768744918903,0.0545177016557083,cola_ssi,-5.940069898756058e-4,-0.3097228493039674,1.4566812528562502e-7
Income,2033,Top 1%,996135,0.2102768744918903,0.0545177016557083,all_excises,8.463597132885697,4413.027900407708,-0.0020755249492576404
Income,2033,Top 1%,996135,0.2102768744918903,0.0545177016557083,all_income_tax,17.912032948166058,9339.563298227049,-0.004392561542348359
Income,2033,Top 1%,996135,0.2102768744918903,0.0545177016557083,all_measures,26.375630081051753,13752.591198634758,-0.006468086491605999
Income,2033,Top 1%,996135,0.2102768744918903,0.0545177016557083,benefit_offset,-0.1738606453170945,-90.6531663216854,4.263578492501205e-5
Income,2033,Top 1%,996135,0.2102768744918903,0.0545177016557083,all_excises_net,8.289736487568602,4322.374734086023,-0.002032889164332628
Income,2033,Top 1%,996135,0.2102768744918903,0.0545177016557083,all_measures_net,26.20176943573466,13661.938032313072,-0.006425450706680986
Income,2033,Top 0.1%,4580840,0.09987354208972672,0.011457197255404797,carbon,1.3902366873684608,7250.704428936335,-7.274222587643066e-4
Income,2033,Top 0.1%,4580840,0.09987354208972672,0.011457197255404797,gambling,0.22063253732567295,1150.697093588303,-1.1544294587861425e-4
Income,2033,Top 0.1%,4580840,0.09987354208972672,0.011457197255404797,guns,0.01791306957144705,93.42464780107798,-9.372767707439074e-6
Income,2033,Top 0.1%,4580840,0.09987354208972672,0.011457197255404797,alcohol,0.1264947610503097,659.7266008860839,-6.618664695091616e-5
Income,2033,Top 0.1%,4580840,0.09987354208972672,0.011457197255404797,tobacco,0.0021590775320832487,11.260552369629611,-1.1297076746033306e-6
Income,2033,Top 0.1%,4580840,0.09987354208972672,0.011457197255404797,carried_interest,7.082788865881514,36939.90315870375,-0.0037059720276283476
Income,2033,Top 0.1%,4580840,0.09987354208972672,0.011457197255404797,qsbs,5.643287261869187,29432.260215235045,-0.0029527725776357255
Income,2033,Top 0.1%,4580840,0.09987354208972672,0.011457197255404797,oz,0.8801457197410657,4590.352510632989,-4.6052416348447094e-4
Income,2033,Top 0.1%,4580840,0.09987354208972672,0.011457197255404797,cola_ss,-0.019441864546894873,-101.39799550519975,1.0172688688040444e-5
Income,2033,Top 0.1%,4580840,0.09987354208972672,0.011457197255404797,cola_snap,-1.436320546240556e-4,-0.7491052308302735,7.51535005189355e-8
Income,2033,Top 0.1%,4580840,0.09987354208972672,0.011457197255404797,cola_ssi,-5.9385687589231274e-5,-0.3097228493039675,3.107274566764542e-8
Income,2033,Top 0.1%,4580840,0.09987354208972672,0.011457197255404797,all_excises,1.7574361328479737,9165.81332358143,-9.195543269758794e-4
Income,2033,Top 0.1%,4580840,0.09987354208972672,0.011457197255404797,all_income_tax,13.606221847491767,70962.51588457178,-0.007119268768748544
Income,2033,Top 0.1%,4580840,0.09987354208972672,0.011457197255404797,all_measures,15.36365798033974,80128.32920815321,-0.008038823095724424
Income,2033,Top 0.1%,4580840,0.09987354208972672,0.011457197255404797,benefit_offset,-0.01964488228910816,-102.45682358533399,1.0278914934227024e-5
Income,2033,Top 0.1%,4580840,0.09987354208972672,0.011457197255404797,all_excises_net,1.7377912505588657,9063.3564999960945,-9.092754120416524e-4
Income,2033,Top 0.1%,4580840,0.09987354208972672,0.011457197255404797,all_measures_net,15.344013098050633,80025.87238456788,-0.008028544180790196
Income,2033,Negative income,-1813014975,-0.02446348934606539,0.00917887838177641,carbon,1.0717491632326805,558.0207417544938,0.001586074435063653
Income,2033,Negative income,-1813014975,-0.02446348934606539,0.00917887838177641,gambling,0.050030465557712324,26.049040632445244,7.403975213386056e-5
Income,2033,Negative income,-1813014975,-0.02446348934606539,0.00917887838177641,guns,0.003211759218960395,1.6722460097801954,4.753061036602968e-6
Income,2033,Negative income,-1813014975,-0.02446348934606539,0.00917887838177641,alcohol,0.14301761806136434,74.46406309648509,2.116508186361707e-4
Income,2033,Negative income,-1813014975,-0.02446348934606539,0.00917887838177641,tobacco,0.006233779978007617,3.2457021163140487,9.225329392473701e-6
Income,2033,Negative income,-1813014975,-0.02446348934606539,0.00917887838177641,carried_interest,0.0784066360482019,40.8234787644928,1.1603345749325729e-4
Income,2033,Negative income,-1813014975,-0.02446348934606539,0.00917887838177641,qsbs,0.1646698483226313,85.73759052764964,2.4369380971807868e-4
Income,2033,Negative income,-1813014975,-0.02446348934606539,0.00917887838177641,oz,0.02568245340811681,13.371917788716,3.800729142392053e-5
Income,2033,Negative income,-1813014975,-0.02446348934606539,0.00917887838177641,cola_ss,-0.27385062960869466,-142.584045508606,-4.052697193980806e-4
Income,2033,Negative income,-1813014975,-0.02446348934606539,0.00917887838177641,cola_snap,-0.019187133281440373,-9.990041245805203,-2.839491051064587e-5
Income,2033,Negative income,-1813014975,-0.02446348934606539,0.00917887838177641,cola_ssi,-0.01719773166235016,-8.954232303548723,-2.545080832950128e-5
Income,2033,Negative income,-1813014975,-0.02446348934606539,0.00917887838177641,all_excises,1.2742427860487253,663.4517936095184,0.001885743396262761
Income,2033,Negative income,-1813014975,-0.02446348934606539,0.00917887838177641,all_income_tax,0.26875893777895,139.93298708085845,3.977345586352565e-4
Income,2033,Negative income,-1813014975,-0.02446348934606539,0.00917887838177641,all_measures,1.5430017238276752,803.3847806903768,0.0022834779548980173
Income,2033,Negative income,-1813014975,-0.02446348934606539,0.00917887838177641,benefit_offset,-0.3102354945524852,-161.52831905795995,-4.5911543823822773e-4
Income,2033,Negative income,-1813014975,-0.02446348934606539,0.00917887838177641,all_excises_net,0.96400729149624,501.9234745515584,0.0014266279580245334
Income,2033,Negative income,-1813014975,-0.02446348934606539,0.00917887838177641,all_measures_net,1.23276622927519,641.8564616324169,0.0018243625166597898
Income,2033,Overall,-1813014975,1,1,carbon,116.5,601.5756970945791,-0.0055738474924515455
Income,2033,Overall,-1813014975,1,1,gambling,12.9,66.61224457098774,-6.171899798508578e-4
Income,2033,Overall,-1813014975,1,1,guns,1.09,5.628476479254003,-5.215016108817326e-5
Income,2033,Overall,-1813014975,1,1,alcohol,22.5,116.18414750753675,-0.001076494150902659
Income,2033,Overall,-1813014975,1,1,tobacco,0.39,2.0138585567973037,-1.865923194897942e-5
Income,2033,Overall,-1813014975,1,1,carried_interest,10.5,54.21926883685048,-5.023639370879075e-4
Income,2033,Overall,-1813014975,1,1,qsbs,10.9,56.284764792540024,-5.215016108817325e-4
Income,2033,Overall,-1813014975,1,1,oz,1.7,8.778357811680554,-8.133511362375645e-5
Income,2033,Overall,-1813014975,1,1,cola_ss,-15.547585890937786,-80.28368944616946,7.438615676556103e-4
Income,2033,Overall,-1813014975,1,1,cola_snap,-0.7082850229581423,-3.6573996259887935,3.388731930606203e-5
Income,2033,Overall,-1813014975,1,1,cola_ssi,-0.5815328430882182,-3.0028843387483897,2.7822964628544918e-5
Income,2033,Overall,-1813014975,1,1,all_excises,153.38,792.014424209155,-0.007338341016242215
Income,2033,Overall,-1813014975,1,1,all_income_tax,23.1,119.28239144107106,-0.0011052006615933966
Income,2033,Overall,-1813014975,1,1,all_measures,176.48,911.296815650226,-0.008443541677835611
Income,2033,Overall,-1813014975,1,1,benefit_offset,-16.837403756984145,-86.94397341090665,8.055718515902172e-4
Income,2033,Overall,-1813014975,1,1,all_excises_net,136.54259624301585,705.0704507982483,-0.006532769164651998
Income,2033,Overall,-1813014975,1,1,all_measures_net,159.64259624301584,824.3528422393193,-0.007637969826245394
Income,2034,Quintile 1,0,0.021618695331700816,0.10192883499925501,carbon,12.442907207891446,322.73656172963166,-0.021915930233224634
Income,2034,Quintile 1,0,0.021618695331700816,0.10192883499925501,gambling,0.5343702155060653,13.86016974664675,-9.411964716988919e-4
Income,2034,Quintile 1,0,0.021618695331700816,0.10192883499925501,guns,0.03441036595067071,0.8925151501358634,-6.0607635086786286e-5
Income,2034,Quintile 1,0,0.021618695331700816,0.10192883499925501,alcohol,2.0928548798583155,54.28319739426982,-0.0036861852916615207
Income,2034,Quintile 1,0,0.021618695331700816,0.10192883499925501,tobacco,0.07335860794246843,1.9027309699463972,-1.2920791795778877e-4
Income,2034,Quintile 1,0,0.021618695331700816,0.10192883499925501,carried_interest,0.004058977618085241,0.1052792935534836,-7.14915484057932e-6
Income,2034,Quintile 1,0,0.021618695331700816,0.10192883499925501,qsbs,0.018892124850337085,0.4900124477419405,-3.327506050312491e-5
Income,2034,Quintile 1,0,0.021618695331700816,0.10192883499925501,oz,0.006131654556688352,0.15903912777589296,-1.0799800338733523e-5
Income,2034,Quintile 1,0,0.021618695331700816,0.10192883499925501,cola_ss,-1.4874513888379943,-38.580609736371166,0.002619876554444765
Income,2034,Quintile 1,0,0.021618695331700816,0.10192883499925501,cola_snap,-0.38974807625226493,-10.109048630582029,6.864707342879569e-4
Income,2034,Quintile 1,0,0.021618695331700816,0.10192883499925501,cola_ssi,-0.35616365835470576,-9.237956418861991,6.273178572899217e-4
Income,2034,Quintile 1,0,0.021618695331700816,0.10192883499925501,all_excises,15.177901277148965,393.67517499063047,-0.026733127549629622
Income,2034,Quintile 1,0,0.021618695331700816,0.10192883499925501,all_income_tax,0.029082757025110678,0.7543308690713171,-5.122401568243775e-5
Income,2034,Quintile 1,0,0.021618695331700816,0.10192883499925501,all_measures,15.206984034174077,394.4295058597018,-0.02678435156531206
Income,2034,Quintile 1,0,0.021618695331700816,0.10192883499925501,benefit_offset,-2.233363123444965,-57.92761478581519,0.003933665146022644
Income,2034,Quintile 1,0,0.021618695331700816,0.10192883499925501,all_excises_net,12.944538153704002,335.74756020481533,-0.022799462403606977
Income,2034,Quintile 1,0,0.021618695331700816,0.10192883499925501,all_measures_net,12.973620910729112,336.5018910738866,-0.022850686419289414
Income,2034,Quintile 2,29320,0.059498444615394275,0.1327033795794428,carbon,16.143395067796263,418.7074599800095,-0.010665669537750925
Income,2034,Quintile 2,29320,0.059498444615394275,0.1327033795794428,gambling,0.8079122077383678,20.95462986368903,-5.337740039851794e-4
Income,2034,Quintile 2,29320,0.059498444615394275,0.1327033795794428,guns,0.13399179057647448,3.4753137152894866,-8.852612186336673e-5
Income,2034,Quintile 2,29320,0.059498444615394275,0.1327033795794428,alcohol,2.437640522657242,63.22451177709341,-0.0016105080844088966
Income,2034,Quintile 2,29320,0.059498444615394275,0.1327033795794428,tobacco,0.0699280123160877,1.8137064908191478,-4.620026132439694e-5
Income,2034,Quintile 2,29320,0.059498444615394275,0.1327033795794428,carried_interest,0.006919501429247051,0.17946948926175177,-4.571598186156442e-6
Income,2034,Quintile 2,29320,0.059498444615394275,0.1327033795794428,qsbs,0.05073317882363725,1.315854586519548,-3.351855775443178e-5
Income,2034,Quintile 2,29320,0.059498444615394275,0.1327033795794428,oz,0.016466031723461214,0.4270756114142392,-1.0878830148368209e-5
Income,2034,Quintile 2,29320,0.059498444615394275,0.1327033795794428,cola_ss,-3.5072524026127745,-90.96678479586062,0.002317182659202385
Income,2034,Quintile 2,29320,0.059498444615394275,0.1327033795794428,cola_snap,-0.19005766599120746,-4.9294812053293064,1.2556790254252136e-4
Income,2034,Quintile 2,29320,0.059498444615394275,0.1327033795794428,cola_ssi,-0.1115464049119175,-2.8931529999994225,7.369683315797568e-5
Income,2034,Quintile 2,29320,0.059498444615394275,0.1327033795794428,all_excises,19.592867601084436,508.17562182690057,-0.012944678009332765
Income,2034,Quintile 2,29320,0.059498444615394275,0.1327033795794428,all_income_tax,0.07411871197634552,1.9223996871955389,-4.896898608895643e-5
Income,2034,Quintile 2,29320,0.059498444615394275,0.1327033795794428,all_measures,19.66698631306078,510.0980215140961,-0.01299364699542172
Income,2034,Quintile 2,29320,0.059498444615394275,0.1327033795794428,benefit_offset,-3.8088564735158994,-98.78941900118934,0.002516447394902882
Income,2034,Quintile 2,29320,0.059498444615394275,0.1327033795794428,all_excises_net,15.784011127568535,409.3862028257112,-0.010428230614429882
Income,2034,Quintile 2,29320,0.059498444615394275,0.1327033795794428,all_measures_net,15.858129839544882,411.30860251290676,-0.010477199600518839
Income,2034,Quintile 3,58120,0.10721049237290452,0.1592147950942449,carbon,19.297080973795197,500.48287102477366,-0.007707340620379912
Income,2034,Quintile 3,58120,0.10721049237290452,0.1592147950942449,gambling,1.6573831394762573,42.985354788092195,-6.619662534330887e-4
Income,2034,Quintile 3,58120,0.10721049237290452,0.1592147950942449,guns,0.14861618326958342,3.854461417481248,-5.935796961804482e-5
Income,2034,Quintile 3,58120,0.10721049237290452,0.1592147950942449,alcohol,3.6419974182088715,94.45767090915118,-0.001454630090364356
Income,2034,Quintile 3,58120,0.10721049237290452,0.1592147950942449,tobacco,0.08658432398576336,2.2456231133081803,-3.458216702566713e-5
Income,2034,Quintile 3,58120,0.10721049237290452,0.1592147950942449,carried_interest,0.046374555358014054,1.2027555172512436,-1.8522205236545847e-5
Income,2034,Quintile 3,58120,0.10721049237290452,0.1592147950942449,qsbs,0.14393001416444545,3.73292244632639,-5.748629267648841e-5
Income,2034,Quintile 3,58120,0.10721049237290452,0.1592147950942449,oz,0.04671412740424985,1.2115625483690917,-1.865783183359712e-5
Income,2034,Quintile 3,58120,0.10721049237290452,0.1592147950942449,cola_ss,-3.001056978455973,-77.83444629403866,0.001198635606366493
Income,2034,Quintile 3,58120,0.10721049237290452,0.1592147950942449,cola_snap,-0.07383009332735366,-1.9148334987389428,2.948807014289269e-5
Income,2034,Quintile 3,58120,0.10721049237290452,0.1592147950942449,cola_ssi,-0.06409296193833935,-1.662294398149737,2.5599016229379138e-5
Income,2034,Quintile 3,58120,0.10721049237290452,0.1592147950942449,all_excises,24.831662038735672,644.0259812528064,-0.009917877100821069
Income,2034,Quintile 3,58120,0.10721049237290452,0.1592147950942449,all_income_tax,0.23701869692670935,6.147240511946725,-9.466632974663137e-5
Income,2034,Quintile 3,58120,0.10721049237290452,0.1592147950942449,all_measures,25.068680735662383,650.1732217647532,-0.0100125434305677
Income,2034,Quintile 3,58120,0.10721049237290452,0.1592147950942449,benefit_offset,-3.138980033721666,-81.41157419092734,0.0012537226927387649
Income,2034,Quintile 3,58120,0.10721049237290452,0.1592147950942449,all_excises_net,21.692682005014007,562.6144070618791,-0.008664154408082304
Income,2034,Quintile 3,58120,0.10721049237290452,0.1592147950942449,all_measures_net,21.929700701940714,568.7616475738258,-0.008758820737828936
Income,2034,Quintile 4,99145,0.18881638754395108,0.21901405025321655,carbon,26.584848936168427,689.5827668972428,-0.006269888202977229
Income,2034,Quintile 4,99145,0.18881638754395108,0.21901405025321655,gambling,2.7912128346161458,72.40109861504851,-6.582919641852476e-4
Income,2034,Quintile 4,99145,0.18881638754395108,0.21901405025321655,guns,0.20011148327526,5.1906794977919315,-4.719517614263561e-5
Income,2034,Quintile 4,99145,0.18881638754395108,0.21901405025321655,alcohol,5.755148700404449,149.2824493477057,-0.00135731969098961
Income,2034,Quintile 4,99145,0.18881638754395108,0.21901405025321655,tobacco,0.0801066569295877,2.0778816635380446,-1.889270781521901e-5
Income,2034,Quintile 4,99145,0.18881638754395108,0.21901405025321655,carried_interest,0.09623046789219025,2.496116207703262,-2.2695418614298203e-5
Income,2034,Quintile 4,99145,0.18881638754395108,0.21901405025321655,qsbs,0.36442213620179204,9.452723451768254,-8.594692631737366e-5
Income,2034,Quintile 4,99145,0.18881638754395108,0.21901405025321655,oz,0.11827735999531848,3.0679891904861876,-2.7895055032831797e-5
Income,2034,Quintile 4,99145,0.18881638754395108,0.21901405025321655,cola_ss,-3.7225425594470165,-96.55880325668646,8.779408803336764e-4
Income,2034,Quintile 4,99145,0.18881638754395108,0.21901405025321655,cola_snap,-0.03070162296781043,-0.796367516144705,7.240806375101902e-6
Income,2034,Quintile 4,99145,0.18881638754395108,0.21901405025321655,cola_ssi,-0.03451159488987504,-0.895194144278887,8.139366982505914e-6
Income,2034,Quintile 4,99145,0.18881638754395108,0.21901405025321655,all_excises,35.41142861139387,918.5348760213269,-0.008351587742109942
Income,2034,Quintile 4,99145,0.18881638754395108,0.21901405025321655,all_income_tax,0.5789299640893008,15.016828849957703,-1.3653739996450365e-4
Income,2034,Quintile 4,99145,0.18881638754395108,0.21901405025321655,all_measures,35.99035857548317,933.5517048712846,-0.008488125142074445
Income,2034,Quintile 4,99145,0.18881638754395108,0.21901405025321655,benefit_offset,-3.787755777304702,-98.25036491711005,8.933210536912843e-4
Income,2034,Quintile 4,99145,0.18881638754395108,0.21901405025321655,all_excises_net,31.623672834089167,820.2845111042169,-0.007458266688418657
Income,2034,Quintile 4,99145,0.18881638754395108,0.21901405025321655,all_measures_net,32.20260279817847,835.3013399541746,-0.007594804088383161
Income,2034,Quintile 5,181770,0.6472734388669048,0.37794193293826894,carbon,46.20884520493281,1198.389623933055,-0.003415799881489256
Income,2034,Quintile 5,181770,0.6472734388669048,0.37794193293826894,gambling,7.606877411064446,197.27831153368092,-5.623072994787474e-4
Income,2034,Quintile 5,181770,0.6472734388669048,0.37794193293826894,guns,0.6195059517157093,16.066393808552174,-4.579444361934657e-5
Income,2034,Quintile 5,181770,0.6472734388669048,0.37794193293826894,alcohol,9.521672213691634,246.9369908028267,-7.038506734990958e-4
Income,2034,Quintile 5,181770,0.6472734388669048,0.37794193293826894,tobacco,0.08361635245894847,2.1685235528724296,-6.180996853592661e-6
Income,2034,Quintile 5,181770,0.6472734388669048,0.37794193293826894,carried_interest,11.558831377542683,299.769092393598,-8.544393324365051e-4
Income,2034,Quintile 5,181770,0.6472734388669048,0.37794193293826894,qsbs,10.648216016211022,276.15300773330836,-7.871258163872674e-4
Income,2034,Quintile 5,181770,0.6472734388669048,0.37794193293826894,oz,3.4559999350860333,89.62860777309132,-2.5547065970463943e-4
Income,2034,Quintile 5,181770,0.6472734388669048,0.37794193293826894,cola_ss,-4.381281513056157,-113.6250490894268,3.238683158321106e-4
Income,2034,Quintile 5,181770,0.6472734388669048,0.37794193293826894,cola_snap,-0.01681279352999143,-0.436026419321115,1.242816995156535e-6
Income,2034,Quintile 5,181770,0.6472734388669048,0.37794193293826894,cola_ssi,-0.019104632885466533,-0.49546344898810174,1.4122318455841016e-6
Income,2034,Quintile 5,181770,0.6472734388669048,0.37794193293826894,all_excises,64.04051713386355,1660.8398436309872,-0.004733933294940039
Income,2034,Quintile 5,181770,0.6472734388669048,0.37794193293826894,all_income_tax,25.66304732883974,665.5507078999976,-0.001897035808528412
Income,2034,Quintile 5,181770,0.6472734388669048,0.37794193293826894,all_measures,89.70356446270328,2326.390551530985,-0.00663096910346845
Income,2034,Quintile 5,181770,0.6472734388669048,0.37794193293826894,benefit_offset,-4.417198939471615,-114.55653895773601,3.265233646728513e-4
Income,2034,Quintile 5,181770,0.6472734388669048,0.37794193293826894,all_excises_net,59.62331819439193,1546.2833046732512,-0.004407409930267187
Income,2034,Quintile 5,181770,0.6472734388669048,0.37794193293826894,all_measures_net,85.28636552323167,2211.834012573249,-0.006304445738795599
Income,2034,Top 10%,281345,0.48867445337795123,0.23572488672451672,carbon,28.866144204013334,1497.2879663917697,-0.00286904260185804
Income,2034,Top 10%,281345,0.48867445337795123,0.23572488672451672,gambling,4.829609351684931,250.51201551350997,-4.8002098522010336e-4
Income,2034,Top 10%,281345,0.48867445337795123,0.23572488672451672,guns,0.3933245635691124,20.401759644658306,-3.909302611604464e-5
Income,2034,Top 10%,281345,0.48867445337795123,0.23572488672451672,alcohol,5.41636209195714,280.94690183043025,-5.383390825974407e-4
Income,2034,Top 10%,281345,0.48867445337795123,0.23572488672451672,tobacco,0.05082279768290307,2.636180393583512,-5.051342176749337e-6
Income,2034,Top 10%,281345,0.48867445337795123,0.23572488672451672,carried_interest,11.376107172321998,590.0790993461692,-0.0011306856880510141
Income,2034,Top 10%,281345,0.48867445337795123,0.23572488672451672,qsbs,10.11009519769385,524.411011446329,-0.0010048551557845823
Income,2034,Top 10%,281345,0.48867445337795123,0.23572488672451672,oz,3.281346686970811,170.20357389047518,-3.261371996844697e-4
Income,2034,Top 10%,281345,0.48867445337795123,0.23572488672451672,cola_ss,-1.805416635258152,-93.6470275763298,1.7944264409025824e-4
Income,2034,Top 10%,281345,0.48867445337795123,0.23572488672451672,cola_snap,-0.008771892276517266,-0.4549983764817522,8.718494739847699e-7
Income,2034,Top 10%,281345,0.48867445337795123,0.23572488672451672,cola_ssi,-0.008627898722468762,-0.4475294255130657,8.575377724274601e-7
Income,2034,Top 10%,281345,0.48867445337795123,0.23572488672451672,all_excises,39.55626300890742,2051.7848237739518,-0.003931547037968378
Income,2034,Top 10%,281345,0.48867445337795123,0.23572488672451672,all_income_tax,24.76754905698666,1284.6936846829733,-0.002461678043520066
Income,2034,Top 10%,281345,0.48867445337795123,0.23572488672451672,all_measures,64.32381206589407,3336.4785084569253,-0.006393225081488444
Income,2034,Top 10%,281345,0.48867445337795123,0.23572488672451672,benefit_offset,-1.822816426257138,-94.54955537832463,1.8117203133667046e-4
Income,2034,Top 10%,281345,0.48867445337795123,0.23572488672451672,all_excises_net,37.73344658265028,1957.2352683956271,-0.0037503750066317076
Income,2034,Top 10%,281345,0.48867445337795123,0.23572488672451672,all_measures_net,62.50099563963694,3241.9289530786004,-0.006212053050151774
Income,2034,Top 5%,406975,0.37267859816835225,0.15009138032852865,carbon,18.457356007774948,1914.7520674976458,-0.0024232490247568226
Income,2034,Top 5%,406975,0.37267859816835225,0.15009138032852865,gambling,3.117084200795267,323.3639431087988,-4.092390722961738e-4
Income,2034,Top 5%,406975,0.37267859816835225,0.15009138032852865,guns,0.2538560975864939,26.334838396998542,-3.332852986342771e-5
Income,2034,Top 5%,406975,0.37267859816835225,0.15009138032852865,alcohol,3.06786440018095,318.2579184458738,-4.0277705066170313e-4
Income,2034,Top 5%,406975,0.37267859816835225,0.15009138032852865,tobacco,0.03168713816844147,3.287199601912054,-4.160174763474538e-6
Income,2034,Top 5%,406975,0.37267859816835225,0.15009138032852865,carried_interest,11.139947145279935,1155.6496401355719,-0.0014625532521706185
Income,2034,Top 5%,406975,0.37267859816835225,0.15009138032852865,qsbs,9.558755438112126,991.6180156095911,-0.0012549600703121797
Income,2034,Top 5%,406975,0.37267859816835225,0.15009138032852865,oz,3.102403080790778,321.8409348908322,-4.073116017679882e-4
Income,2034,Top 5%,406975,0.37267859816835225,0.15009138032852865,cola_ss,-0.9123510815736612,-94.64660696748813,1.1978172105083254e-4
Income,2034,Top 5%,406975,0.37267859816835225,0.15009138032852865,cola_snap,-0.005116937161301739,-0.5308271674843832,6.717978989321758e-7
Income,2034,Top 5%,406975,0.37267859816835225,0.15009138032852865,cola_ssi,-0.0030813924008817003,-0.31966130294471323,4.0455312923391003e-7
Income,2034,Top 5%,406975,0.37267859816835225,0.15009138032852865,all_excises,24.9278478445061,2585.995967051229,-0.0032727538523416016
Income,2034,Top 5%,406975,0.37267859816835225,0.15009138032852865,all_income_tax,23.80110566418284,2469.1085906359954,-0.0031248249242507866
Income,2034,Top 5%,406975,0.37267859816835225,0.15009138032852865,all_measures,48.72895350868894,5055.104557687224,-0.006397578776592389
Income,2034,Top 5%,406975,0.37267859816835225,0.15009138032852865,benefit_offset,-0.9205494111358447,-95.49709543791722,1.2085807207899863e-4
Income,2034,Top 5%,406975,0.37267859816835225,0.15009138032852865,all_excises_net,24.007298433370256,2490.498871613312,-0.0031518957802626033
Income,2034,Top 5%,406975,0.37267859816835225,0.15009138032852865,all_measures_net,47.808404097553094,4959.607462249307,-0.00627672070451339
Income,2034,Top 1%,1026980,0.21009762682535196,0.054452180936762073,carbon,6.786016861143875,3520.089697883991,-0.0016068769291419456
Income,2034,Top 1%,1026980,0.21009762682535196,0.054452180936762073,gambling,1.1290715665984812,585.6798282530508,-2.673555178009728e-4
Income,2034,Top 1%,1026980,0.21009762682535196,0.054452180936762073,guns,0.09195186377045363,47.697908063412264,-2.177349857917077e-5
Income,2034,Top 1%,1026980,0.21009762682535196,0.054452180936762073,alcohol,0.8218200622003177,426.30019843158544,-1.9460070979444784e-4
Income,2034,Top 1%,1026980,0.21009762682535196,0.054452180936762073,tobacco,0.010920728025382354,5.664875729333436,-2.585944932424288e-6
Income,2034,Top 1%,1026980,0.21009762682535196,0.054452180936762073,carried_interest,10.196059556856738,5288.970678898829,-0.002414348977510296
Income,2034,Top 1%,1026980,0.21009762682535196,0.054452180936762073,qsbs,8.011704479977926,4155.886874367049,-0.0018971103897035765
Income,2034,Top 1%,1026980,0.21009762682535196,0.054452180936762073,oz,2.6002900505191517,1348.840476768253,-6.157288106932662e-4
Income,2034,Top 1%,1026980,0.21009762682535196,0.054452180936762073,cola_ss,-0.18055234145332896,-93.65736190811108,4.275341454648385e-5
Income,2034,Top 1%,1026980,0.21009762682535196,0.054452180936762073,cola_snap,-0.0014619820460862111,-0.7583694594669708,3.4618617500453364e-7
Income,2034,Top 1%,1026980,0.21009762682535196,0.054452180936762073,cola_ssi,-6.1627848017634e-4,-0.31968024446238463,1.4593003406641948e-7
Income,2034,Top 1%,1026980,0.21009762682535196,0.054452180936762073,all_excises,8.83978108173851,4585.432508361373,-0.0020931926002489614
Income,2034,Top 1%,1026980,0.21009762682535196,0.054452180936762073,all_income_tax,20.808054087353817,10793.698030034131,-0.0049271881779071386
Income,2034,Top 1%,1026980,0.21009762682535196,0.054452180936762073,all_measures,29.647835169092325,15379.130538395504,-0.0070203807781561
Income,2034,Top 1%,1026980,0.21009762682535196,0.054452180936762073,benefit_offset,-0.18263060197959152,-94.73541161204044,4.3245530755554805e-5
Income,2034,Top 1%,1026980,0.21009762682535196,0.054452180936762073,all_excises_net,8.657150479758918,4490.697096749333,-0.0020499470694934066
Income,2034,Top 1%,1026980,0.21009762682535196,0.054452180936762073,all_measures_net,29.465204567112735,15284.395126783464,-0.006977135247400545
Income,2034,Top 0.1%,4715550,0.09977081265212152,0.011460040977990825,carbon,1.453917766882886,7541.683072735041,-7.344523657826764e-4
Income,2034,Top 0.1%,4715550,0.09977081265212152,0.011460040977990825,gambling,0.23021130927095268,1194.1395681567221,-1.1629216216710421e-4
Income,2034,Top 0.1%,4715550,0.09977081265212152,0.011460040977990825,guns,0.018748465176812182,97.25101768779491,-9.470862051177482e-6
Income,2034,Top 0.1%,4715550,0.09977081265212152,0.011460040977990825,alcohol,0.13282924041449545,689.0046031598881,-6.709922121434558e-5
Income,2034,Top 0.1%,4715550,0.09977081265212152,0.011460040977990825,tobacco,0.0022146165860264747,11.487538566395058,-1.118722411925596e-6
Income,2034,Top 0.1%,4715550,0.09977081265212152,0.011460040977990825,carried_interest,7.976737551800097,41376.49868536651,-0.004029480827314909
Income,2034,Top 0.1%,4715550,0.09977081265212152,0.011460040977990825,qsbs,5.893004896674382,30567.874118546228,-0.002976874955734708
Income,2034,Top 0.1%,4715550,0.09977081265212152,0.011460040977990825,oz,1.9126419401487031,9921.15212619483,-9.661787137033702e-4
Income,2034,Top 0.1%,4715550,0.09977081265212152,0.011460040977990825,cola_ss,-0.020471045369265205,-106.18629186544246,1.034103031407031e-5
Income,2034,Top 0.1%,4715550,0.09977081265212152,0.011460040977990825,cola_snap,-1.462016926919911e-4,-0.7583694594669709,7.385436888172651e-8
Income,2034,Top 0.1%,4715550,0.09977081265212152,0.011460040977990825,cola_ssi,-6.162931837133891e-5,-0.3196802444623847,3.113229627590737e-8
Income,2034,Top 0.1%,4715550,0.09977081265212152,0.011460040977990825,all_excises,1.8379213983311729,9533.565800305842,-9.284333336272292e-4
Income,2034,Top 0.1%,4715550,0.09977081265212152,0.011460040977990825,all_income_tax,15.782384388623182,81865.52493010757,-0.007972534496752988
Income,2034,Top 0.1%,4715550,0.09977081265212152,0.011460040977990825,all_measures,17.620305786954354,91399.0907304134,-0.008900967830380217
Income,2034,Top 0.1%,4715550,0.09977081265212152,0.011460040977990825,benefit_offset,-0.020678876380328535,-107.26434156937181,1.0446016979227944e-5
Income,2034,Top 0.1%,4715550,0.09977081265212152,0.011460040977990825,all_excises_net,1.8172425219508443,9426.301458736469,-9.179873166480013e-4
Income,2034,Top 0.1%,4715550,0.09977081265212152,0.011460040977990825,all_measures_net,17.599626910574028,91291.82638884404,-0.008890521813400987
Income,2034,Negative income,-1864092705,-0.0244174587308556,0.00919700713557176,carbon,1.122922609415872,578.9635896244707,0.0016044271248100734
Income,2034,Negative income,-1864092705,-0.0244174587308556,0.00919700713557176,gambling,0.05224419159871799,26.936392990392,7.464628231001661e-5
Income,2034,Negative income,-1864092705,-0.0244174587308556,0.00919700713557176,guns,0.0033642252123021574,1.7345486580173168,4.80679090377857e-6
Income,2034,Negative income,-1864092705,-0.0244174587308556,0.00919700713557176,alcohol,0.15068626517949069,77.69178415670585,2.1529990505406355e-4
Income,2034,Negative income,-1864092705,-0.0244174587308556,0.00919700713557176,tobacco,0.006406046367144325,3.3028701790517676,9.15293223954576e-6
Income,2034,Negative income,-1864092705,-0.0244174587308556,0.00919700713557176,carried_interest,0.08758512015978225,45.157693985497374,1.2514125313337732e-4
Income,2034,Negative income,-1864092705,-0.0244174587308556,0.00919700713557176,qsbs,0.17380652974876634,89.6122773909265,2.4833404231043896e-4
Income,2034,Negative income,-1864092705,-0.0244174587308556,0.00919700713557176,oz,0.05641089123424872,29.084686521616494,8.059964531128282e-5
Income,2034,Negative income,-1864092705,-0.0244174587308556,0.00919700713557176,cola_ss,-0.290479695060009,-149.767370925453,-4.1503617262036557e-4
Income,2034,Negative income,-1864092705,-0.0244174587308556,0.00919700713557176,cola_snap,-0.019606896651874216,-10.109048630582027,-2.8014251879725458e-5
Income,2034,Negative income,-1864092705,-0.0244174587308556,0.00919700713557176,cola_ssi,-0.017917379112332623,-9.237956418861991,-2.5600276289998057e-5
Income,2034,Negative income,-1864092705,-0.0244174587308556,0.00919700713557176,all_excises,1.3356233377735272,688.6291856086376,0.0019083330353174778
Income,2034,Negative income,-1864092705,-0.0244174587308556,0.00919700713557176,all_income_tax,0.3178025411427973,163.85465789804036,4.540749407550991e-4
Income,2034,Negative income,-1864092705,-0.0244174587308556,0.00919700713557176,all_measures,1.6534258789163245,852.483843506678,0.002362407976072577
Income,2034,Negative income,-1864092705,-0.0244174587308556,0.00919700713557176,benefit_offset,-0.32800397082421584,-169.11437597489703,-4.686507007900891e-4
Income,2034,Negative income,-1864092705,-0.0244174587308556,0.00919700713557176,all_excises_net,1.0076193669493112,519.5148096337406,0.0014396823345273887
Income,2034,Negative income,-1864092705,-0.0244174587308556,0.00919700713557176,all_measures_net,1.3254219080921086,683.369467531781,0.0018937572752824878
Income,2034,Overall,-1864092705,1,1,carbon,121.8,625.5220850452577,-0.005625025814360953
Income,2034,Overall,-1864092705,1,1,gambling,13.45,69.07448311870867,-6.211543284331266e-4
Income,2034,Overall,-1864092705,1,1,guns,1.14,5.854640204857091,-5.26480248634769e-5
Income,2034,Overall,-1864092705,1,1,alcohol,23.6,121.2013235391468,-0.0010899064796298726
Income,2034,Overall,-1864092705,1,1,tobacco,0.4,2.054259721002488,-1.8472991180167333e-5
Income,2034,Overall,-1864092705,1,1,carried_interest,11.8,60.6006617695734,-5.449532398149363e-4
Income,2034,Overall,-1864092705,1,1,qsbs,11.4,58.54640204857091,-5.26480248634769e-4
Income,2034,Overall,-1864092705,1,1,oz,3.7,19.001902419273016,-1.7087516841654784e-4
Income,2034,Overall,-1864092705,1,1,cola_ss,-16.390064537469925,-84.17362350988937,7.569337941076384e-4
Income,2034,Overall,-1864092705,1,1,cola_snap,-0.720757148720502,-3.7015559481028184,3.328635112839097e-5
Income,2034,Overall,-1864092705,1,1,cola_ssi,-0.6033366320926368,-3.0985253537830024,2.786358070829786e-5
Income,2034,Overall,-1864092705,1,1,all_excises,160.39,823.7067916289727,-0.007407207638467596
Income,2034,Overall,-1864092705,1,1,all_income_tax,26.900000000000002,138.1489662374173,-0.0012423086568662531
Income,2034,Overall,-1864092705,1,1,all_measures,187.29,961.85575786639,-0.00864951629533385
Income,2034,Overall,-1864092705,1,1,benefit_offset,-17.714158318283065,-90.97370481177519,8.180837259443272e-4
Income,2034,Overall,-1864092705,1,1,all_excises_net,142.67584168171695,732.7330868171975,-0.006589123912523269
Income,2034,Overall,-1864092705,1,1,all_measures_net,169.57584168171692,870.8820530546149,-0.007831432569389523
Income,2035,Quintile 1,0,0.021642930640007118,0.10195671456583297,carbon,13.008537148746521,335.8884555076838,-0.0220722733281753
Income,2035,Quintile 1,0,0.021642930640007118,0.10195671456583297,gambling,0.55671548651457,14.374737357813219,-9.446086246186202e-4
Income,2035,Quintile 1,0,0.021642930640007118,0.10195671456583297,guns,0.035924198340669296,0.9275849665511249,-6.095448825675525e-5
Income,2035,Quintile 1,0,0.021642930640007118,0.10195671456583297,alcohol,2.2010129441828727,56.83151225387722,-0.00373457512919025
Income,2035,Quintile 1,0,0.021642930640007118,0.10195671456583297,tobacco,0.07528588228965558,1.9439279324533711,-1.277415402399978e-4
Income,2035,Quintile 1,0,0.021642930640007118,0.10195671456583297,carried_interest,0.0044687352849849754,0.11538550228846645,-7.582339621557986e-6
Income,2035,Quintile 1,0,0.021642930640007118,0.10195671456583297,qsbs,0.01980159021075108,0.5112892769135183,-3.3598405913483746e-5
Income,2035,Quintile 1,0,0.021642930640007118,0.10195671456583297,oz,0.009646928564212065,0.2490896477270987,-1.6368454162979265e-5
Income,2035,Quintile 1,0,0.021642930640007118,0.10195671456583297,cola_ss,-1.5684039727711925,-40.49715828939256,0.002661194012836218
Income,2035,Quintile 1,0,0.021642930640007118,0.10195671456583297,cola_snap,-0.3959136185901258,-10.222733912514485,6.717675864661114e-4
Income,2035,Quintile 1,0,0.021642930640007118,0.10195671456583297,cola_ssi,-0.3686591953995121,-9.519007889628805,6.255235644683767e-4
Income,2035,Quintile 1,0,0.021642930640007118,0.10195671456583297,all_excises,15.877475660074289,409.9662180183787,-0.02694015311048092
Income,2035,Quintile 1,0,0.021642930640007118,0.10195671456583297,all_income_tax,0.033917254059948124,0.8757644269290835,-5.7549199698021e-5
Income,2035,Quintile 1,0,0.021642930640007118,0.10195671456583297,all_measures,15.911392914134238,410.8419824453078,-0.026997702310178943
Income,2035,Quintile 1,0,0.021642930640007118,0.10195671456583297,benefit_offset,-2.33297678676083,-60.23890009153585,0.0039584851637707065
Income,2035,Quintile 1,0,0.021642930640007118,0.10195671456583297,all_excises_net,13.544498873313458,349.7273179268429,-0.022981667946710218
Income,2035,Quintile 1,0,0.021642930640007118,0.10195671456583297,all_measures_net,13.578416127373407,350.6030823537719,-0.023039217146408237
Income,2035,Quintile 2,30350,0.05955433015586137,0.13275002090960977,carbon,16.872978695053554,435.6455043129533,-0.010743945666508548
Income,2035,Quintile 2,30350,0.05955433015586137,0.13275002090960977,gambling,0.8422937247673155,21.747284882986595,-5.363343472243044e-4
Income,2035,Quintile 2,30350,0.05955433015586137,0.13275002090960977,guns,0.13998590867297434,3.6143133279972037,-8.91366618805827e-5
Income,2035,Quintile 2,30350,0.05955433015586137,0.13275002090960977,alcohol,2.5602355910735968,66.1030364223837,-0.0016302416177423388
Income,2035,Quintile 2,30350,0.05955433015586137,0.13275002090960977,tobacco,0.07165326629807282,1.8500244619668322,-4.562554210775166e-5
Income,2035,Quintile 2,30350,0.05955433015586137,0.13275002090960977,carried_interest,0.00761744944276104,0.19667586050131766,-4.85044546132171e-6
Income,2035,Quintile 2,30350,0.05955433015586137,0.13275002090960977,qsbs,0.053711246497013844,1.3867772543521648,-3.420087967120691e-5
Income,2035,Quintile 2,30350,0.05955433015586137,0.13275002090960977,oz,0.026167017524186233,0.675609431607465,-1.666196701930593e-5
Income,2035,Quintile 2,30350,0.05955433015586137,0.13275002090960977,cola_ss,-3.6896745628416214,-95.26415962055547,0.0023494170025764524
Income,2035,Quintile 2,30350,0.05955433015586137,0.13275002090960977,cola_snap,-0.19309376825040897,-4.985511661541925,1.2295333219569402e-4
Income,2035,Quintile 2,30350,0.05955433015586137,0.13275002090960977,cola_ssi,-0.11547752065734969,-2.9815282548971958,7.35308347191477e-5
Income,2035,Quintile 2,30350,0.05955433015586137,0.13275002090960977,all_excises,20.487147185865513,528.9601634082876,-0.013045283835463524
Income,2035,Quintile 2,30350,0.05955433015586137,0.13275002090960977,all_income_tax,0.08749571346396112,2.2590625464609473,-5.571329215183455e-5
Income,2035,Quintile 2,30350,0.05955433015586137,0.13275002090960977,all_measures,20.574642899329476,531.2192259547486,-0.013100997127615359
Income,2035,Quintile 2,30350,0.05955433015586137,0.13275002090960977,benefit_offset,-3.99824585174938,-103.2311995369946,0.002545901169491294
Income,2035,Quintile 2,30350,0.05955433015586137,0.13275002090960977,all_excises_net,16.488901334116132,425.728963871293,-0.01049938266597223
Income,2035,Quintile 2,30350,0.05955433015586137,0.13275002090960977,all_measures_net,16.576397047580095,427.98802641775393,-0.010555095958124065
Income,2035,Quintile 3,60090,0.10726622649964798,0.15918022170661555,carbon,20.163524028753983,520.6260372247078,-0.007761507211369908
Income,2035,Quintile 3,60090,0.10726622649964798,0.15918022170661555,gambling,1.726103993085696,44.56833440803469,-6.644259490952143e-4
Income,2035,Quintile 3,60090,0.10726622649964798,0.15918022170661555,guns,0.15510181491011912,4.00475845134326,-5.9703048594320605e-5
Income,2035,Quintile 3,60090,0.10726622649964798,0.15918022170661555,alcohol,3.827455163497929,98.8256225243932,-0.001473295085240113
Income,2035,Quintile 3,60090,0.10726622649964798,0.15918022170661555,tobacco,0.08873073108116251,2.291044404587224,-3.41549526845841e-5
Income,2035,Quintile 3,60090,0.10726622649964798,0.15918022170661555,carried_interest,0.05184660745736864,1.3386892958583119,-1.9957216659725854e-5
Income,2035,Quintile 3,60090,0.10726622649964798,0.15918022170661555,qsbs,0.14666733219018482,3.786978498381783,-5.645637909539819e-5
Income,2035,Quintile 3,60090,0.10726622649964798,0.15918022170661555,oz,0.07145331568239774,1.8449382428013814,-2.750438981570681e-5
Income,2035,Quintile 3,60090,0.10726622649964798,0.15918022170661555,cola_ss,-3.1556838547089128,-81.4803591707584,0.001214711424461271
Income,2035,Quintile 3,60090,0.10726622649964798,0.15918022170661555,cola_snap,-0.07500950228188963,-1.9367596592504526,2.8873266005085844e-5
Income,2035,Quintile 3,60090,0.10726622649964798,0.15918022170661555,cola_ssi,-0.06635172457659871,-1.7132141871667923,2.5540643989299966e-5
Income,2035,Quintile 3,60090,0.10726622649964798,0.15918022170661555,all_excises,25.96091573132889,670.3157970130662,-0.00999308624698414
Income,2035,Quintile 3,60090,0.10726622649964798,0.15918022170661555,all_income_tax,0.2699672553299512,6.970606037041476,-1.0391798557083085e-4
Income,2035,Quintile 3,60090,0.10726622649964798,0.15918022170661555,all_measures,26.23088298665884,677.2864030501077,-0.01009700423255497
Income,2035,Quintile 3,60090,0.10726622649964798,0.15918022170661555,benefit_offset,-3.297045081567401,-85.13033301717564,0.0012691253344556568
Income,2035,Quintile 3,60090,0.10726622649964798,0.15918022170661555,all_excises_net,22.66387064976149,585.1854639958906,-0.008723960912528483
Income,2035,Quintile 3,60090,0.10726622649964798,0.15918022170661555,all_measures_net,22.93383790509144,592.156070032932,-0.008827878898099314
Income,2035,Quintile 4,102545,0.18888771829728115,0.21899347958706386,carbon,27.782212902097946,717.3594875079257,-0.006315625859777464
Income,2035,Quintile 4,102545,0.18888771829728115,0.21899347958706386,gambling,2.90782071607581,75.08231205339132,-6.61023935521645e-4
Income,2035,Quintile 4,102545,0.18888771829728115,0.21899347958706386,guns,0.20890720526941547,5.394155110569478,-4.7490088444096815e-5
Income,2035,Quintile 4,102545,0.18888771829728115,0.21899347958706386,alcohol,6.0465698048677865,156.12738379358206,-0.0013745439485739756
Income,2035,Quintile 4,102545,0.18888771829728115,0.21899347958706386,tobacco,0.0820792098040034,2.119352410390934,-1.865875773880916e-5
Income,2035,Quintile 4,102545,0.18888771829728115,0.21899347958706386,carried_interest,0.10765466778134351,2.7797316786680035,-2.4472730309912153e-5
Income,2035,Quintile 4,102545,0.18888771829728115,0.21899347958706386,qsbs,0.37752606189022614,9.748032067597006,-8.582157827441493e-5
Income,2035,Quintile 4,102545,0.18888771829728115,0.21899347958706386,oz,0.18392295322857172,4.7490412637011055,-4.1810512492663685e-5
Income,2035,Quintile 4,102545,0.18888771829728115,0.21899347958706386,cola_ss,-3.9157322761627493,-101.10741389625717,8.901486757173056e-4
Income,2035,Quintile 4,102545,0.18888771829728115,0.21899347958706386,cola_snap,-0.031192070255835307,-0.8054047966548961,7.0907758939847745e-6
Income,2035,Quintile 4,102545,0.18888771829728115,0.21899347958706386,cola_ssi,-0.03572785169509162,-0.922522387689812,8.12187801148034e-6
Income,2035,Quintile 4,102545,0.18888771829728115,0.21899347958706386,all_excises,37.02758983811496,956.0826908758595,-0.00841734259005599
Income,2035,Quintile 4,102545,0.18888771829728115,0.21899347958706386,all_income_tax,0.6691036829001413,17.276805009966115,-1.5210482107699076e-4
Income,2035,Quintile 4,102545,0.18888771829728115,0.21899347958706386,all_measures,37.6966935210151,973.3594958858256,-0.008569447411132981
Income,2035,Quintile 4,102545,0.18888771829728115,0.21899347958706386,benefit_offset,-3.9826521981136764,-102.83534108060188,9.053613296227707e-4
Income,2035,Quintile 4,102545,0.18888771829728115,0.21899347958706386,all_excises_net,33.04493764000129,853.2473497952576,-0.007511981260433219
Income,2035,Quintile 4,102545,0.18888771829728115,0.21899347958706386,all_measures_net,33.71404132290142,870.5241548052237,-0.0076640860815102105
Income,2035,Quintile 5,187945,0.6470777950889216,0.3778997219941845,carbon,48.29608558052342,1246.929895710176,-0.003444756064389124
Income,2035,Quintile 5,187945,0.6470777950889216,0.3778997219941845,gambling,7.922555920962888,204.5480852027517,-5.650824953234874e-4
Income,2035,Quintile 5,187945,0.6470777950889216,0.3778997219941845,guns,0.6465633961130044,16.693262370943238,-4.611663974420515e-5
Income,2035,Quintile 5,187945,0.6470777950889216,0.3778997219941845,alcohol,10.0059032853628,258.33687741217403,-7.136788749571993e-4
Income,2035,Quintile 5,187945,0.6470777950889216,0.3778997219941845,tobacco,0.08567375864720604,2.211963343425516,-6.110747819653311e-6
Income,2035,Quintile 5,187945,0.6470777950889216,0.3778997219941845,carried_interest,13.031042020901346,336.44125963430383,-9.294492604782016e-4
Income,2035,Quintile 5,187945,0.6470777950889216,0.3778997219941845,qsbs,10.923868854565246,282.03732223523735,-7.791534868931563e-4
Income,2035,Quintile 5,187945,0.6470777950889216,0.3778997219941845,oz,5.3218848265830685,137.40279801203872,-3.795875961787172e-4
Income,2035,Quintile 5,187945,0.6470777950889216,0.3778997219941845,cola_ss,-4.582531039560573,-118.31383190923155,3.2685260925460286e-4
Income,2035,Quintile 5,187945,0.6470777950889216,0.3778997219941845,cola_snap,-0.01708137180676695,-0.44101448201400634,1.2183421992107576e-6
Income,2035,Quintile 5,187945,0.6470777950889216,0.3778997219941845,cola_ssi,-0.01977791790264,-0.510635112789529,1.4106754577970291e-6
Income,2035,Quintile 5,187945,0.6470777950889216,0.3778997219941845,all_excises,66.95678194160932,1728.7200840394705,-0.004775744822233669
Income,2035,Quintile 5,187945,0.6470777950889216,0.3778997219941845,all_income_tax,29.27679570204966,755.88137988158,-0.002088190343550075
Income,2035,Quintile 5,187945,0.6470777950889216,0.3778997219941845,all_measures,96.23357764365898,2484.6014639210503,-0.006863935165783744
Income,2035,Quintile 5,187945,0.6470777950889216,0.3778997219941845,benefit_offset,-4.61939032926998,-119.2654815040351,3.2948162691161064e-4
Income,2035,Quintile 5,187945,0.6470777950889216,0.3778997219941845,all_excises_net,62.33739161233934,1609.4546025354355,-0.004446263195322059
Income,2035,Quintile 5,187945,0.6470777950889216,0.3778997219941845,all_measures_net,91.614187314389,2365.335982417015,-0.0065344535388721335
Income,2035,Top 10%,290945,0.48854878943415453,0.23579709983620592,carbon,30.17889701824793,1558.2491108114298,-0.0028940045468334274
Income,2035,Top 10%,290945,0.48854878943415453,0.23579709983620592,gambling,5.031801976833027,259.8107197701179,-4.825245200616555e-4
Income,2035,Top 10%,290945,0.48854878943415453,0.23579709983620592,guns,0.41064765047614626,21.203271140901602,-3.937904579169495e-5
Income,2035,Top 10%,290945,0.48854878943415453,0.23579709983620592,alcohol,5.690707184568788,293.83245533727415,-5.45710217867858e-4
Income,2035,Top 10%,290945,0.48854878943415453,0.23579709983620592,tobacco,0.05209481746339597,2.689849895479491,-4.995631169501173e-6
Income,2035,Top 10%,290945,0.48854878943415453,0.23579709983620592,carried_interest,12.821492011529225,662.0214951580484,-0.0012295166439024565
Income,2035,Top 10%,290945,0.48854878943415453,0.23579709983620592,qsbs,10.371645840667254,535.526792085826,-9.945887088877985e-4
Income,2035,Top 10%,290945,0.48854878943415453,0.23579709983620592,oz,5.052853101863534,260.89766793924855,-4.8454321715046594e-4
Income,2035,Top 10%,290945,0.48854878943415453,0.23579709983620592,cola_ss,-1.8860571101076424,-97.38416924209488,1.8086339765627116e-4
Income,2035,Top 10%,290945,0.48854878943415453,0.23579709983620592,cola_snap,-0.0089120200730958,-0.4601608649261821,8.546179337639481e-7
Income,2035,Top 10%,290945,0.48854878943415453,0.23579709983620592,cola_ssi,-0.008931962923772905,-0.46119058875326074,8.565303529123836e-7
Income,2035,Top 10%,290945,0.48854878943415453,0.23579709983620592,all_excises,41.36414864758929,2135.7854069552027,-0.003966613961724137
Income,2035,Top 10%,290945,0.48854878943415453,0.23579709983620592,all_income_tax,28.245990954060012,1458.4459551831228,-0.002708648569940721
Income,2035,Top 10%,290945,0.48854878943415453,0.23579709983620592,all_measures,69.6101396016493,3594.231362138326,-0.006675262531664858
Income,2035,Top 10%,290945,0.48854878943415453,0.23579709983620592,benefit_offset,-1.903901093104511,-98.30552069577433,1.825745459429475e-4
Income,2035,Top 10%,290945,0.48854878943415453,0.23579709983620592,all_excises_net,39.46024755448477,2037.4798862594287,-0.0037840394157811898
Income,2035,Top 10%,290945,0.48854878943415453,0.23579709983620592,all_measures_net,67.70623850854479,3495.9258414425517,-0.006492687985721911
Income,2035,Top 5%,420320,0.37253763634375164,0.15015193167591184,carbon,19.30206822971495,1993.3973410208023,-0.00244492097736
Income,2035,Top 5%,420320,0.37253763634375164,0.15015193167591184,gambling,3.248822758626502,335.5181720124702,-4.115162592816004e-4
Income,2035,Top 5%,420320,0.37253763634375164,0.15015193167591184,guns,0.26513790462857,27.381790790521087,-3.3584029297011705e-5
Income,2035,Top 5%,420320,0.37253763634375164,0.15015193167591184,alcohol,3.227726760300394,333.33950874856646,-4.088441078710873e-4
Income,2035,Top 5%,420320,0.37253763634375164,0.15015193167591184,tobacco,0.032475745271297526,3.353892624408644,-4.113581504543657e-6
Income,2035,Top 5%,420320,0.37253763634375164,0.15015193167591184,carried_interest,12.557464193013768,1296.8566598361488,-0.0015906071444033965
Income,2035,Top 5%,420320,0.37253763634375164,0.15015193167591184,qsbs,9.803100537456938,1012.4031431534755,-0.0012417221751552948
Income,2035,Top 5%,420320,0.37253763634375164,0.15015193167591184,oz,4.775869492607226,493.2220441004112,-6.049415725115539e-4
Income,2035,Top 5%,420320,0.37253763634375164,0.15015193167591184,cola_ss,-0.9534186807070748,-98.4631408604813,1.2076598760950744e-4
Income,2035,Top 5%,420320,0.37253763634375164,0.15015193167591184,cola_snap,-0.005198678375972549,-0.5368871111714572,6.584971965022842e-7
Income,2035,Top 5%,420320,0.37253763634375164,0.15015193167591184,cola_ssi,-0.003189986758490323,-0.3294419565089313,4.0406372262879505e-7
Income,2035,Top 5%,420320,0.37253763634375164,0.15015193167591184,all_excises,26.076231398541715,2692.990705196769,-0.003302978955314243
Income,2035,Top 5%,420320,0.37253763634375164,0.15015193167591184,all_income_tax,27.136434223077934,2802.4818470900354,-0.003437270892070245
Income,2035,Top 5%,420320,0.37253763634375164,0.15015193167591184,all_measures,53.21266562161965,5495.472552286804,-0.006740249847384488
Income,2035,Top 5%,420320,0.37253763634375164,0.15015193167591184,benefit_offset,-0.9618073458415377,-99.32946992816169,1.2182854852863851e-4
Income,2035,Top 5%,420320,0.37253763634375164,0.15015193167591184,all_excises_net,25.114424052700176,2593.661235268607,-0.0031811504067856045
Income,2035,Top 5%,420320,0.37253763634375164,0.15015193167591184,all_measures_net,52.25085827577811,5396.1430823586425,-0.00661842129885585
Income,2035,Top 1%,1061330,0.20996050313547945,0.05445442770197886,carbon,7.094538440322311,3663.5838423466457,-0.0016204954058009623
Income,2035,Top 1%,1061330,0.20996050313547945,0.05445442770197886,gambling,1.1760149321681466,607.2881752761174,-2.6861885530149205e-4
Income,2035,Top 1%,1061330,0.20996050313547945,0.05445442770197886,guns,0.09597511409295652,49.561064502789165,-2.192210709225412e-5
Income,2035,Top 1%,1061330,0.20996050313547945,0.05445442770197886,alcohol,0.8635418666965788,445.9286614106667,-1.9724547826046012e-4
Income,2035,Top 1%,1061330,0.20996050313547945,0.05445442770197886,tobacco,0.011187615030055022,5.777227934315343,-2.55541342267367e-6
Income,2035,Top 1%,1061330,0.20996050313547945,0.05445442770197886,carried_interest,11.447984992236076,5911.68166862136,-0.0026148856957569915
Income,2035,Top 1%,1061330,0.20996050313547945,0.05445442770197886,qsbs,8.213190436595983,4241.2500870545755,-0.0018760117351436228
Income,2035,Top 1%,1061330,0.20996050313547945,0.05445442770197886,oz,4.001297905008299,2066.250042411203,-9.1395443506997e-4
Income,2035,Top 1%,1061330,0.20996050313547945,0.05445442770197886,cola_ss,-0.18926866289524721,-97.73738222413239,4.323170580634773e-5
Income,2035,Top 1%,1061330,0.20996050313547945,0.05445442770197886,cola_snap,-0.0014853366788493004,-0.7670203640238372,3.3927242545655997e-7
Income,2035,Top 1%,1061330,0.20996050313547945,0.05445442770197886,cola_ssi,-6.379973516980646e-4,-0.329458612255372,1.457278420628199e-7
Income,2035,Top 1%,1061330,0.20996050313547945,0.05445442770197886,all_excises,9.241257968310048,4772.138971470535,-0.0021108372598778423
Income,2035,Top 1%,1061330,0.20996050313547945,0.05445442770197886,all_income_tax,23.66247333384036,12219.181798087138,-0.005404851865970584
Income,2035,Top 1%,1061330,0.20996050313547945,0.05445442770197886,all_measures,32.903731302150405,16991.32076955767,-0.007515689125848426
Income,2035,Top 1%,1061330,0.20996050313547945,0.05445442770197886,benefit_offset,-0.1913919969257946,-98.8338612004116,4.3716706073867105e-5
Income,2035,Top 1%,1061330,0.20996050313547945,0.05445442770197886,all_excises_net,9.049865971384254,4673.305110270123,-0.0020671205538039753
Income,2035,Top 1%,1061330,0.20996050313547945,0.05445442770197886,all_measures_net,32.71233930522461,16892.48690835726,-0.007471972419774559
Income,2035,Top 0.1%,4873335,0.09966033570626162,0.011461839032145245,carbon,1.520271273897244,7850.446034612878,-7.406970330158838e-4
Income,2035,Top 0.1%,4873335,0.09966033570626162,0.011461839032145245,gambling,0.23979227730874647,1238.2502812826797,-1.1683008907179781e-4
Income,2035,Top 0.1%,4873335,0.09966033570626162,0.011461839032145245,guns,0.019569556936566392,101.05416927201803,-9.534556765774862e-6
Income,2035,Top 0.1%,4873335,0.09966033570626162,0.011461839032145245,alcohol,0.13960476718880957,720.8974541635131,-6.80173588931561e-5
Income,2035,Top 0.1%,4873335,0.09966033570626162,0.011461839032145245,tobacco,0.0022688358712447984,11.715917990702666,-1.1054079801974982e-6
Income,2035,Top 0.1%,4873335,0.09966033570626162,0.011461839032145245,carried_interest,8.95186104027713,46226.027691686235,-0.004361469578719357
Income,2035,Top 0.1%,4873335,0.09966033570626162,0.011461839032145245,qsbs,6.038891348996843,31183.902148370536,-0.00294223075954113
Income,2035,Top 0.1%,4873335,0.09966033570626162,0.011461839032145245,oz,2.942023990536924,15192.157456898469,-0.001433394472596961
Income,2035,Top 0.1%,4873335,0.09966033570626162,0.011461839032145245,cola_ss,-0.021396522512309224,-110.48833730881667,1.0424679472563792e-5
Income,2035,Top 0.1%,4873335,0.09966033570626162,0.011461839032145245,cola_snap,-1.485366590354695e-4,-0.7670203640238372,7.236909920663318e-8
Income,2035,Top 0.1%,4873335,0.09966033570626162,0.011461839032145245,cola_ssi,-6.380101996008322e-5,-0.32945861225537193,3.108473270476001e-8
Income,2035,Top 0.1%,4873335,0.09966033570626162,0.011461839032145245,all_excises,1.9215067112026112,9922.363857321792,-9.3618444572681e-4
Income,2035,Top 0.1%,4873335,0.09966033570626162,0.011461839032145245,all_income_tax,17.932776379810896,92602.08729695524,-0.008737094810857448
Income,2035,Top 0.1%,4873335,0.09966033570626162,0.011461839032145245,all_measures,19.85428309101351,102524.45115427703,-0.009673279256584259
Income,2035,Top 0.1%,4873335,0.09966033570626162,0.011461839032145245,benefit_offset,-0.021608860191304778,-111.58481628509588,1.0528133304475185e-5
Income,2035,Top 0.1%,4873335,0.09966033570626162,0.011461839032145245,all_excises_net,1.8998978510113065,9810.779041036696,-9.256563124223348e-4
Income,2035,Top 0.1%,4873335,0.09966033570626162,0.011461839032145245,all_measures_net,19.832674230822203,102412.86633799193,-0.009662751123279783
Income,2035,Negative income,-1920635780,-0.024429000681719198,0.009219841236693394,carbon,1.176661644824585,602.0173520128361,0.0016182414129562942
Income,2035,Negative income,-1920635780,-0.024429000681719198,0.009219841236693394,gambling,0.05451015859372072,27.88912299362291,7.496683218252143e-5
Income,2035,Negative income,-1920635780,-0.024429000681719198,0.009219841236693394,guns,0.0035174766938173055,1.79965244409275,4.837521882420434e-6
Income,2035,Negative income,-1920635780,-0.024429000681719198,0.009219841236693394,alcohol,0.15882321101501706,81.25898328885405,2.18426680714584e-4
Income,2035,Negative income,-1920635780,-0.024429000681719198,0.009219841236693394,tobacco,0.006577151879899649,3.365079142282843,9.04543765675617e-6
Income,2035,Negative income,-1920635780,-0.024429000681719198,0.009219841236693394,carried_interest,0.0973705191321957,49.81784045558691,1.3391190845203627e-4
Income,2035,Negative income,-1920635780,-0.024429000681719198,0.009219841236693394,qsbs,0.17842491464657664,91.2878354802341,2.453845481020387e-4
Income,2035,Negative income,-1920635780,-0.024429000681719198,0.009219841236693394,oz,0.08692495841756298,44.47356087498584,1.1954631830612142e-4
Income,2035,Negative income,-1920635780,-0.024429000681719198,0.009219841236693394,cola_ss,-0.3057066337934885,-156.4091928878588,-4.204327872808648e-4
Income,2035,Negative income,-1920635780,-0.024429000681719198,0.009219841236693394,cola_snap,-0.019980651487678195,-10.222733912514487,-2.747902749904615e-5
Income,2035,Negative income,-1920635780,-0.024429000681719198,0.009219841236693394,cola_ssi,-0.018605197081213058,-9.519007889628805,-2.5587390007533515e-5
Income,2035,Negative income,-1920635780,-0.024429000681719198,0.009219841236693394,all_excises,1.4000896430070398,716.3301898816886,0.0019255178853925764
Income,2035,Negative income,-1920635780,-0.024429000681719198,0.009219841236693394,all_income_tax,0.36272039219633534,185.57923681080683,4.988427748601964e-4
Income,2035,Negative income,-1920635780,-0.024429000681719198,0.009219841236693394,all_measures,1.762810035203375,901.9094266924956,0.0024243606602527726
Income,2035,Negative income,-1920635780,-0.024429000681719198,0.009219841236693394,benefit_offset,-0.34429248236237975,-176.1509346900021,-4.7349920478744444e-4
Income,2035,Negative income,-1920635780,-0.024429000681719198,0.009219841236693394,all_excises_net,1.05579716064466,540.1792551916866,0.001452018680605132
Income,2035,Negative income,-1920635780,-0.024429000681719198,0.009219841236693394,all_measures_net,1.4185175528409952,725.7584920024934,0.0019508614554653283
Income,2035,Overall,-1920635780,1,1,carbon,127.3,650.8044454018441,-0.005670447061190481
Income,2035,Overall,-1920635780,1,1,gambling,14.01,71.62427557014796,-6.240609845033671e-4
Income,2035,Overall,-1920635780,1,1,guns,1.19,6.083717910669241,-5.3007321310421624e-5
Income,2035,Overall,-1920635780,1,1,alcohol,24.8,126.78672620554386,-0.0011046903936961817
Income,2035,Overall,-1920635780,1,1,tobacco,0.41,2.096070876785201,-1.82630266699772e-5
Income,2035,Overall,-1920635780,1,1,carried_interest,13.3,67.99449429571506,-5.924347675870652e-4
Income,2035,Overall,-1920635780,1,1,qsbs,11.7,59.81470550826061,-5.211644196066663e-4
Income,2035,Overall,-1920635780,1,1,oz,5.7,29.140497555306453,-2.539006146801708e-4
Income,2035,Overall,-1920635780,1,1,cola_ss,-17.217732339838538,-88.02338371175189,7.66946109558537e-4
Income,2035,Overall,-1920635780,1,1,cola_snap,-0.732270982672705,-3.743638733402774,3.261825484439517e-5
Income,2035,Overall,-1920635780,1,1,cola_ssi,-0.6245994073124053,-3.193182017865439,2.7822135692191237e-5
Income,2035,Overall,-1920635780,1,1,all_excises,167.71,857.3952359649903,-0.0074704687873704285
Income,2035,Overall,-1920635780,1,1,all_income_tax,30.7,156.9496973592821,-0.0013674998018739022
Income,2035,Overall,-1920635780,1,1,all_measures,198.41,1014.3449333242725,-0.00883796858924433
Income,2035,Overall,-1920635780,1,1,benefit_offset,-18.57460272982365,-94.9602044630201,8.273865000951233e-4
Income,2035,Overall,-1920635780,1,1,all_excises_net,149.13539727017636,762.4350315019702,-0.006643082287275305
Income,2035,Overall,-1920635780,1,1,all_measures_net,179.83539727017634,919.3847288612524,-0.008010582089149208
Income,2036,Quintile 1,0,0.021667709470060324,0.10195838183721133,carbon,13.570873708455114,349.12983713873257,-0.0221730828281274
Income,2036,Quintile 1,0,0.021667709470060324,0.10195838183721133,gambling,0.5792888297415151,14.903020920306359,-9.46484322174848e-4
Income,2036,Quintile 1,0,0.021667709470060324,0.10195838183721133,guns,0.03742644497084974,0.9628480021307334,-6.115005430961846e-5
Income,2036,Quintile 1,0,0.021667709470060324,0.10195838183721133,alcohol,2.3092441957188252,59.4085588949642,-0.003773011518790033
Income,2036,Quintile 1,0,0.021667709470060324,0.10195838183721133,tobacco,0.07898501655754897,2.0320007804623783,-1.2905147833041896e-4
Income,2036,Quintile 1,0,0.021667709470060324,0.10195838183721133,carried_interest,0.004756199086191856,0.1223599193415958,-7.771024810251602e-6
Income,2036,Quintile 1,0,0.021667709470060324,0.10195838183721133,qsbs,0.020628297239281352,0.5306919959849455,-3.3704015903179904e-5
Income,2036,Quintile 1,0,0.021667709470060324,0.10195838183721133,oz,0.009975979812439343,0.25664612920583435,-1.6299483100718152e-5
Income,2036,Quintile 1,0,0.021667709470060324,0.10195838183721133,cola_ss,-1.6542754368962274,-42.5585652238697,0.0027028758111560325
Income,2036,Quintile 1,0,0.021667709470060324,0.10195838183721133,cola_snap,-0.4017259859159959,-10.334966712560671,6.563692029922024e-4
Income,2036,Quintile 1,0,0.021667709470060324,0.10195838183721133,cola_ssi,-0.3815032576364727,-9.814708549202189,6.23327835222844e-4
Income,2036,Quintile 1,0,0.021667709470060324,0.10195838183721133,all_excises,16.57581819544385,426.4362657365962,-0.02708278020173232
Income,2036,Quintile 1,0,0.021667709470060324,0.10195838183721133,all_income_tax,0.03536047613791255,0.9096980445323757,-5.7774523814149655e-5
Income,2036,Quintile 1,0,0.021667709470060324,0.10195838183721133,all_measures,16.611178671581765,427.3459637811286,-0.027140554725546467
Income,2036,Quintile 1,0,0.021667709470060324,0.10195838183721133,benefit_offset,-2.437504680448696,-62.70824048563256,0.003982572849371079
Income,2036,Quintile 1,0,0.021667709470060324,0.10195838183721133,all_excises_net,14.138313514995158,363.7280252509637,-0.02310020735236124
Income,2036,Quintile 1,0,0.021667709470060324,0.10195838183721133,all_measures_net,14.17367399113307,364.6377232954961,-0.02315798187617539
Income,2036,Quintile 2,31445,0.05959546313505887,0.1328305236009262,carbon,17.60858446121424,453.00144768395387,-0.010812555422961704
Income,2036,Quintile 2,31445,0.05959546313505887,0.1328305236009262,gambling,0.877567153826726,22.576442302846004,-5.388703168629329e-4
Income,2036,Quintile 2,31445,0.05959546313505887,0.1328305236009262,guns,0.14602619027813174,3.7566946815896793,-8.966741642771286e-5
Income,2036,Quintile 2,31445,0.05959546313505887,0.1328305236009262,alcohol,2.6837362181157958,69.04225576372544,-0.0016479488548840273
Income,2036,Quintile 2,31445,0.05959546313505887,0.1328305236009262,tobacco,0.07512538053557088,1.932688355238454,-4.6130757557551846e-5
Income,2036,Quintile 2,31445,0.05959546313505887,0.1328305236009262,carried_interest,0.008385925546279288,0.21573775115211122,-5.1493795507354846e-6
Income,2036,Quintile 2,31445,0.05959546313505887,0.1328305236009262,qsbs,0.05583131526570705,1.4363259407463176,-3.428323224828246e-5
Income,2036,Quintile 2,31445,0.05959546313505887,0.1328305236009262,oz,0.027000390169481282,0.6946166434756782,-1.6579595923349714e-5
Income,2036,Quintile 2,31445,0.05959546313505887,0.1328305236009262,cola_ss,-3.871818290952416,-99.607057843519,0.002377490930674902
Income,2036,Quintile 2,31445,0.05959546313505887,0.1328305236009262,cola_snap,-0.1959460202321354,-5.040940742771424,1.203206997323078e-4
Income,2036,Quintile 2,31445,0.05959546313505887,0.1328305236009262,cola_ssi,-0.1195114004191279,-3.0745706745395234,7.338600348903235e-5
Income,2036,Quintile 2,31445,0.05959546313505887,0.1328305236009262,all_excises,21.391039403970463,550.3095287873534,-0.013135172768693928
Income,2036,Quintile 2,31445,0.05959546313505887,0.1328305236009262,all_income_tax,0.09121763098146762,2.346680335374107,-5.601220772236766e-5
Income,2036,Quintile 2,31445,0.05959546313505887,0.1328305236009262,all_measures,21.48225703495193,552.6562091227275,-0.013191184976416297
Income,2036,Quintile 2,31445,0.05959546313505887,0.1328305236009262,benefit_offset,-4.18727571160368,-107.72256926082994,0.0025711976338962422
Income,2036,Quintile 2,31445,0.05959546313505887,0.1328305236009262,all_excises_net,17.203763692366785,442.5869595265235,-0.010563975134797687
Income,2036,Quintile 2,31445,0.05959546313505887,0.1328305236009262,all_measures_net,17.294981323348253,444.9336398618976,-0.010619987342520053
Income,2036,Quintile 3,62235,0.10737196093898832,0.15917297660047428,carbon,21.03677770007086,541.2137262945557,-0.007806547982859131
Income,2036,Quintile 3,62235,0.10737196093898832,0.15917297660047428,gambling,1.797023161431622,46.2320615496524,-6.668581916886403e-4
Income,2036,Quintile 3,62235,0.10737196093898832,0.15917297660047428,guns,0.16167141397421408,4.159324666533856,-5.999472298659757e-5
Income,2036,Quintile 3,62235,0.10737196093898832,0.15917297660047428,alcohol,4.012694227241801,103.23468860912442,-0.0014890726361290326
Income,2036,Quintile 3,62235,0.10737196093898832,0.15917297660047428,tobacco,0.09308696234789715,2.3948506981455018,-3.4543685753974226e-5
Income,2036,Quintile 3,62235,0.10737196093898832,0.15917297660047428,carried_interest,0.059428949497133794,1.5289301273077767,-2.2053517531761733e-5
Income,2036,Quintile 3,62235,0.10737196093898832,0.15917297660047428,qsbs,0.15482069974120977,3.9830761635223464,-5.745248813773933e-5
Income,2036,Quintile 3,62235,0.10737196093898832,0.15917297660047428,oz,0.07487230561255227,1.9262417512116266,-2.778440000103787e-5
Income,2036,Quintile 3,62235,0.10737196093898832,0.15917297660047428,cola_ss,-3.327782738682249,-85.6139529532061,0.001234908501503338
Income,2036,Quintile 3,62235,0.10737196093898832,0.15917297660047428,cola_snap,-0.07611749247479105,-1.958276705958665,2.8246476994305718e-5
Income,2036,Quintile 3,62235,0.10737196093898832,0.15917297660047428,cola_ssi,-0.06866953394248233,-1.7666628833462528,2.5482610470364785e-5
Income,2036,Quintile 3,62235,0.10737196093898832,0.15917297660047428,all_excises,27.101253465066396,697.2346518180119,-0.010057017219417376
Income,2036,Quintile 3,62235,0.10737196093898832,0.15917297660047428,all_income_tax,0.2891219548508958,7.438248042041749,-1.0729040567053893e-4
Income,2036,Quintile 3,62235,0.10737196093898832,0.15917297660047428,all_measures,27.39037541991729,704.6728998600537,-0.010164307625087915
Income,2036,Quintile 3,62235,0.10737196093898832,0.15917297660047428,benefit_offset,-3.4725697650995224,-89.33889254251102,0.0012886375889680085
Income,2036,Quintile 3,62235,0.10737196093898832,0.15917297660047428,all_excises_net,23.628683699966874,607.8957592755008,-0.008768379630449368
Income,2036,Quintile 3,62235,0.10737196093898832,0.15917297660047428,all_measures_net,23.91780565481777,615.3340073175426,-0.008875670036119906
Income,2036,Quintile 4,106140,0.18906169468019912,0.21912347752353417,carbon,28.991356361331636,745.7743699824647,-0.0063532463973053135
Income,2036,Quintile 4,106140,0.18906169468019912,0.21912347752353417,gambling,3.0278164974358144,77.8876266654945,-6.635241212685403e-4
Income,2036,Quintile 4,106140,0.18906169468019912,0.21912347752353417,guns,0.21779353471300925,5.60252628792108,-4.7727880424986766e-5
Income,2036,Quintile 4,106140,0.18906169468019912,0.21912347752353417,alcohol,6.339681711904733,163.0821295719446,-0.001389295467732683
Income,2036,Quintile 4,106140,0.18906169468019912,0.21912347752353417,tobacco,0.0861257632022626,2.215501268408958,-1.8873839083629974e-5
Income,2036,Quintile 4,106140,0.18906169468019912,0.21912347752353417,carried_interest,0.11965479777601701,3.0780029852556208,-2.6221484894191357e-5
Income,2036,Quintile 4,106140,0.18906169468019912,0.21912347752353417,qsbs,0.3965647072712754,10.201240364075591,-8.690429196786783e-5
Income,2036,Quintile 4,106140,0.18906169468019912,0.21912347752353417,oz,0.19178129286069875,4.933386733446393,-4.202748545987051e-5
Income,2036,Quintile 4,106140,0.18906169468019912,0.21912347752353417,cola_ss,-4.10860272243725,-105.68979831936153,9.003706180197599e-4
Income,2036,Quintile 4,106140,0.18906169468019912,0.21912347752353417,cola_snap,-0.03165281865288341,-0.8142378919707455,6.936486639832159e-6
Income,2036,Quintile 4,106140,0.18906169468019912,0.21912347752353417,cola_ssi,-0.03697590289210587,-0.951169042945269,8.103002112371417e-6
Income,2036,Quintile 4,106140,0.18906169468019912,0.21912347752353417,all_excises,38.66277386858746,994.5621537762338,-0.008472667705815154
Income,2036,Quintile 4,106140,0.18906169468019912,0.21912347752353417,all_income_tax,0.7080007979079912,18.212630082777604,-1.551532623219297e-4
Income,2036,Quintile 4,106140,0.18906169468019912,0.21912347752353417,all_measures,39.37077466649545,1012.7747838590114,-0.008627820968137084
Income,2036,Quintile 4,106140,0.18906169468019912,0.21912347752353417,benefit_offset,-4.177231443982239,-107.45520525427754,9.154101067719634e-4
Income,2036,Quintile 4,106140,0.18906169468019912,0.21912347752353417,all_excises_net,34.485542424605214,887.1069485219563,-0.0075572575990431904
Income,2036,Quintile 4,106140,0.18906169468019912,0.21912347752353417,all_measures_net,35.193543222513206,905.3195786047339,-0.00771241086136512
Income,2036,Quintile 5,194480,0.6467343035102817,0.37767292538899594,carbon,50.36235723999812,1295.6110443414425,-0.003468311954085234
Income,2036,Quintile 5,194480,0.6467343035102817,0.37767292538899594,gambling,8.241447542042032,212.01768626409694,-5.675649948793346e-4
Income,2036,Quintile 5,194480,0.6467343035102817,0.37767292538899594,guns,0.6734090352421553,17.323974317987755,-4.6375760288369285e-5
Income,2036,Quintile 5,194480,0.6467343035102817,0.37767292538899594,alcohol,10.487683873219721,269.80387337615446,-7.222568867222516e-4
Income,2036,Quintile 5,194480,0.6467343035102817,0.37767292538899594,tobacco,0.08976873204240161,2.309370868333633,-6.182116634494278e-6
Income,2036,Quintile 5,194480,0.6467343035102817,0.37767292538899594,carried_interest,14.399418721051713,370.43631294277014,-9.91646912874014e-4
Income,2036,Quintile 5,194480,0.6467343035102817,0.37767292538899594,qsbs,11.38538334545839,292.89789467443046,-7.840788899280232e-4
Income,2036,Quintile 5,194480,0.6467343035102817,0.37767292538899594,oz,5.506046044115123,141.64734250648686,-3.791856926701096e-4
Income,2036,Quintile 5,194480,0.6467343035102817,0.37767292538899594,cola_ss,-4.780425055174258,-122.98017482810243,3.292142439929618e-4
Income,2036,Quintile 5,194480,0.6467343035102817,0.37767292538899594,cola_snap,-0.017333686405150435,-0.4459226449358481,1.1937215623338883e-6
Income,2036,Quintile 5,194480,0.6467343035102817,0.37767292538899594,cola_ssi,-0.020468803386701456,-0.5265759822537036,1.409628130264215e-6
Income,2036,Quintile 5,194480,0.6467343035102817,0.37767292538899594,all_excises,69.85466642254443,1797.0659491680153,-0.004810691712609684
Income,2036,Quintile 5,194480,0.6467343035102817,0.37767292538899594,all_income_tax,31.290848110625227,804.9815501236875,-0.0021549114954721466
Income,2036,Quintile 5,194480,0.6467343035102817,0.37767292538899594,all_measures,101.14551453316966,2602.047499291703,-0.00696560320808183
Income,2036,Quintile 5,194480,0.6467343035102817,0.37767292538899594,benefit_offset,-4.81822754496611,-123.95267345529199,3.318175936855599e-4
Income,2036,Quintile 5,194480,0.6467343035102817,0.37767292538899594,all_excises_net,65.03643887757832,1673.1132757127232,-0.004478874118924124
Income,2036,Quintile 5,194480,0.6467343035102817,0.37767292538899594,all_measures_net,96.32728698820354,2478.0948258364106,-0.0066337856143962705
Income,2036,Top 10%,300955,0.48822768832281416,0.23568019314635813,carbon,31.469396494600435,1618.854760051345,-0.0029138438985241346
Income,2036,Top 10%,300955,0.48822768832281416,0.23568019314635813,gambling,5.23405852276579,269.2514473679389,-4.8463685961363037e-4
Income,2036,Top 10%,300955,0.48822768832281416,0.23568019314635813,guns,0.42767514835668824,22.000547414110194,-3.95996987677651e-5
Income,2036,Top 10%,300955,0.48822768832281416,0.23568019314635813,alcohol,5.965290841881174,306.86764126941506,-5.523438088658539e-4
Income,2036,Top 10%,300955,0.48822768832281416,0.23568019314635813,tobacco,0.05459339241806648,2.8084038153862307,-5.05496263407566e-6
Income,2036,Top 10%,300955,0.48822768832281416,0.23568019314635813,carried_interest,14.165623781112341,728.7107489044147,-0.0013116367334996349
Income,2036,Top 10%,300955,0.48822768832281416,0.23568019314635813,qsbs,10.806699147532703,555.9203004871052,-0.0010006240310209656
Income,2036,Top 10%,300955,0.48822768832281416,0.23568019314635813,oz,5.226190571347782,268.84670269458366,-4.839083428707948e-4
Income,2036,Top 10%,300955,0.48822768832281416,0.23568019314635813,cola_ss,-1.9651312313998262,-101.09065957534379,1.8195727551991958e-4
Income,2036,Top 10%,300955,0.48822768832281416,0.23568019314635813,cola_snap,-0.009043662472252401,-0.46522582802042395,8.373792843344114e-7
Income,2036,Top 10%,300955,0.48822768832281416,0.23568019314635813,cola_ssi,-0.009243975723026468,-0.4755303808761674,8.559268768712336e-7
Income,2036,Top 10%,300955,0.48822768832281416,0.23568019314635813,all_excises,43.151014400022156,2219.7827999181955,-0.00399547922840546
Income,2036,Top 10%,300955,0.48822768832281416,0.23568019314635813,all_income_tax,30.198513499992828,1553.4777520861035,-0.0027961691073913955
Income,2036,Top 10%,300955,0.48822768832281416,0.23568019314635813,all_measures,73.34952790001498,3773.260552004299,-0.006791648335796855
Income,2036,Top 10%,300955,0.48822768832281416,0.23568019314635813,benefit_offset,-1.983418869595105,-102.03141578424038,1.8365058168112521e-4
Income,2036,Top 10%,300955,0.48822768832281416,0.23568019314635813,all_excises_net,41.16759553042705,2117.751384133955,-0.0038118286467243344
Income,2036,Top 10%,300955,0.48822768832281416,0.23568019314635813,all_measures_net,71.36610903041988,3671.2291362200585,-0.00660799775411573
Income,2036,Top 5%,434845,0.37219083752162413,0.1500783995925224,carbon,20.127908566393923,2071.0707512741947,-0.002461844262778171
Income,2036,Top 5%,434845,0.37219083752162413,0.1500783995925224,gambling,3.3788771649139027,347.6711773266559,-4.1327042676276166e-4
Income,2036,Top 5%,434845,0.37219083752162413,0.1500783995925224,guns,0.27608819933866113,28.408226942015702,-3.3768344451716186e-5
Income,2036,Top 5%,434845,0.37219083752162413,0.1500783995925224,alcohol,3.3836740345165275,348.164753512125,-4.138571318280973e-4
Income,2036,Top 5%,434845,0.37219083752162413,0.1500783995925224,tobacco,0.03403829505403076,3.5023866030147643,-4.1632234723793325e-6
Income,2036,Top 5%,434845,0.37219083752162413,0.1500783995925224,carried_interest,13.87088278441164,1427.2510993572387,-0.0016965475121188994
Income,2036,Top 5%,434845,0.37219083752162413,0.1500783995925224,qsbs,10.208234879727119,1050.3811964268893,-0.001248569089473495
Income,2036,Top 5%,434845,0.37219083752162413,0.1500783995925224,oz,4.936769327081148,507.971234337594,-6.038161990076738e-4
Income,2036,Top 5%,434845,0.37219083752162413,0.1500783995925224,cola_ss,-0.994702700471474,-102.35040875531011,1.2166207573171495e-4
Income,2036,Top 5%,434845,0.37219083752162413,0.1500783995925224,cola_snap,-0.0052754697754805666,-0.5428219785075415,6.452426469141732e-7
Income,2036,Top 5%,434845,0.37219083752162413,0.1500783995925224,cola_ssi,-0.0033014199010808817,-0.339701175223897,4.037966297237491e-7
Income,2036,Top 5%,434845,0.37219083752162413,0.1500783995925224,all_excises,27.200586260217044,2798.817295658006,-0.0033269033892931255
Income,2036,Top 5%,434845,0.37219083752162413,0.1500783995925224,all_income_tax,29.015886991219908,2985.603530121722,-0.0035489328006000683
Income,2036,Top 5%,434845,0.37219083752162413,0.1500783995925224,all_measures,56.21647325143695,5784.420825779728,-0.006875836189893194
Income,2036,Top 5%,434845,0.37219083752162413,0.1500783995925224,benefit_offset,-1.0032795901480354,-103.23293190904155,1.2271111500835287e-4
Income,2036,Top 5%,434845,0.37219083752162413,0.1500783995925224,all_excises_net,26.19730667006901,2695.5843637489643,-0.0032041922742847726
Income,2036,Top 5%,434845,0.37219083752162413,0.1500783995925224,all_measures_net,55.21319366128892,5681.187893870687,-0.006753125074884841
Income,2036,Top 1%,1097130,0.20966297885698523,0.05439083998192731,carbon,7.392792013705129,3802.8105672961324,-0.001630567267891058
Income,2036,Top 1%,1097130,0.20966297885698523,0.05439083998192731,gambling,1.223715546860414,629.4723839570149,-2.699048630369847e-4
Income,2036,Top 1%,1097130,0.20966297885698523,0.05439083998192731,guns,0.09998985028034472,51.434215728447455,-2.2053938036699203e-5
Income,2036,Top 1%,1097130,0.20966297885698523,0.05439083998192731,alcohol,0.9056021458048268,465.83664242796186,-1.997412092675916e-4
Income,2036,Top 1%,1097130,0.20966297885698523,0.05439083998192731,tobacco,0.011715574036536334,6.0264252890501515,-2.584007708199596e-6
Income,2036,Top 1%,1097130,0.20966297885698523,0.05439083998192731,carried_interest,12.685776935853163,6525.492195180285,-0.0027979973737963376
Income,2036,Top 1%,1097130,0.20966297885698523,0.05439083998192731,qsbs,8.54800141657097,4397.043776686311,-0.0018853622947741378
Income,2036,Top 1%,1097130,0.20966297885698523,0.05439083998192731,oz,4.133869537522027,2126.4392034794455,-9.117735687842141e-4
Income,2036,Top 1%,1097130,0.20966297885698523,0.05439083998192731,cola_ss,-0.19682544050732473,-101.24589785379904,4.34121669031826e-5
Income,2036,Top 1%,1097130,0.20966297885698523,0.05439083998192731,cola_snap,-0.001507277078708734,-0.7753348386009987,3.324476954888866e-7
Income,2036,Top 1%,1097130,0.20966297885698523,0.05439083998192731,cola_ssi,-6.602839802161764e-4,-0.3396463599581226,1.456334012450776e-7
Income,2036,Top 1%,1097130,0.20966297885698523,0.05439083998192731,all_excises,9.63381513068725,4955.5802346986065,-0.002124851285940533
Income,2036,Top 1%,1097130,0.20966297885698523,0.05439083998192731,all_income_tax,25.36764788994616,13048.97517534604,-0.005595133237354689
Income,2036,Top 1%,1097130,0.20966297885698523,0.05439083998192731,all_measures,35.00146302063341,18004.55541004465,-0.007719984523295222
Income,2036,Top 1%,1097130,0.20966297885698523,0.05439083998192731,benefit_offset,-0.19899300156624963,-102.36087905235816,4.389024799991657e-5
Income,2036,Top 1%,1097130,0.20966297885698523,0.05439083998192731,all_excises_net,9.434822129121,4853.219355646249,-0.0020809610379406165
Income,2036,Top 1%,1097130,0.20966297885698523,0.05439083998192731,all_measures_net,34.80247001906716,17902.19453099229,-0.007676094275295306
Income,2036,Top 0.1%,5035525,0.09944480508221284,0.011459963278339208,carbon,1.5859492924720306,8158.968208420619,-7.462320637469402e-4
Income,2036,Top 0.1%,5035525,0.09944480508221284,0.011459963278339208,gambling,0.24948141097304322,1283.4653102610948,-1.173877557502021e-4
Income,2036,Top 0.1%,5035525,0.09944480508221284,0.011459963278339208,guns,0.020385136884895044,104.87200603300147,-9.591758601353503e-6
Income,2036,Top 0.1%,5035525,0.09944480508221284,0.011459963278339208,alcohol,0.14645311764847713,753.4328724063431,-6.89101554152772e-5
Income,2036,Top 0.1%,5035525,0.09944480508221284,0.011459963278339208,tobacco,0.002377584109536517,12.231559517465845,-1.1187176697344856e-6
Income,2036,Top 0.1%,5035525,0.09944480508221284,0.011459963278339208,carried_interest,9.911481159068964,50989.940257897484,-0.0046636201265882445
Income,2036,Top 0.1%,5035525,0.09944480508221284,0.011459963278339208,qsbs,6.2846667525356805,32331.6744601158,-0.0029571057933361956
Income,2036,Top 0.1%,5035525,0.09944480508221284,0.011459963278339208,oz,3.03930605245578,15635.809779892066,-0.0014300757525150453
Income,2036,Top 0.1%,5035525,0.09944480508221284,0.011459963278339208,cola_ss,-0.02233082061954257,-114.88163989076885,1.0507255455885177e-5
Income,2036,Top 0.1%,5035525,0.09944480508221284,0.011459963278339208,cola_snap,-1.5071044613693856e-4,-0.7753348386009986,7.091334368811361e-8
Income,2036,Top 0.1%,5035525,0.09944480508221284,0.011459963278339208,cola_ssi,-6.602083627563946e-5,-0.3396463599581226,3.106459023508669e-8
Income,2036,Top 0.1%,5035525,0.09944480508221284,0.011459963278339208,all_excises,2.0046465420879827,10312.969956638524,-9.432404511835075e-4
Income,2036,Top 0.1%,5035525,0.09944480508221284,0.011459963278339208,all_income_tax,19.235453964060426,98957.42449790535,-0.009050801672439485
Income,2036,Top 0.1%,5035525,0.09944480508221284,0.011459963278339208,all_measures,21.24010050614841,109270.39445454387,-0.009994042123622994
Income,2036,Top 0.1%,5035525,0.09944480508221284,0.011459963278339208,benefit_offset,-0.02254755190195515,-115.99662108932797,1.0609233389808378e-5
Income,2036,Top 0.1%,5035525,0.09944480508221284,0.011459963278339208,all_excises_net,1.9820989901860273,10196.973335549195,-9.326312177936992e-4
Income,2036,Top 0.1%,5035525,0.09944480508221284,0.011459963278339208,all_measures_net,21.217552954246454,109154.39783345454,-0.009983432890233184
Income,2036,Negative income,-1979142510,-0.02443113173458848,0.009241715048858058,carbon,1.230050528930047,625.8755439317293,0.001628960028499763
Income,2036,Negative income,-1979142510,-0.02443113173458848,0.009241715048858058,gambling,0.0568568155222908,28.92994190425122,7.529567091374645e-5
Income,2036,Negative income,-1979142510,-0.02443113173458848,0.009241715048858058,guns,0.00367338082164002,1.869093314249596,4.86467050513297e-6
Income,2036,Negative income,-1979142510,-0.02443113173458848,0.009241715048858058,alcohol,0.16695977379912558,84.95263957338528,2.2110538672156008e-4
Income,2036,Negative income,-1979142510,-0.02443113173458848,0.009241715048858058,tobacco,0.00690814531431874,3.5150094280432236,9.148479939179086e-6
Income,2036,Negative income,-1979142510,-0.02443113173458848,0.009241715048858058,carried_interest,0.10835540704266212,55.133506897281976,1.4349542786494442e-4
Income,2036,Negative income,-1979142510,-0.02443113173458848,0.009241715048858058,qsbs,0.18677163502413782,95.0333306741731,2.473423007886607e-4
Income,2036,Negative income,-1979142510,-0.02443113173458848,0.009241715048858058,oz,0.09032398742970599,45.95874188341158,1.1961635857812278e-4
Income,2036,Negative income,-1979142510,-0.02443113173458848,0.009241715048858058,cola_ss,-0.3210800152052252,-163.3722553958648,-4.2520733776226237e-4
Income,2036,Negative income,-1979142510,-0.02443113173458848,0.009241715048858058,cola_snap,-0.0203115961224495,-10.334966712560671,-2.6898714662788176e-5
Income,2036,Negative income,-1979142510,-0.02443113173458848,0.009241715048858058,cola_ssi,-0.0192891183547464,-9.814708549202189,-2.5544643936062175e-5
Income,2036,Negative income,-1979142510,-0.02443113173458848,0.009241715048858058,all_excises,1.464448644387422,745.1422281516586,0.0019393742365793815
Income,2036,Negative income,-1979142510,-0.02443113173458848,0.009241715048858058,all_income_tax,0.38545102949650595,196.12557945486665,5.10454087231728e-4
Income,2036,Negative income,-1979142510,-0.02443113173458848,0.009241715048858058,all_measures,1.849899673883928,941.2678076065254,0.0024498283238111093
Income,2036,Negative income,-1979142510,-0.02443113173458848,0.009241715048858058,benefit_offset,-0.3606807296824211,-183.52193065762768,-4.7765069636111274e-4
Income,2036,Negative income,-1979142510,-0.02443113173458848,0.009241715048858058,all_excises_net,1.103767914705001,561.620297494031,0.0014617235402182688
Income,2036,Negative income,-1979142510,-0.02443113173458848,0.009241715048858058,all_measures_net,1.489218944201507,757.7458769488976,0.0019721776274499968
Income,2036,Overall,-1979142510,1,1,carbon,132.8,676.4393098535409,-0.005708349662252208
Income,2036,Overall,-1979142510,1,1,gambling,14.58,74.26570133783603,-6.267148951478703e-4
Income,2036,Overall,-1979142510,1,1,guns,1.24,6.316150182367399,-5.3300855280065786e-5
Income,2036,Overall,-1979142510,1,1,alcohol,26,132.43540704963902,-0.0011175985784529923
Income,2036,Overall,-1979142510,1,1,tobacco,0.43,2.190277885820953,-1.8483361105184104e-5
Income,2036,Overall,-1979142510,1,1,carried_interest,14.7,74.87694167806514,-6.318730424330379e-4
Income,2036,Overall,-1979142510,1,1,qsbs,12.2,62.142767923292155,-5.244116406587118e-4
Income,2036,Overall,-1979142510,1,1,oz,5.9,30.052650061264238,-2.5360890818740977e-4
Income,2036,Overall,-1979142510,1,1,cola_ss,-18.063984259347627,-92.01196570480671,7.764724280555436e-4
Income,2036,Overall,-1979142510,1,1,cola_snap,-0.7430875998034057,-3.785042644365511,3.194129404639739e-5
Income,2036,Overall,-1979142510,1,1,cola_ssi,-0.6464180166316367,-3.292639736801197,2.7785994479766148e-5
Income,2036,Overall,-1979142510,1,1,all_excises,175.05,891.6468463092043,-0.00752444735223832
Income,2036,Overall,-1979142510,1,1,all_income_tax,32.8,167.07235966262152,-0.0014098935912791595
Income,2036,Overall,-1979142510,1,1,all_measures,207.85000000000002,1058.7192059718259,-0.00893434094351748
Income,2036,Overall,-1979142510,1,1,benefit_offset,-19.45348987578267,-99.08964808597342,8.361997165817072e-4
Income,2036,Overall,-1979142510,1,1,all_excises_net,155.59651012421733,792.5571982232309,-0.006688247635656613
Income,2036,Overall,-1979142510,1,1,all_measures_net,188.39651012421734,959.6295578858524,-0.008098141226935772
Income,2037,Quintile 1,0,0.021648995650970063,0.1019781685986973,carbon,14.110822865068357,361.7856100844425,-0.022269334768658052
Income,2037,Quintile 1,0,0.021648995650970063,0.1019781685986973,gambling,0.6023937288757938,15.444696939104801,-9.506821635529262e-4
Income,2037,Quintile 1,0,0.021648995650970063,0.1019781685986973,guns,0.038938044287708536,0.9983276129839953,-6.145101187730161e-5
Income,2037,Quintile 1,0,0.021648995650970063,0.1019781685986973,alcohol,2.416606875118744,61.95907928328017,-0.0038138263105465765
Income,2037,Quintile 1,0,0.021648995650970063,0.1019781685986973,tobacco,0.08084726549984737,2.072832856893742,-1.2759105813762604e-4
Income,2037,Quintile 1,0,0.021648995650970063,0.1019781685986973,carried_interest,0.005346200070912212,0.13707055022826228,-8.437234331251786e-6
Income,2037,Quintile 1,0,0.021648995650970063,0.1019781685986973,qsbs,0.021555281879627033,0.5526531570790303,-3.401798695939323e-5
Income,2037,Quintile 1,0,0.021648995650970063,0.1019781685986973,oz,0.010353324367379915,0.26544757938441615,-1.6339348067110135e-5
Income,2037,Quintile 1,0,0.021648995650970063,0.1019781685986973,cola_ss,-1.7336731461288932,-44.44942742580576,0.00273603800712085
Income,2037,Quintile 1,0,0.021648995650970063,0.1019781685986973,cola_snap,-0.4068651931914964,-10.431565440829237,6.421040983602675e-4
Income,2037,Quintile 1,0,0.021648995650970063,0.1019781685986973,cola_ssi,-0.39390178304530277,-10.099198200919675,6.216455805934792e-4
Income,2037,Quintile 1,0,0.021648995650970063,0.1019781685986973,all_excises,17.24960877885045,442.2605467767052,-0.027222885312772484
Income,2037,Quintile 1,0,0.021648995650970063,0.1019781685986973,all_income_tax,0.03725480631791916,0.9551712866917087,-5.879456935775515e-5
Income,2037,Quintile 1,0,0.021648995650970063,0.1019781685986973,all_measures,17.28686358516837,443.21571806339693,-0.027281679882130237
Income,2037,Quintile 1,0,0.021648995650970063,0.1019781685986973,benefit_offset,-2.5344401223656923,-64.98019106755467,0.003999787686074597
Income,2037,Quintile 1,0,0.021648995650970063,0.1019781685986973,all_excises_net,14.715168656484758,377.28035570915057,-0.023223097626697886
Income,2037,Quintile 1,0,0.021648995650970063,0.1019781685986973,all_measures_net,14.752423462802678,378.23552699584224,-0.023281892196055642
Income,2037,Quintile 2,32585,0.059599446964846696,0.1328762385175067,carbon,18.312216278250496,469.4725054060109,-0.01085116739113658
Income,2037,Quintile 2,32585,0.059599446964846696,0.1328762385175067,gambling,0.9129897151395703,23.406427843776203,-5.410051997437456e-4
Income,2037,Quintile 2,32585,0.059599446964846696,0.1328762385175067,guns,0.15199403713663634,3.896689528839936,-9.006625491766211e-5
Income,2037,Quintile 2,32585,0.059599446964846696,0.1328762385175067,alcohol,2.806930975629509,71.96162919917312,-0.0016632873601486343
Income,2037,Quintile 2,32585,0.059599446964846696,0.1328762385175067,tobacco,0.07693061541437872,1.9722794997736435,-4.5586343710676674e-5
Income,2037,Quintile 2,32585,0.059599446964846696,0.1328762385175067,carried_interest,0.018162986345982218,0.46564667956827394,-1.0762739046352648e-5
Income,2037,Quintile 2,32585,0.059599446964846696,0.1328762385175067,qsbs,0.06088785750745569,1.5609893733496452,-3.607997655017844e-5
Income,2037,Quintile 2,32585,0.059599446964846696,0.1328762385175067,oz,0.029245348881533836,0.7497665494041603,-1.732975251622744e-5
Income,2037,Quintile 2,32585,0.059599446964846696,0.1328762385175067,cola_ss,-4.038354199065346,-103.53177544128603,0.00239298491962459
Income,2037,Quintile 2,32585,0.059599446964846696,0.1328762385175067,cola_snap,-0.1984800626942985,-5.088457393161409,1.176122186071559e-4
Income,2037,Quintile 2,32585,0.059599446964846696,0.1328762385175067,cola_ssi,-0.12341241755209065,-3.1639390877666105,7.312980475187565e-5
Income,2037,Quintile 2,32585,0.059599446964846696,0.1328762385175067,all_excises,22.26106162157059,570.7095314775738,-0.013191112549657298
Income,2037,Quintile 2,32585,0.059599446964846696,0.1328762385175067,all_income_tax,0.10829619273497175,2.7764026023220794,-6.417246811275853e-5
Income,2037,Quintile 2,32585,0.059599446964846696,0.1328762385175067,all_measures,22.369357814305562,573.4859340798959,-0.013255285017770057
Income,2037,Quintile 2,32585,0.059599446964846696,0.1328762385175067,benefit_offset,-4.360246679311736,-111.78417192221404,0.0025837269429836215
Income,2037,Quintile 2,32585,0.059599446964846696,0.1328762385175067,all_excises_net,17.900814942258855,458.92535955535976,-0.010607385606673677
Income,2037,Quintile 2,32585,0.059599446964846696,0.1328762385175067,all_measures_net,18.009111134993827,461.7017621576818,-0.010671558074786435
Income,2037,Quintile 3,64485,0.10750194497164563,0.15931390358218986,carbon,21.89691655856076,561.3749669484919,-0.007834308531429721
Income,2037,Quintile 3,64485,0.10750194497164563,0.15931390358218986,gambling,1.8696434992989353,47.932367775044796,-6.689235892239481e-4
Income,2037,Quintile 3,64485,0.10750194497164563,0.15931390358218986,guns,0.1682862511861989,4.314383189289892,-6.0209683398319494e-5
Income,2037,Quintile 3,64485,0.10750194497164563,0.15931390358218986,alcohol,4.200873489440622,107.6985067729796,-0.001502994219746197
Income,2037,Quintile 3,64485,0.10750194497164563,0.15931390358218986,tobacco,0.09529338412687062,2.4430526655004106,-3.409419633387057e-5
Income,2037,Quintile 3,64485,0.10750194497164563,0.15931390358218986,carried_interest,0.059042652897102726,1.513686515177591,-2.112436050404435e-5
Income,2037,Quintile 3,64485,0.10750194497164563,0.15931390358218986,qsbs,0.1600738872632777,4.103841421298522,-5.727145268567637e-5
Income,2037,Quintile 3,64485,0.10750194497164563,0.15931390358218986,oz,0.0768858828587397,1.9711364307024402,-2.7508335541939043e-5
Income,2037,Quintile 3,64485,0.10750194497164563,0.15931390358218986,cola_ss,-3.45259101575945,-88.51466196964927,0.0012352727005175983
Income,2037,Quintile 3,64485,0.10750194497164563,0.15931390358218986,cola_snap,-0.07710187050816981,-1.976673742736116,2.7585611896355817e-5
Income,2037,Quintile 3,64485,0.10750194497164563,0.15931390358218986,cola_ssi,-0.07091100235037254,-1.8179574048366056,2.537063468274325e-5
Income,2037,Quintile 3,64485,0.10750194497164563,0.15931390358218986,all_excises,28.23101318261339,723.7632773513066,-0.010100530220132057
Income,2037,Quintile 3,64485,0.10750194497164563,0.15931390358218986,all_income_tax,0.2960024230191201,7.588664367178554,-1.0590414873165975e-4
Income,2037,Quintile 3,64485,0.10750194497164563,0.15931390358218986,all_measures,28.527015605632506,731.3519417184851,-0.010206434368863716
Income,2037,Quintile 3,64485,0.10750194497164563,0.15931390358218986,benefit_offset,-3.6006038886179925,-92.30929311722198,0.0012882289470966973
Income,2037,Quintile 3,64485,0.10750194497164563,0.15931390358218986,all_excises_net,24.630409293995395,631.4539842340846,-0.00881230127303536
Income,2037,Quintile 3,64485,0.10750194497164563,0.15931390358218986,all_measures_net,24.926411717014517,639.0426486012632,-0.008918205421767019
Income,2037,Quintile 4,109960,0.18922866417564438,0.218969456257341,carbon,30.130078235836653,772.4497117388515,-0.006365997194755119
Income,2037,Quintile 4,109960,0.18922866417564438,0.218969456257341,gambling,3.148595835730004,80.72106307374328,-6.652472688847725e-4
Income,2037,Quintile 4,109960,0.18922866417564438,0.218969456257341,guns,0.22659098084813253,5.809149796052741,-4.787500175556606e-5
Income,2037,Quintile 4,109960,0.18922866417564438,0.218969456257341,alcohol,6.633933690630019,170.07523601206208,-0.0014016426686377468
Income,2037,Quintile 4,109960,0.18922866417564438,0.218969456257341,tobacco,0.08808200100333248,2.2581725726646162,-1.8610299213518183e-5
Income,2037,Quintile 4,109960,0.18922866417564438,0.218969456257341,carried_interest,0.1308160878614694,3.353753301549978,-2.7639319149342686e-5
Income,2037,Quintile 4,109960,0.18922866417564438,0.218969456257341,qsbs,0.41739074689186684,10.70071440224834,-8.818789991291856e-5
Income,2037,Quintile 4,109960,0.18922866417564438,0.218969456257341,oz,0.20047902016066044,5.139713216827943,-4.235796767470891e-5
Income,2037,Quintile 4,109960,0.18922866417564438,0.218969456257341,cola_ss,-4.286710479769218,-109.89909314165773,9.057124470550001e-4
Income,2037,Quintile 4,109960,0.18922866417564438,0.218969456257341,cola_snap,-0.03206216397369438,-0.8219829077558417,6.77421559667747e-6
Income,2037,Quintile 4,109960,0.18922866417564438,0.218969456257341,cola_ssi,-0.03818284741943136,-0.9788998638386478,8.067416807127755e-6
Income,2037,Quintile 4,109960,0.18922866417564438,0.218969456257341,all_excises,40.22728074404814,1031.3133331933743,-0.008499372433246723
Income,2037,Quintile 4,109960,0.18922866417564438,0.218969456257341,all_income_tax,0.7486858549139966,19.19418092062626,-1.5818518673697016e-4
Income,2037,Quintile 4,109960,0.18922866417564438,0.218969456257341,all_measures,40.97596659896214,1050.5075141140005,-0.008657557619983693
Income,2037,Quintile 4,109960,0.18922866417564438,0.218969456257341,benefit_offset,-4.356955491162344,-111.69997591325222,9.205540794588054e-4
Income,2037,Quintile 4,109960,0.18922866417564438,0.218969456257341,all_excises_net,35.8703252528858,919.613357280122,-0.0075788183537879176
Income,2037,Quintile 4,109960,0.18922866417564438,0.218969456257341,all_measures_net,36.61901110779979,938.8075382007482,-0.007737003540524887
Income,2037,Quintile 5,201235,0.6463608341135783,0.3776149342401176,carbon,52.37029058516999,1342.6036561693927,-0.0034831591960476182
Income,2037,Quintile 5,201235,0.6463608341135783,0.3776149342401176,gambling,8.5672143445933,219.63546838701384,-5.698072532240535e-4
Income,2037,Quintile 5,201235,0.6463608341135783,0.3776149342401176,guns,0.7003664656214171,17.95511475867244,-4.658152299852642e-5
Income,2037,Quintile 5,201235,0.6463608341135783,0.3776149342401176,alcohol,10.966881926173603,281.1551283434781,-7.294096558619661e-4
Income,2037,Quintile 5,201235,0.6463608341135783,0.3776149342401176,tobacco,0.09177494177925587,2.3528105534792334,-6.10397095095882e-6
Income,2037,Quintile 5,201235,0.6463608341135783,0.3776149342401176,carried_interest,15.967550359623985,409.35597747037934,-0.0010620051798839415
Income,2037,Quintile 5,201235,0.6463608341135783,0.3776149342401176,qsbs,11.845823594584786,303.6883295990512,-7.8786825368351e-4
Income,2037,Quintile 5,201235,0.6463608341135783,0.3776149342401176,oz,5.689726293461984,145.86604807513484,-3.7842490924955996e-4
Income,2037,Quintile 5,201235,0.6463608341135783,0.3776149342401176,cola_ss,-4.931991353648231,-126.4401925140178,3.280277967972901e-4
Income,2037,Quintile 5,201235,0.6463608341135783,0.3776149342401176,cola_snap,-0.017557851699880254,-0.4501261234822056,1.1677764611945145e-6
Income,2037,Quintile 5,201235,0.6463608341135783,0.3776149342401176,cola_ssi,-0.021136933392899505,-0.5418821193547458,1.4058219479227455e-6
Income,2037,Quintile 5,201235,0.6463608341135783,0.3776149342401176,all_excises,72.69652826333757,1863.7021782120364,-0.004835061599083123
Income,2037,Quintile 5,201235,0.6463608341135783,0.3776149342401176,all_income_tax,33.50310024767076,858.9103551445654,-0.0022282983428170114
Income,2037,Quintile 5,201235,0.6463608341135783,0.3776149342401176,all_measures,106.19962851100831,2722.612533356602,-0.007063359941900134
Income,2037,Quintile 5,201235,0.6463608341135783,0.3776149342401176,benefit_offset,-4.97068613874101,-127.43220075685474,3.3060139520640734e-4
Income,2037,Quintile 5,201235,0.6463608341135783,0.3776149342401176,all_excises_net,67.72584212459655,1736.2699774551816,-0.004504460203876716
Income,2037,Quintile 5,201235,0.6463608341135783,0.3776149342401176,all_measures_net,101.22894237226731,2595.180332599747,-0.006732758546693727
Income,2037,Top 10%,311565,0.48777108806034364,0.2355880755168662,carbon,32.71598921948001,1677.4698624322377,-0.002926218063865991
Income,2037,Top 10%,311565,0.48777108806034364,0.2355880755168662,gambling,5.438924336631568,278.87378240472833,-4.8647401535317563e-4
Income,2037,Top 10%,311565,0.48777108806034364,0.2355880755168662,guns,0.444629965028591,22.797824062909868,-3.976906297022696e-5
Income,2037,Top 10%,311565,0.48777108806034364,0.2355880755168662,alcohol,6.241506063109916,320.0251182018631,-5.582593778557197e-4
Income,2037,Top 10%,311565,0.48777108806034364,0.2355880755168662,tobacco,0.05580779663016331,2.861472300525911,-4.991619892896488e-6
Income,2037,Top 10%,311565,0.48777108806034364,0.2355880755168662,carried_interest,15.704531436077929,805.2294555701382,-0.0014046612885371577
Income,2037,Top 10%,311565,0.48777108806034364,0.2355880755168662,qsbs,11.240056175745119,576.3192841386281,-0.0010053449767231776
Income,2037,Top 10%,311565,0.48777108806034364,0.2355880755168662,oz,5.39876713953112,276.81477427130955,-4.8288223291428217e-4
Income,2037,Top 10%,311565,0.48777108806034364,0.2355880755168662,cola_ss,-2.035615582791522,-104.37354556887482,1.82071679064648e-4
Income,2037,Top 10%,311565,0.48777108806034364,0.2355880755168662,cola_snap,-0.009160618278198394,-0.4696988062880876,8.193536958950974e-7
Income,2037,Top 10%,311565,0.48777108806034364,0.2355880755168662,cola_ssi,-0.009545711854857841,-0.48944397935098327,8.537976423318041e-7
Income,2037,Top 10%,311565,0.48777108806034364,0.2355880755168662,all_excises,44.89685738088025,2302.028059402265,-0.004015712139938009
Income,2037,Top 10%,311565,0.48777108806034364,0.2355880755168662,all_income_tax,32.34335475135417,1658.3635139800758,-0.0028928884981746176
Income,2037,Top 10%,311565,0.48777108806034364,0.2355880755168662,all_measures,77.24021213223442,3960.3915733823405,-0.006908600638112627
Income,2037,Top 10%,311565,0.48777108806034364,0.2355880755168662,benefit_offset,-2.0543219129245784,-105.33268835451389,1.8374483040287492e-4
Income,2037,Top 10%,311565,0.48777108806034364,0.2355880755168662,all_excises_net,42.84253546795567,2196.695371047751,-0.003831967309535135
Income,2037,Top 10%,311565,0.48777108806034364,0.2355880755168662,all_measures_net,75.18589021930984,3855.058885027827,-0.0067248558077097524
Income,2037,Top 5%,449540,0.3717209654775186,0.15011268321672547,carbon,20.937568234794874,2146.8683274580912,-0.002474129081687441
Income,2037,Top 5%,449540,0.3717209654775186,0.15011268321672547,gambling,3.5144413597955837,360.359080837059,-4.1529090086524066e-4
Income,2037,Top 5%,449540,0.3717209654775186,0.15011268321672547,guns,0.2873042245461184,29.459215755435224,-3.3949870838387475e-5
Income,2037,Top 5%,449540,0.3717209654775186,0.15011268321672547,alcohol,3.540956121091909,363.0778159164554,-4.184240699745463e-4
Income,2037,Top 5%,449540,0.3717209654775186,0.15011268321672547,tobacco,0.034810875497999265,3.5693909254249037,-4.11349582065945e-6
Income,2037,Top 5%,449540,0.3717209654775186,0.15011268321672547,carried_interest,15.37470236982409,1576.4706384104866,-0.001816782055532882
Income,2037,Top 5%,449540,0.3717209654775186,0.15011268321672547,qsbs,10.612049931791347,1088.1241619122463,-0.0012539938286114643
Income,2037,Top 5%,449540,0.3717209654775186,0.15011268321672547,oz,5.09712634519112,522.6423139893467,-6.023119964196797e-4
Income,2037,Top 5%,449540,0.3717209654775186,0.15011268321672547,cola_ss,-1.0314108522024519,-105.75742447063104,1.2187869937834324e-4
Income,2037,Top 5%,449540,0.3717209654775186,0.15011268321672547,cola_snap,-0.005343693995615728,-0.5479245374708998,6.314481495621003e-7
Income,2037,Top 5%,449540,0.3717209654775186,0.15011268321672547,cola_ssi,-0.003409182805306372,-0.34956622016227573,4.0285281599130773e-7
Income,2037,Top 5%,449540,0.3717209654775186,0.15011268321672547,all_excises,28.315080815726485,2903.333830892466,-0.0033459074191862746
Income,2037,Top 5%,449540,0.3717209654775186,0.15011268321672547,all_income_tax,31.083878646806557,3187.2371143120795,-0.003673087880564026
Income,2037,Top 5%,449540,0.3717209654775186,0.15011268321672547,all_measures,59.39895946253304,6090.570945204546,-0.007018995299750301
Income,2037,Top 5%,449540,0.3717209654775186,0.15011268321672547,benefit_offset,-1.040163729003374,-106.65491522826422,1.2291300034389664e-4
Income,2037,Top 5%,449540,0.3717209654775186,0.15011268321672547,all_excises_net,27.27491708672311,2796.6789156642017,-0.003222994418842378
Income,2037,Top 5%,449540,0.3717209654775186,0.15011268321672547,all_measures_net,58.35879573352967,5983.916029976282,-0.006896082299406404
Income,2037,Top 1%,1135395,0.20918938141889987,0.05437980913564235,carbon,7.685404804226777,3940.196107507878,-0.0016384833222804897
Income,2037,Top 1%,1135395,0.20918938141889987,0.05437980913564235,gambling,1.2724565139730897,652.3700873339019,-2.712802812059343e-4
Income,2037,Top 1%,1135395,0.20918938141889987,0.05437980913564235,guns,0.10402282883358728,53.33100281674696,-2.217705827109241e-5
Income,2037,Top 1%,1135395,0.20918938141889987,0.05437980913564235,alcohol,0.947452006985615,485.7449679061943,-2.0199122253825022e-4
Income,2037,Top 1%,1135395,0.20918938141889987,0.05437980913564235,tobacco,0.011979203636872552,6.141564789806573,-2.553896102183546e-6
Income,2037,Top 1%,1135395,0.20918938141889987,0.05437980913564235,carried_interest,14.06067675918234,7208.706014416722,-0.0029976539891856746
Income,2037,Top 1%,1135395,0.20918938141889987,0.05437980913564235,qsbs,8.886480183087022,4555.970117226396,-0.0018945455632677064
Income,2037,Top 1%,1135395,0.20918938141889987,0.05437980913564235,oz,4.268309379278018,2188.3006074866944,-9.099785776325205e-4
Income,2037,Top 1%,1135395,0.20918938141889987,0.05437980913564235,cola_ss,-0.2036421634354054,-104.4043977034721,4.3415317345225934e-5
Income,2037,Top 1%,1135395,0.20918938141889987,0.05437980913564235,cola_snap,-0.0015267697130330658,-0.7827527935867847,3.254983667733206e-7
Income,2037,Top 1%,1135395,0.20918938141889987,0.05437980913564235,cola_ssi,-6.818365610612744e-4,-0.34956776282918056,1.4536356409041217e-7
Income,2037,Top 1%,1135395,0.20918938141889987,0.05437980913564235,all_excises,10.021315357655942,5137.7837303545275,-0.0021364857803979503
Income,2037,Top 1%,1135395,0.20918938141889987,0.05437980913564235,all_income_tax,27.215466321547378,13952.976739129812,-0.005802178130085902
Income,2037,Top 1%,1135395,0.20918938141889987,0.05437980913564235,all_measures,37.23678167920332,19090.76046948434,-0.007938663910483852
Income,2037,Top 1%,1135395,0.20918938141889987,0.05437980913564235,benefit_offset,-0.20585076970949973,-105.53671825988806,4.388617927608967e-5
Income,2037,Top 1%,1135395,0.20918938141889987,0.05437980913564235,all_excises_net,9.815464587946442,5032.24701209464,-0.0020925996011218603
Income,2037,Top 1%,1135395,0.20918938141889987,0.05437980913564235,all_measures_net,37.03093090949382,18985.22375122445,-0.007894777731207761
Income,2037,Top 0.1%,5196780,0.09912318753806758,0.011455112336892488,carbon,1.6486757528007552,8453.223602809612,-7.502383766894342e-4
Income,2037,Top 0.1%,5196780,0.09912318753806758,0.011455112336892488,gambling,0.259251488605719,1329.2551909145704,-1.1797372262887864e-4
Income,2037,Top 0.1%,5196780,0.09912318753806758,0.011455112336892488,guns,0.021193709119285264,108.66609874857221,-9.644306285616982e-6
Income,2037,Top 0.1%,5196780,0.09912318753806758,0.011455112336892488,alcohol,0.15311877150732417,785.0829437747836,-6.967748411486352e-5
Income,2037,Top 0.1%,5196780,0.09912318753806758,0.011455112336892488,tobacco,0.0024299367614258323,12.458968205315735,-1.1057552149069627e-6
Income,2037,Top 0.1%,5196780,0.09912318753806758,0.011455112336892488,carried_interest,10.980025289243446,56297.673315570464,-0.004996516953086086
Income,2037,Top 0.1%,5196780,0.09912318753806758,0.011455112336892488,qsbs,6.534184787099413,33502.60048017063,-0.0029734143777722538
Income,2037,Top 0.1%,5196780,0.09912318753806758,0.011455112336892488,oz,3.1384667087642852,16091.800230633136,-0.001428175409796122
Income,2037,Top 0.1%,5196780,0.09912318753806758,0.011455112336892488,cola_ss,-0.02316725379892987,-118.7850165763079,1.0542377937526317e-5
Income,2037,Top 0.1%,5196780,0.09912318753806758,0.011455112336892488,cola_snap,-1.526643103105257e-4,-0.7827527935867847,6.947067921100343e-8
Income,2037,Top 0.1%,5196780,0.09912318753806758,0.011455112336892488,cola_ssi,-6.817800186259376e-5,-0.3495677628291807,3.10247502314684e-8
Income,2037,Top 0.1%,5196780,0.09912318753806758,0.011455112336892488,all_excises,2.0846696587945095,10688.686804452855,-9.486396449337002e-4
Income,2037,Top 0.1%,5196780,0.09912318753806758,0.011455112336892488,all_income_tax,20.652676785107143,105892.07402637423,-0.009398106740654461
Income,2037,Top 0.1%,5196780,0.09912318753806758,0.011455112336892488,all_measures,22.737346443901654,116580.76083082709,-0.010346746385588163
Income,2037,Top 0.1%,5196780,0.09912318753806758,0.011455112336892488,benefit_offset,-0.02338809611110299,-119.91733713272386,1.0642873366968788e-5
Income,2037,Top 0.1%,5196780,0.09912318753806758,0.011455112336892488,all_excises_net,2.0612815626834067,10568.76946732013,-9.379967715667315e-4
Income,2037,Top 0.1%,5196780,0.09912318753806758,0.011455112336892488,all_measures_net,22.713958347790552,116460.84349369437,-0.010336103512221194
Income,2037,Negative income,-2033243670,-0.024339885876685025,0.009247298804147576,carbon,1.2796754771137424,647.0580341938307,0.0016388956863658017
Income,2037,Negative income,-2033243670,-0.024339885876685025,0.009247298804147576,gambling,0.059162876362397906,29.915252078322993,7.57706032485835e-5
Income,2037,Negative income,-2033243670,-0.024339885876685025,0.009247298804147576,guns,0.0038242209199064654,1.933687809927187,4.897725463553198e-6
Income,2037,Negative income,-2033243670,-0.024339885876685025,0.009247298804147576,alcohol,0.17477304300749977,88.37264108051274,2.2383392617951735e-4
Income,2037,Negative income,-2033243670,-0.024339885876685025,0.009247298804147576,tobacco,0.0070717921763149075,3.575797165508171,9.056928807277416e-6
Income,2037,Negative income,-2033243670,-0.024339885876685025,0.009247298804147576,carried_interest,0.11908171320054803,60.21274974009009,1.5250937411851405e-4
Income,2037,Negative income,-2033243670,-0.024339885876685025,0.009247298804147576,qsbs,0.19426863187298687,98.23043521063498,2.4880215997491115e-4
Income,2037,Negative income,-2033243670,-0.024339885876685025,0.009247298804147576,oz,0.09331013026970236,47.18154762085617,1.1950339967298882e-4
Income,2037,Negative income,-2033243670,-0.024339885876685025,0.009247298804147576,cola_ss,-0.33599166390985996,-169.89159317593487,-4.303085418802578e-4
Income,2037,Negative income,-2033243670,-0.024339885876685025,0.009247298804147576,cola_snap,-0.020630326457761885,-10.431565440829237,-2.642150579942619e-5
Income,2037,Negative income,-2033243670,-0.024339885876685025,0.009247298804147576,cola_ssi,-0.01997300951889077,-10.099198200919675,-2.5579672135378184e-5
Income,2037,Negative income,-2033243670,-0.024339885876685025,0.009247298804147576,all_excises,1.5245074095798614,770.8554123281018,0.001952454870064733
Income,2037,Negative income,-2033243670,-0.024339885876685025,0.009247298804147576,all_income_tax,0.40666047534323724,205.62473257158123,5.20814933766414e-4
Income,2037,Negative income,-2033243670,-0.024339885876685025,0.009247298804147576,all_measures,1.9311678849230987,976.4801448996831,0.002473269803831147
Income,2037,Negative income,-2033243670,-0.024339885876685025,0.009247298804147576,benefit_offset,-0.3765949998865126,-190.42235681768378,-4.8230971981506215e-4
Income,2037,Negative income,-2033243670,-0.024339885876685025,0.009247298804147576,all_excises_net,1.1479124096933488,580.4330555104181,0.001470145150249671
Income,2037,Negative income,-2033243670,-0.024339885876685025,0.009247298804147576,all_measures_net,1.554572885036586,786.0577880819993,0.001990960084016085
Income,2037,Overall,-2033243670,1,1,carbon,138.1,700.9968906140157,-0.005729418710156998
Income,2037,Overall,-2033243670,1,1,gambling,15.16,76.95230167783112,-6.289499467485887e-4
Income,2037,Overall,-2033243670,1,1,guns,1.29,6.548052055699349,-5.351882792253822e-5
Income,2037,Overall,-2033243670,1,1,alcohol,27.2,138.06745419769172,-0.0011284590073589453
Income,2037,Overall,-2033243670,1,1,tobacco,0.44,2.2334441120214836,-1.8254483942571175e-5
Income,2037,Overall,-2033243670,1,1,carried_interest,16.3,82.73895233170497,-6.762456551452503e-4
Income,2037,Overall,-2033243670,1,1,qsbs,12.7,64.46531868789282,-5.268907865242134e-4
Income,2037,Overall,-2033243670,1,1,oz,6.1,30.963657007570568,-2.530735273856458e-4
Income,2037,Overall,-2033243670,1,1,cola_ss,-18.779311858280998,-95.32396249475664,7.791060153852884e-4
Income,2037,Overall,-2033243670,1,1,cola_snap,-0.7526974685253012,-3.820699384571159,3.122750875638428e-5
Income,2037,Overall,-2033243670,1,1,cola_ssi,-0.6675179932789876,-3.388327572175798,2.769362838565594e-5
Income,2037,Overall,-2033243670,1,1,all_excises,182.19,924.7981426572594,-0.007558600976129642
Income,2037,Overall,-2033243670,1,1,all_income_tax,35.1,178.16792802716836,-0.0014562099690551096
Income,2037,Overall,-2033243670,1,1,all_measures,217.29,1102.9660706844277,-0.009014810945184751
Income,2037,Overall,-2033243670,1,1,benefit_offset,-20.199527320085288,-102.5329894515036,8.380271525273286e-4
Income,2037,Overall,-2033243670,1,1,all_excises_net,161.99047267991472,822.2651532057557,-0.006720573823602313
Income,2037,Overall,-2033243670,1,1,all_measures_net,197.0904726799147,1000.4330812329241,-0.008176783792657422
Income,2038,Quintile 1,0,0.0216550571422488,0.10198749521094783,carbon,14.62173008315614,373.64509547058697,-0.02223780959430662
Income,2038,Quintile 1,0,0.0216550571422488,0.10198749521094783,gambling,0.6266161620843884,16.012609614176114,-9.530042492851153e-4
Income,2038,Quintile 1,0,0.0216550571422488,0.10198749521094783,guns,0.040442548324518074,1.0334727657978078,-6.150802155657419e-5
Income,2038,Quintile 1,0,0.0216550571422488,0.10198749521094783,alcohol,2.5337854519210157,64.74859689658946,-0.003853568497858722
Income,2038,Quintile 1,0,0.0216550571422488,0.10198749521094783,tobacco,0.08458754945918039,2.161558366455379,-1.2864700744880794e-4
Income,2038,Quintile 1,0,0.0216550571422488,0.10198749521094783,carried_interest,0.006268460439279357,0.16018484036894268,-9.533538706115191e-6
Income,2038,Quintile 1,0,0.0216550571422488,0.10198749521094783,qsbs,0.022584565671145817,0.5771281611933246,-3.4348279465479394e-5
Income,2038,Quintile 1,0,0.0216550571422488,0.10198749521094783,oz,0.01069795216001644,0.2733764974073643,-1.627023764154287e-5
Income,2038,Quintile 1,0,0.0216550571422488,0.10198749521094783,cola_ss,-1.8168552944160485,-46.42809476563613,0.0027632080381633545
Income,2038,Quintile 1,0,0.0216550571422488,0.10198749521094783,cola_snap,-0.4129583877331671,-10.55277831914627,6.280576884236792e-4
Income,2038,Quintile 1,0,0.0216550571422488,0.10198749521094783,cola_ssi,-0.40757992344408406,-10.415336525914523,6.198777217514597e-4
Income,2038,Quintile 1,0,0.0216550571422488,0.10198749521094783,all_excises,17.907161794945242,457.60133311360573,-0.02723453737045584
Income,2038,Quintile 1,0,0.0216550571422488,0.10198749521094783,all_income_tax,0.039550978270441614,1.0106894989696316,-6.015205581313745e-5
Income,2038,Quintile 1,0,0.0216550571422488,0.10198749521094783,all_measures,17.946712773215683,458.61202261257534,-0.027294689426268975
Income,2038,Quintile 1,0,0.0216550571422488,0.10198749521094783,benefit_offset,-2.6373936055933,-67.39620961069693,0.004011143448338493
Income,2038,Quintile 1,0,0.0216550571422488,0.10198749521094783,all_excises_net,15.269768189351941,390.2051235029088,-0.023223393922117346
Income,2038,Quintile 1,0,0.0216550571422488,0.10198749521094783,all_measures_net,15.309319167622384,391.2158130018784,-0.023283545977930482
Income,2038,Quintile 2,33770,0.059611219729264316,0.1329821712253473,carbon,18.986130784324708,485.15508493235643,-0.01085588757436723
Income,2038,Quintile 2,33770,0.059611219729264316,0.1329821712253473,gambling,0.9511238568790621,24.304192402715728,-5.438334843928493e-4
Income,2038,Quintile 2,33770,0.059611219729264316,0.1329821712253473,guns,0.158103312290576,4.040034632319609,-9.04002928694991e-5
Income,2038,Quintile 2,33770,0.059611219729264316,0.1329821712253473,alcohol,2.94095935049323,75.15071921073883,-0.0016815813834010801
Income,2038,Quintile 2,33770,0.059611219729264316,0.1329821712253473,tobacco,0.08040001165621949,2.054472021010203,-4.5971108986478924e-5
Income,2038,Quintile 2,33770,0.059611219729264316,0.1329821712253473,carried_interest,0.019297270954328097,0.493105690420047,-1.1033791263317642e-5
Income,2038,Quintile 2,33770,0.059611219729264316,0.1329821712253473,qsbs,0.06420481125742047,1.6406339455102228,-3.6711019251983676e-5
Income,2038,Quintile 2,33770,0.059611219729264316,0.1329821712253473,oz,0.03041280533246233,0.7771423952416844,-1.7389430171992268e-5
Income,2038,Quintile 2,33770,0.059611219729264316,0.1329821712253473,cola_ss,-4.225356851236748,-107.97109665565758,0.0024159740317642583
Income,2038,Quintile 2,33770,0.059611219729264316,0.1329821712253473,cola_snap,-0.20146802512542322,-5.148138815180679,1.1519536315409288e-4
Income,2038,Quintile 2,33770,0.059611219729264316,0.1329821712253473,cola_ssi,-0.12770772956318033,-3.2633323285593736,7.302071023655863e-5
Income,2038,Quintile 2,33770,0.059611219729264316,0.1329821712253473,all_excises,23.116717315643793,590.7045031991408,-0.013217673844017138
Income,2038,Quintile 2,33770,0.059611219729264316,0.1329821712253473,all_income_tax,0.1139148875442109,2.9108820311719543,-6.513424068729359e-5
Income,2038,Quintile 2,33770,0.059611219729264316,0.1329821712253473,all_measures,23.230632203188005,593.6153852303128,-0.013282808084704431
Income,2038,Quintile 2,33770,0.059611219729264316,0.1329821712253473,benefit_offset,-4.554532605925352,-116.38256779939763,0.0026041901051549097
Income,2038,Quintile 2,33770,0.059611219729264316,0.1329821712253473,all_excises_net,18.562184709718444,474.32193539974315,-0.010613483738862228
Income,2038,Quintile 2,33770,0.059611219729264316,0.1329821712253473,all_measures_net,18.676099597262652,477.23281743091513,-0.010678617979549523
Income,2038,Quintile 3,66805,0.10755659987866659,0.15935083298198396,carbon,22.693207892966537,579.9215518734196,-0.007827963564736968
Income,2038,Quintile 3,66805,0.10755659987866659,0.15935083298198396,gambling,1.9458434962581728,49.72574108407935,-6.712136980911512e-4
Income,2038,Quintile 3,66805,0.10755659987866659,0.15935083298198396,guns,0.17488033133410708,4.469040852124128,-6.032451949187885e-5
Income,2038,Quintile 3,66805,0.10755659987866659,0.15935083298198396,alcohol,4.401357438318268,112.47603459228188,-0.0015182369026468883
Income,2038,Quintile 3,66805,0.10755659987866659,0.15935083298198396,tobacco,0.09964055554718618,2.5462995745243746,-3.437075278525381e-5
Income,2038,Quintile 3,66805,0.10755659987866659,0.15935083298198396,carried_interest,0.06523149905879673,1.6669812546392597,-2.250143744832557e-5
Income,2038,Quintile 3,66805,0.10755659987866659,0.15935083298198396,qsbs,0.16777395651739496,4.287438500824154,-5.7873193817476154e-5
Income,2038,Quintile 3,66805,0.10755659987866659,0.15935083298198396,oz,0.07947187413981867,2.03089192144302,-2.7413618124067654e-5
Income,2038,Quintile 3,66805,0.10755659987866659,0.15935083298198396,cola_ss,-3.62520051931558,-92.64145998792034,0.001250503574193372
Income,2038,Quintile 3,66805,0.10755659987866659,0.15935083298198396,cola_snap,-0.07826257899102977,-1.999988563809919,2.6996474879781478e-05
Income,2038,Quintile 3,66805,0.10755659987866659,0.15935083298198396,cola_ssi,-0.07337902693133012,-1.87519011739929,2.531190618547743e-5
Income,2038,Quintile 3,66805,0.10755659987866659,0.15935083298198396,all_excises,29.31492971442427,749.1386679764294,-0.01011210943775214
Income,2038,Quintile 3,66805,0.10755659987866659,0.15935083298198396,all_income_tax,0.3124773297160104,7.985311676906433,-1.0778824938986937e-4
Income,2038,Quintile 3,66805,0.10755659987866659,0.15935083298198396,all_measures,29.62740704414028,757.1239796533358,-0.010219897687142009
Income,2038,Quintile 3,66805,0.10755659987866659,0.15935083298198396,benefit_offset,-3.77684212523794,-96.51663866912955,0.0013028119552586307
Income,2038,Quintile 3,66805,0.10755659987866659,0.15935083298198396,all_excises_net,25.538087589186333,652.6220293072998,-0.00880929748249351
Income,2038,Quintile 3,66805,0.10755659987866659,0.15935083298198396,all_measures_net,25.850564918902343,660.6073409842062,-0.008917085731883378
Income,2038,Quintile 4,113790,0.1892984730573271,0.21895599947555372,carbon,31.222709281260926,797.8195579166613,-0.0063622163519138596
Income,2038,Quintile 4,113790,0.1892984730573271,0.21895599947555372,gambling,3.2757385283464555,83.70344293294461,-6.674935554727236e-4
Income,2038,Quintile 4,113790,0.1892984730573271,0.21895599947555372,guns,0.23538466166047808,6.014676209377993,-4.7964067753236496e-5
Income,2038,Quintile 4,113790,0.1892984730573271,0.21895599947555372,alcohol,6.952967414515864,177.66598468081355,-0.0014167983495752096
Income,2038,Quintile 4,113790,0.1892984730573271,0.21895599947555372,tobacco,0.09208744885050807,2.3530683090233886,-1.8764555875180377e-5
Income,2038,Quintile 4,113790,0.1892984730573271,0.21895599947555372,carried_interest,0.14501954050707155,3.7056177493882325,-2.9550468655674073e-5
Income,2038,Quintile 4,113790,0.1892984730573271,0.21895599947555372,qsbs,0.43935569087164,11.226654288766614,-8.952701495534894e-5
Income,2038,Quintile 4,113790,0.1892984730573271,0.21895599947555372,oz,0.20811585357077686,5.317888873626291,-4.240753339990213e-5
Income,2038,Quintile 4,113790,0.1892984730573271,0.21895599947555372,cola_ss,-4.463969140128781,-114.06575431519806,9.096179707509106e-4
Income,2038,Quintile 4,113790,0.1892984730573271,0.21895599947555372,cola_snap,-0.03254483482795298,-0.8316032251080684,6.6316243874777586e-6
Income,2038,Quintile 4,113790,0.1892984730573271,0.21895599947555372,cola_ssi,-0.039511783732254675,-1.0096264723793724,8.051271729500684e-6
Income,2038,Quintile 4,113790,0.1892984730573271,0.21895599947555372,all_excises,41.778887334634234,1067.5567300488208,-0.00851323688059021
Income,2038,Quintile 4,113790,0.1892984730573271,0.21895599947555372,all_income_tax,0.7924910849494884,20.250160911781137,-1.6148501701092514e-4
Income,2038,Quintile 4,113790,0.1892984730573271,0.21895599947555372,all_measures,42.57137841958372,1087.806890960602,-0.008674721897601136
Income,2038,Quintile 4,113790,0.1892984730573271,0.21895599947555372,benefit_offset,-4.5360257586889885,-115.9069840126855,9.243008668678891e-4
Income,2038,Quintile 4,113790,0.1892984730573271,0.21895599947555372,all_excises_net,37.24286157594524,951.6497460361354,-0.00758893601372232
Income,2038,Quintile 4,113790,0.1892984730573271,0.21895599947555372,all_measures_net,38.03535266089473,971.8999069479165,-0.007750421030733246
Income,2038,Quintile 5,208455,0.6461876692262621,0.37746505896542587,carbon,54.248836809497284,1386.233456290561,-0.003480709148028851
Income,2038,Quintile 5,208455,0.6461876692262621,0.37746505896542587,gambling,8.909095656887768,227.65624465350083,-5.716246204962773e-4
Income,2038,Quintile 5,208455,0.6461876692262621,0.37746505896542587,guns,0.7272145519321044,18.582686764873593,-4.665947681751288e-5
Income,2038,Quintile 5,208455,0.6461876692262621,0.37746505896542587,alcohol,11.487571527065008,293.54465310047874,-7.370645649657657e-4
Income,2038,Quintile 5,208455,0.6461876692262621,0.37746505896542587,tobacco,0.09588420467000544,2.4501519343195097,-6.152113998653152e-6
Income,2038,Quintile 5,208455,0.6461876692262621,0.37746505896542587,carried_interest,17.53383841042985,448.04635179707935,-0.0011250046147451838
Income,2038,Quintile 5,208455,0.6461876692262621,0.37746505896542587,qsbs,12.402323933065228,316.91953934684693,-7.957568292612639e-4
Income,2038,Quintile 5,208455,0.6461876692262621,0.37746505896542587,oz,5.874785020925635,150.11978179587487,-3.769374454395461e-4
Income,2038,Quintile 5,208455,0.6461876692262621,0.37746505896542587,cola_ss,-5.137645986540065,-131.28349236553447,3.2964119484222784e-4
Income,2038,Quintile 5,208455,0.6461876692262621,0.37746505896542587,cola_snap,-0.01782217145340282,-0.455414194763497,1.1435046143650707e-6
Income,2038,Quintile 5,208455,0.6461876692262621,0.37746505896542587,cola_ssi,-0.021872594566069554,-0.5589156219116675,1.4033875097560814e-6
Income,2038,Quintile 5,208455,0.6461876692262621,0.37746505896542587,all_excises,75.46860275005217,1928.4671927437337,-0.00484220992430706
Income,2038,Quintile 5,208455,0.6461876692262621,0.37746505896542587,all_income_tax,35.81094736442071,915.0856729398012,-0.0022976988894459938
Income,2038,Quintile 5,208455,0.6461876692262621,0.37746505896542587,all_measures,111.27955011447288,2843.552865683535,-0.007139908813753054
Income,2038,Quintile 5,208455,0.6461876692262621,0.37746505896542587,benefit_offset,-5.177340752559537,-132.29782218220964,3.3218808696634897e-4
Income,2038,Quintile 5,208455,0.6461876692262621,0.37746505896542587,all_excises_net,70.29126199749263,1796.169370561524,-0.004510021837340711
Income,2038,Quintile 5,208455,0.6461876692262621,0.37746505896542587,all_measures_net,106.10220936191335,2711.255043501325,-0.006807720726786705
Income,2038,Top 10%,322685,0.4875942050100725,0.23540586579634645,carbon,33.87848814657291,1731.2759814988217,-0.0029230157295770023
Income,2038,Top 10%,322685,0.4875942050100725,0.23540586579634645,gambling,5.654051965685077,288.93628086314067,-4.8782822775446307e-4
Income,2038,Top 10%,322685,0.4875942050100725,0.23540586579634645,guns,0.4615180962444462,23.584735883082732,-3.981950578699049e-5
Income,2038,Top 10%,322685,0.4875942050100725,0.23540586579634645,alcohol,6.5390677693798445,334.1628151038259,-5.641868628839863e-4
Income,2038,Top 10%,322685,0.4875942050100725,0.23540586579634645,tobacco,0.05828105814690144,2.978308704613007,-5.028454899249031e-6
Income,2038,Top 10%,322685,0.4875942050100725,0.23540586579634645,carried_interest,17.24310388351405,881.1659915537513,-0.0014877247077904336
Income,2038,Top 10%,322685,0.4875942050100725,0.23540586579634645,qsbs,11.768023808975316,601.375624615829,-0.001015338067945962
Income,2038,Top 10%,322685,0.4875942050100725,0.23540586579634645,oz,5.574327067409361,284.862137975919,-4.809496111322978e-4
Income,2038,Top 10%,322685,0.4875942050100725,0.23540586579634645,cola_ss,-2.123550877801223,-108.51879264275553,1.8321870183566418e-4
Income,2038,Top 10%,322685,0.4875942050100725,0.23540586579634645,cola_snap,-0.009298524236557993,-0.475177983282173,8.022711192931864e-7
Income,2038,Top 10%,322685,0.4875942050100725,0.23540586579634645,cola_ssi,-0.009877945933063669,-0.5047878897803487,8.522632773144295e-7
Income,2038,Top 10%,322685,0.4875942050100725,0.23540586579634645,all_excises,46.59140703602918,2380.9381220534838,-0.004019878780901692
Income,2038,Top 10%,322685,0.4875942050100725,0.23540586579634645,all_income_tax,34.585454759898724,1767.4037541454993,-0.0029840123868686936
Income,2038,Top 10%,322685,0.4875942050100725,0.23540586579634645,all_measures,81.1768617959279,4148.341876198983,-0.007003891167770384
Income,2038,Top 10%,322685,0.4875942050100725,0.23540586579634645,benefit_offset,-2.142727347970845,-109.49875851581805,1.8487323623227178e-4
Income,2038,Top 10%,322685,0.4875942050100725,0.23540586579634645,all_excises_net,44.448679688058334,2271.439363537666,-0.003835005544669419
Income,2038,Top 10%,322685,0.4875942050100725,0.23540586579634645,all_measures_net,79.03413444795706,4038.843117683165,-0.006819017931538112
Income,2038,Top 5%,464955,0.3715190461306593,0.15001586384928262,carbon,21.68353614676701,2216.149047450327,-0.002471611677056072
Income,2038,Top 5%,464955,0.3715190461306593,0.15001586384928262,gambling,3.6539527643375074,373.4494172585598,-4.164981328976838e-4
Income,2038,Top 5%,464955,0.3715190461306593,0.15001586384928262,guns,0.298257839474924,30.48321188818169,-3.399710978089937e-5
Income,2038,Top 5%,464955,0.3715190461306593,0.15001586384928262,alcohol,3.708200895528849,378.9938055655185,-4.226816406799687e-4
Income,2038,Top 5%,464955,0.3715190461306593,0.15001586384928262,tobacco,0.036365745252226495,3.7167328776565425,-4.145172632446794e-6
Income,2038,Top 5%,464955,0.3715190461306593,0.15001586384928262,carried_interest,16.877817384405294,1724.9842768411747,-0.0019238287633604363
Income,2038,Top 5%,464955,0.3715190461306593,0.15001586384928262,qsbs,11.103291520655512,1134.8033254591094,-0.0012656157552190378
Income,2038,Top 5%,464955,0.3715190461306593,0.15001586384928262,oz,5.259453878205243,537.5384173227361,-5.995021998405969e-4
Income,2038,Top 5%,464955,0.3715190461306593,0.15001586384928262,cola_ss,-1.075590564123125,-109.92990202308056,1.226018754516852e-4
Income,2038,Top 5%,464955,0.3715190461306593,0.15001586384928262,cola_snap,-0.005424139137992163,-0.5543699469743382,6.182739540587876e-7
Income,2038,Top 5%,464955,0.3715190461306593,0.15001586384928262,cola_ssi,-0.003527837833237026,-0.3605599382300542,4.0212284215869855e-7
Income,2038,Top 5%,464955,0.3715190461306593,0.15001586384928262,all_excises,29.380313391360517,3002.7922150402437,-0.0033489337330470706
Income,2038,Top 5%,464955,0.3715190461306593,0.15001586384928262,all_income_tax,33.24056278326605,3397.3260196230203,-0.003788946718420071
Income,2038,Top 5%,464955,0.3715190461306593,0.15001586384928262,all_measures,62.62087617462657,6400.118234663264,-0.0071378804514671415
Income,2038,Top 5%,464955,0.3715190461306593,0.15001586384928262,benefit_offset,-1.084542541094354,-110.84483190828495,1.2362227224790268e-4
Income,2038,Top 5%,464955,0.3715190461306593,0.15001586384928262,all_excises_net,28.295770850266162,2891.9473831319588,-0.003225311460799168
Income,2038,Top 5%,464955,0.3715190461306593,0.15001586384928262,all_measures_net,61.536333633532216,6289.273402754979,-0.007014258179219239
Income,2038,Top 1%,1175030,0.20904271025232907,0.05434621317890106,carbon,7.959594983467415,4064.712076368928,-0.0016363176876259542
Income,2038,Top 1%,1175030,0.20904271025232907,0.05434621317890106,gambling,1.3232269253607383,675.7299177234371,-2.7202635651788604e-4
Income,2038,Top 1%,1175030,0.20904271025232907,0.05434621317890106,guns,0.10800982643920305,55.15718410369264,-2.220444505115829e-5
Income,2038,Top 1%,1175030,0.20904271025232907,0.05434621317890106,alcohol,0.9932223258415841,507.2070615091553,-2.0418466805098416e-4
Income,2038,Top 1%,1175030,0.20904271025232907,0.05434621317890106,tobacco,0.012513171464384425,6.390078800567486,-2.5724328735315757e-6
Income,2038,Top 1%,1175030,0.20904271025232907,0.05434621317890106,carried_interest,15.436262878600637,7882.8086437785605,-0.003173356186032321
Income,2038,Top 1%,1175030,0.20904271025232907,0.05434621317890106,qsbs,9.29959022278895,4749.005038870192,-0.001911791240738982
Income,2038,Top 1%,1175030,0.20904271025232907,0.05434621317890106,oz,4.405069052900029,2249.5287026227224,-9.055853245605705e-4
Income,2038,Top 1%,1175030,0.20904271025232907,0.05434621317890106,cola_ss,-0.2124108524693394,-108.47146858316992,4.3667000100032166e-5
Income,2038,Top 1%,1175030,0.20904271025232907,0.05434621317890106,cola_snap,-0.0015497540394263324,-0.7914101122659879,3.1859534956870075e-7
Income,2038,Top 1%,1175030,0.20904271025232907,0.05434621317890106,cola_ssi,-7.05567566647405e-4,-0.36031092220179756,1.450491754314624e-7
Income,2038,Top 1%,1175030,0.20904271025232907,0.05434621317890106,all_excises,10.396567232573325,5309.19631850578,-0.0021373055901195144
Income,2038,Top 1%,1175030,0.20904271025232907,0.05434621317890106,all_income_tax,29.140922154289616,14881.342385271475,-0.005990732751331874
Income,2038,Top 1%,1175030,0.20904271025232907,0.05434621317890106,all_measures,39.537489386862944,20190.538703777256,-0.008128038341451389
Income,2038,Top 1%,1175030,0.20904271025232907,0.05434621317890106,benefit_offset,-0.21466617407541316,-109.6231896176377,4.413064462503233e-5
Income,2038,Top 1%,1175030,0.20904271025232907,0.05434621317890106,all_excises_net,10.181901058497912,5199.573128888143,-0.002093174945494482
Income,2038,Top 1%,1175030,0.20904271025232907,0.05434621317890106,all_measures_net,39.322823212787526,20080.915514159617,-0.008083907696826355
Income,2038,Top 0.1%,5375015,0.09896753034243337,0.011447697635653517,carbon,1.7075248931974647,8726.23355092947,-7.495786623578314e-4
Income,2038,Top 0.1%,5375015,0.09896753034243337,0.011447697635653517,gambling,0.26950168421948356,1377.2769276963584,-1.1830733054915507e-4
Income,2038,Top 0.1%,5375015,0.09896753034243337,0.011447697635653517,guns,0.021998365948972563,112.42171623634977,-9.656963589685139e-6
Income,2038,Top 0.1%,5375015,0.09896753034243337,0.011447697635653517,alcohol,0.16039188846949765,819.6759438385599,-7.040971273155495e-5
Income,2038,Top 0.1%,5375015,0.09896753034243337,0.011447697635653517,tobacco,0.0025372752351028966,12.966637483707187,-1.1138270278453502e-6
Income,2038,Top 0.1%,5375015,0.09896753034243337,0.011447697635653517,carried_interest,12.045963979709926,61560.3880516175,-0.005288003473737582
Income,2038,Top 0.1%,5375015,0.09896753034243337,0.011447697635653517,qsbs,6.83543262637041,34932.188547867656,-0.003000655782603157
Income,2038,Top 0.1%,5375015,0.09896753034243337,0.011447697635653517,oz,3.237836507228089,16546.8261542531,-0.0014213632654436006
Income,2038,Top 0.1%,5375015,0.09896753034243337,0.011447697635653517,cola_ss,-0.024185101502550144,-123.59693554393282,1.0616908781530395e-5
Income,2038,Top 0.1%,5375015,0.09896753034243337,0.011447697635653517,cola_snap,-1.5486090986854644e-4,-0.791410112265988,6.798169334645112e-8
Income,2038,Top 0.1%,5375015,0.09896753034243337,0.011447697635653517,cola_ssi,-7.05046301316302e-5,-0.3603109222017975,3.0950510036277044e-8
Income,2038,Top 0.1%,5375015,0.09896753034243337,0.011447697635653517,all_excises,2.1619541070705215,11048.574776184445,-9.49066496256072e-4
Income,2038,Top 0.1%,5375015,0.09896753034243337,0.011447697635653517,all_income_tax,22.119233113308425,113039.40275373825,-0.009710022521784338
Income,2038,Top 0.1%,5375015,0.09896753034243337,0.011447697635653517,all_measures,24.281187220378946,124087.9775299227,-0.010659089018040411
Income,2038,Top 0.1%,5375015,0.09896753034243337,0.011447697635653517,benefit_offset,-0.024410467042550323,-124.7486565784006,1.0715840984913124e-5
Income,2038,Top 0.1%,5375015,0.09896753034243337,0.011447697635653517,all_excises_net,2.137543640027971,10923.826119606045,-9.383506552711589e-4
Income,2038,Top 0.1%,5375015,0.09896753034243337,0.011447697635653517,all_measures_net,24.256776753336396,123963.2288733443,-0.010648373177055498
Income,2038,Negative income,-2101711570,-0.024309019033769107,0.009258442140741273,carbon,1.3273851487944228,667.8955163299784,0.0016384650321364588
Income,2038,Negative income,-2101711570,-0.024309019033769107,0.009258442140741273,gambling,0.0615822995441546,30.986139771253818,7.601444425778877e-5
Income,2038,Negative income,-2101711570,-0.024309019033769107,0.009258442140741273,guns,0.003974594458216369,1.9998821143084993,4.906062149802948e-6
Income,2038,Negative income,-2101711570,-0.024309019033769107,0.009258442140741273,alcohol,0.18335881768661516,92.2599837158663,2.263299475561115e-4
Income,2038,Negative income,-2101711570,-0.024309019033769107,0.009258442140741273,tobacco,0.007400229816900412,3.7235464921452714,9.134513668302886e-6
Income,2038,Negative income,-2101711570,-0.024309019033769107,0.009258442140741273,carried_interest,0.13034481861066968,65.58512426177025,1.6089183128779113e-4
Income,2038,Negative income,-2101711570,-0.024309019033769107,0.009258442140741273,qsbs,0.20375704261717115,102.52368373133083,2.515086067393372e-4
Income,2038,Negative income,-2101711570,-0.024309019033769107,0.009258442140741273,oz,0.09651649387129159,48.56385018852513,1.1913565582389658e-4
Income,2038,Negative income,-2101711570,-0.024309019033769107,0.009258442140741273,cola_ss,-0.35092905308808375,-176.57568439750264,-4.331711732407172e-4
Income,2038,Negative income,-2101711570,-0.024309019033769107,0.009258442140741273,cola_snap,-0.020972743306205965,-10.55277831914627,-2.588781904513714e-5
Income,2038,Negative income,-2101711570,-0.024309019033769107,0.009258442140741273,cola_ssi,-0.020699589510890827,-10.41533652591452,-2.5550650181657165e-5
Income,2038,Negative income,-2101711570,-0.024309019033769107,0.009258442140741273,all_excises,1.5837010903003093,796.8650684235522,0.001954849999768465
Income,2038,Negative income,-2101711570,-0.024309019033769107,0.009258442140741273,all_income_tax,0.43061835509913243,216.67265818162622,5.315360938510249e-4
Income,2038,Negative income,-2101711570,-0.024309019033769107,0.009258442140741273,all_measures,2.0143194453994417,1013.5377266051785,0.00248638609361949
Income,2038,Negative income,-2101711570,-0.024309019033769107,0.009258442140741273,benefit_offset,-0.39260138590518057,-197.54379924256344,-4.8460964246751153e-4
Income,2038,Negative income,-2101711570,-0.024309019033769107,0.009258442140741273,all_excises_net,1.1910997043951288,599.3212691809888,0.0014702403573009534
Income,2038,Negative income,-2101711570,-0.024309019033769107,0.009258442140741273,all_measures_net,1.6217180594942613,815.9939273626151,0.0020017764511519784
Income,2038,Overall,-2101711570,1,1,carbon,143.1,723.9895760138915,-0.005726660478520315
Income,2038,Overall,-2101711570,1,1,gambling,15.77,79.78557382067832,-6.310931917978013e-4
Income,2038,Overall,-2101711570,1,1,guns,1.34,6.77949707797774,-5.362491293652846e-5
Income,2038,Overall,-2101711570,1,1,alcohol,28.5,144.19079606146687,-0.0011405298646948218
Income,2038,Overall,-2101711570,1,1,tobacco,0.46,2.327290041693851,-1.8408552202091857e-5
Income,2038,Overall,-2101711570,1,1,carried_interest,17.9,90.56193857895637,-7.163327922118354e-4
Income,2038,Overall,-2101711570,1,1,qsbs,13.3,67.28903816201786,-5.322472701909167e-4
Income,2038,Overall,-2101711570,1,1,oz,6.3,31.87375491885057,-2.521171279851711e-4
Income,2038,Overall,-2101711570,1,1,cola_ss,-19.61995684472531,-99.26376126780939,7.85163042997642e-4
Income,2038,Overall,-2101711570,1,1,cola_snap,-0.7640287414371818,-3.8654706119883464,3.057535428401066e-5
Income,2038,Overall,-2101711570,1,1,cola_ssi,-0.6907506477478095,-3.494732834341422,2.764286816890069e-5
Income,2038,Overall,-2101711570,1,1,all_excises,189.17,957.0727330157082,-0.0075703170001515585
Income,2038,Overall,-2101711570,1,1,all_income_tax,37.5,189.7247316598248,-0.0015006971903879234
Income,2038,Overall,-2101711570,1,1,all_measures,226.67,1146.797464675533,-0.009071014190539482
Income,2038,Overall,-2101711570,1,1,benefit_offset,-21.0747362339103,-106.62396471413915,8.433812654505533e-4
Income,2038,Overall,-2101711570,1,1,all_excises_net,168.0952637660897,850.4487683015691,-0.006726935734701005
Income,2038,Overall,-2101711570,1,1,all_measures_net,205.5952637660897,1040.1734999613939,-0.008227632925088928
Income,2039,Quintile 1,0,0.021630580457259033,0.10197101966762155,carbon,15.11590140732,385.10053005961197,-0.022199073913131123
Income,2039,Quintile 1,0,0.021630580457259033,0.10197101966762155,gambling,0.6516868971300424,16.60271278272239,-9.57061389048436e-4
Income,2039,Quintile 1,0,0.021630580457259033,0.10197101966762155,guns,0.042230056382051843,1.0758747797402317,-6.20186727684587e-5
Income,2039,Quintile 1,0,0.021630580457259033,0.10197101966762155,alcohol,2.658904091258312,67.73961719711885,-0.003904842116870818
Income,2039,Quintile 1,0,0.021630580457259033,0.10197101966762155,tobacco,0.0864143874499937,2.201537673145579,-1.2690737538360752e-4
Income,2039,Quintile 1,0,0.021630580457259033,0.10197101966762155,carried_interest,0.00681907461973551,0.17372627538470947,-1.0014430328935557e-5
Income,2039,Quintile 1,0,0.021630580457259033,0.10197101966762155,qsbs,0.023305551382998238,0.5937442927867957,-3.42263186161638e-5
Income,2039,Quintile 1,0,0.021630580457259033,0.10197101966762155,oz,0.010977252463006418,0.27966216689233137,-1.6121092101816286e-5
Income,2039,Quintile 1,0,0.021630580457259033,0.10197101966762155,cola_ss,-1.8883534937542894,-48.10867124553627,0.002773218589641693
Income,2039,Quintile 1,0,0.021630580457259033,0.10197101966762155,cola_snap,-0.41716991729101205,-10.628036790177527,6.126519073347066e-4
Income,2039,Quintile 1,0,0.021630580457259033,0.10197101966762155,cola_ssi,-0.41974792530248367,-10.69371545696447,6.164379462121227e-4
Income,2039,Quintile 1,0,0.021630580457259033,0.10197101966762155,all_excises,18.555136839540403,472.720272492339,-0.027249903467202442
Income,2039,Quintile 1,0,0.021630580457259033,0.10197101966762155,all_income_tax,0.04110187846574016,1.0471327350638366,-6.0361841046915645e-5
Income,2039,Quintile 1,0,0.021630580457259033,0.10197101966762155,all_measures,18.59623871800614,473.76740522740283,-0.027310265308249357
Income,2039,Quintile 1,0,0.021630580457259033,0.10197101966762155,benefit_offset,-2.725271336347785,-69.43042349267827,0.004002308443188523
Income,2039,Quintile 1,0,0.021630580457259033,0.10197101966762155,all_excises_net,15.829865503192616,403.28984899966076,-0.02324759502401392
Income,2039,Quintile 1,0,0.021630580457259033,0.10197101966762155,all_measures_net,15.870967381658357,404.3369817347246,-0.023307956865060837
Income,2039,Quintile 2,34930,0.059633871004320486,0.1329789868860122,carbon,19.63600926139048,500.20754737784307,-0.010833396601533228
Income,2039,Quintile 2,34930,0.059633871004320486,0.1329789868860122,gambling,0.9896451423921454,25.21021266901343,-5.459978236716179e-4
Income,2039,Quintile 2,34930,0.059633871004320486,0.1329789868860122,guns,0.1651692291958637,4.207519661380591,-9.112563262875668e-5
Income,2039,Quintile 2,34930,0.059633871004320486,0.1329789868860122,alcohol,3.0859159046678677,78.61059778186748,-0.00170253285325039
Income,2039,Quintile 2,34930,0.059633871004320486,0.1329789868860122,tobacco,0.0821554788877534,2.092828030943048,-4.532605754724e-5
Income,2039,Quintile 2,34930,0.059633871004320486,0.1329789868860122,carried_interest,0.02111515829552641,0.537887378382315,-1.1649458964626382e-5
Income,2039,Quintile 2,34930,0.059633871004320486,0.1329789868860122,qsbs,0.06722464555219843,1.7124800985467061,-3.708855689411563e-5
Income,2039,Quintile 2,34930,0.059633871004320486,0.1329789868860122,oz,0.03166378232531085,0.8066029449676514,-1.7469247812445767e-5
Income,2039,Quintile 2,34930,0.059633871004320486,0.1329789868860122,cola_ss,-4.3799698253002894,-111.57531730290466,0.0024164762599458143
Income,2039,Quintile 2,34930,0.059633871004320486,0.1329789868860122,cola_snap,-0.2035299110903968,-5.184719373948218,1.1228963165405069e-4
Income,2039,Quintile 2,34930,0.059633871004320486,0.1329789868860122,cola_ssi,-0.13152502124867269,-3.350467369506552,7.256376279133298e-5
Income,2039,Quintile 2,34930,0.059633871004320486,0.1329789868860122,all_excises,23.95889501653411,610.3287055210476,-0.013218378968631232
Income,2039,Quintile 2,34930,0.059633871004320486,0.1329789868860122,all_income_tax,0.12000358617303569,3.0569704218966725,-6.620726367118777e-5
Income,2039,Quintile 2,34930,0.059633871004320486,0.1329789868860122,all_measures,24.078898602707145,613.3856759429443,-0.01328458623230242
Income,2039,Quintile 2,34930,0.059633871004320486,0.1329789868860122,benefit_offset,-4.715024757639359,-120.11050404635944,0.002601329654391198
Income,2039,Quintile 2,34930,0.059633871004320486,0.1329789868860122,all_excises_net,19.243870258894752,490.2182014746882,-0.010617049314240035
Income,2039,Quintile 2,34930,0.059633871004320486,0.1329789868860122,all_measures_net,19.363873845067786,493.2751718965849,-0.010683256577911223
Income,2039,Quintile 3,69200,0.10765334413416788,0.15938070138595709,carbon,23.470656580011557,597.9250014077463,-0.007807447653924967
Income,2039,Quintile 3,69200,0.10765334413416788,0.15938070138595709,gambling,2.0268041667122447,51.633701856756844,-6.74210684410051e-4
Income,2039,Quintile 3,69200,0.10765334413416788,0.15938070138595709,guns,0.18289026958404095,4.659207735655384,-6.083793187982992e-5
Income,2039,Quintile 3,69200,0.10765334413416788,0.15938070138595709,alcohol,4.619696340459176,117.68873748614378,-0.0015367289462997198
Income,2039,Quintile 3,69200,0.10765334413416788,0.15938070138595709,tobacco,0.10180338679411359,2.5934847619057844,-3.386460922717513e-5
Income,2039,Quintile 3,69200,0.10765334413416788,0.15938070138595709,carried_interest,0.0727261429998804,1.852729556471659,-2.419214616377588e-5
Income,2039,Quintile 3,69200,0.10765334413416788,0.15938070138595709,qsbs,0.17402333238977372,4.433318723292611,-5.788837025342707e-5
Income,2039,Quintile 3,69200,0.10765334413416788,0.15938070138595709,oz,0.08196751163286445,2.08815736966681,-2.7266261351251885e-5
Income,2039,Quintile 3,69200,0.10765334413416788,0.15938070138595709,cola_ss,-3.763364521683781,-95.87331863745113,0.0012518725841997736
Income,2039,Quintile 3,69200,0.10765334413416788,0.15938070138595709,cola_snap,-0.07906354238511565,-2.0141775127067367,2.6300264178862795e-5
Income,2039,Quintile 3,69200,0.10765334413416788,0.15938070138595709,cola_ssi,-0.07557238789978982,-1.9252388610146978,2.513894149481143e-5
Income,2039,Quintile 3,69200,0.10765334413416788,0.15938070138595709,all_excises,30.40185074356113,774.5001332482082,-0.010113089825741743
Income,2039,Quintile 3,69200,0.10765334413416788,0.15938070138595709,all_income_tax,0.32871698702251856,8.37420564943108,-1.0934677776845483e-4
Income,2039,Quintile 3,69200,0.10765334413416788,0.15938070138595709,all_measures,30.73056773058365,782.8743388976392,-0.010222436603510198
Income,2039,Quintile 3,69200,0.10765334413416788,0.15938070138595709,benefit_offset,-3.9180004519686866,-99.81273501117256,0.0013033117898734478
Income,2039,Quintile 3,69200,0.10765334413416788,0.15938070138595709,all_excises_net,26.483850291592447,674.6873982370355,-0.008809778035868295
Income,2039,Quintile 3,69200,0.10765334413416788,0.15938070138595709,all_measures_net,26.812567278614964,683.0616038864666,-0.008919124813636749
Income,2039,Quintile 4,117795,0.18935154320710168,0.21907562051714372,carbon,32.32563483954676,823.496730647068,-0.0063547419412758
Income,2039,Quintile 4,117795,0.18935154320710168,0.21907562051714372,gambling,3.4099748897527267,86.86923512062228,-6.703506538438892e-4
Income,2039,Quintile 4,117795,0.18935154320710168,0.21907562051714372,guns,0.2460174218901695,6.2673028268241,-4.8363388280850964e-5
Income,2039,Quintile 4,117795,0.18935154320710168,0.21907562051714372,alcohol,7.292629434877334,185.78000176179253,-0.0014336231403351213
Income,2039,Quintile 4,117795,0.18935154320710168,0.21907562051714372,tobacco,0.09418372092365052,2.3993337376290653,-1.851512722054027e-5
Income,2039,Quintile 4,117795,0.18935154320710168,0.21907562051714372,carried_interest,0.1592884965315622,4.057880279058041,-3.1313763664542955e-5
Income,2039,Quintile 4,117795,0.18935154320710168,0.21907562051714372,qsbs,0.4562370567849878,11.62265571975217,-8.968946083523976e-5
Income,2039,Quintile 4,117795,0.18935154320710168,0.21907562051714372,oz,0.214894265876987,5.474439288289066,-4.224503590065641e-5
Income,2039,Quintile 4,117795,0.18935154320710168,0.21907562051714372,cola_ss,-4.623349359202457,-117.77999413903616,9.088821372860126e-4
Income,2039,Quintile 4,117795,0.18935154320710168,0.21907562051714372,cola_snap,-0.03287790871460256,-0.8375659278271912,6.463310820875792e-6
Income,2039,Quintile 4,117795,0.18935154320710168,0.21907562051714372,cola_ssi,-0.04069282425373298,-1.036651187210363,7.999607688378744e-6
Income,2039,Quintile 4,117795,0.18935154320710168,0.21907562051714372,all_excises,43.36844030699064,1104.812604093936,-0.008525594250956201
Income,2039,Quintile 4,117795,0.18935154320710168,0.21907562051714372,all_income_tax,0.830419819193537,21.154975287099276,-1.6324826040043912e-4
Income,2039,Quintile 4,117795,0.18935154320710168,0.21907562051714372,all_measures,44.19886012618418,1125.9675793810352,-0.0086888425113566415
Income,2039,Quintile 4,117795,0.18935154320710168,0.21907562051714372,benefit_offset,-4.696920092170793,-119.65421125407372,9.233450557952672e-4
Income,2039,Quintile 4,117795,0.18935154320710168,0.21907562051714372,all_excises_net,38.67152021481984,985.1583928398622,-0.0076022491951609344
Income,2039,Quintile 4,117795,0.18935154320710168,0.21907562051714372,all_measures_net,39.50194003401338,1006.3133681269616,-0.007765497455561374
Income,2039,Quintile 5,215650,0.6460184819915394,0.37732308770764483,carbon,56.076989755276934,1428.5315523162622,-0.0034734767808230907
Income,2039,Quintile 5,215650,0.6460184819915394,0.37732308770764483,gambling,9.267728688341817,236.09046968069575,-5.7405435902333e-4
Income,2039,Quintile 5,215650,0.6460184819915394,0.37732308770764483,guns,0.7595353675811568,19.34876038148447,-4.704654217390152e-5
Income,2039,Quintile 5,215650,0.6460184819915394,0.37732308770764483,alcohol,12.050014106871691,306.9677140774559,-7.463924934535354e-4
Income,2039,Quintile 5,215650,0.6460184819915394,0.37732308770764483,tobacco,0.09788048684713875,2.4934534543922595,-6.062836108766042e-6
Income,2039,Quintile 5,215650,0.6460184819915394,0.37732308770764483,carried_interest,19.196379776646015,489.01758672957516,-0.0011890470533641182
Income,2039,Quintile 5,215650,0.6460184819915394,0.37732308770764483,qsbs,12.867251858631786,327.78641207155505,-7.970131913108707e-4
Income,2039,Quintile 5,215650,0.6460184819915394,0.37732308770764483,oz,6.060662107326567,154.39215061341363,-3.7540476402323625e-4
Income,2039,Quintile 5,215650,0.6460184819915394,0.37732308770764483,cola_ss,-5.303386478739892,-135.10095588350399,3.284981928242802e-4
Income,2039,Quintile 5,215650,0.6460184819915394,0.37732308770764483,cola_snap,-0.018004569057996637,-0.4586568412008061,1.1152248514871864e-6
Income,2039,Quintile 5,215650,0.6460184819915394,0.37732308770764483,cola_ssi,-0.022526384854745046,-0.5738476987630087,1.3953116080286547e-6
Income,2039,Quintile 5,215650,0.6460184819915394,0.37732308770764483,all_excises,78.25214840491874,1993.4319499102905,-0.0048470330115826235
Income,2039,Quintile 5,215650,0.6460184819915394,0.37732308770764483,all_income_tax,38.124293742604365,971.1961494145438,-0.0023614650086982254
Income,2039,Quintile 5,215650,0.6460184819915394,0.37732308770764483,all_measures,116.37644214752311,2964.6280993248342,-0.007208498020280849
Income,2039,Quintile 5,215650,0.6460184819915394,0.37732308770764483,benefit_offset,-5.343917432652634,-136.1334604234678,3.3100872928379604e-4
Income,2039,Quintile 5,215650,0.6460184819915394,0.37732308770764483,all_excises_net,72.90823097226611,1857.2984894868227,-0.004516024282298828
Income,2039,Quintile 5,215650,0.6460184819915394,0.37732308770764483,all_measures_net,111.03252471487048,2828.4946389013667,-0.0068774892909970525
Income,2039,Top 10%,333995,0.4874417873588088,0.23540350096025675,carbon,35.042134366794265,1785.2476452962849,-0.002918552986419336
Income,2039,Top 10%,333995,0.4874417873588088,0.23540350096025675,gambling,5.882963467698889,299.7119572723762,-4.899741670392771e-4
Income,2039,Top 10%,333995,0.4874417873588088,0.23540350096025675,guns,0.48213742224953554,24.562850218274132,-4.0155762170249084e-5
Income,2039,Top 10%,333995,0.4874417873588088,0.23540350096025675,alcohol,6.861461561664701,349.5622717507855,-5.714703026472635e-4
Income,2039,Top 10%,333995,0.4874417873588088,0.23540350096025675,tobacco,0.05954658978366229,3.0336453848382403,-4.959454684611821e-6
Income,2039,Top 10%,333995,0.4874417873588088,0.23540350096025675,carried_interest,18.877530062124166,961.7298347086969,-0.001572252168270922
Income,2039,Top 10%,333995,0.4874417873588088,0.23540350096025675,qsbs,12.20503008301473,621.7943515769264,-0.0010165199021631161
Income,2039,Top 10%,333995,0.4874417873588088,0.23540350096025675,oz,5.748746053593895,292.874151105074,-4.7879560609132287e-4
Income,2039,Top 10%,333995,0.4874417873588088,0.23540350096025675,cola_ss,-2.1931894817754514,-111.73367229989285,1.826640935971273e-4
Income,2039,Top 10%,333995,0.4874417873588088,0.23540350096025675,cola_snap,-0.009393688204172159,-0.4785684448215874,7.82371772073278e-7
Income,2039,Top 10%,333995,0.4874417873588088,0.23540350096025675,cola_ssi,-0.010173206063433245,-0.5182815629823053,8.472954480200688e-7
Income,2039,Top 10%,333995,0.4874417873588088,0.23540350096025675,all_excises,48.32824340819105,2462.118369922559,-0.0040251126729607374
Income,2039,Top 10%,333995,0.4874417873588088,0.23540350096025675,all_income_tax,36.83130619873279,1876.3983373906972,-0.003067567676525361
Income,2039,Top 10%,333995,0.4874417873588088,0.23540350096025675,all_measures,85.15954960692385,4338.516707313256,-0.0070926803494860986
Income,2039,Top 10%,333995,0.4874417873588088,0.23540350096025675,benefit_offset,-2.212756376043057,-112.73052230769673,1.8429376081722064e-4
Income,2039,Top 10%,333995,0.4874417873588088,0.23540350096025675,all_excises_net,46.115487032147996,2349.387847614862,-0.0038408189121435167
Income,2039,Top 10%,333995,0.4874417873588088,0.23540350096025675,all_measures_net,82.94679323088079,4225.78618500556,-0.006908386588668878
Income,2039,Top 5%,480705,0.3713552723792795,0.14994834560670878,carbon,22.417153764573598,2284.2960058812687,-0.002466489332421519
Income,2039,Top 5%,480705,0.3713552723792795,0.14994834560670878,gambling,3.8004137325255085,387.26013128497954,-4.1814763945973734e-4
Income,2039,Top 5%,480705,0.3713552723792795,0.14994834560670878,guns,0.31146235915659937,31.73784818874441,-3.42692294650103e-5
Income,2039,Top 5%,480705,0.3713552723792795,0.14994834560670878,alcohol,3.8895216079407144,396.340176238108,-4.279519003598736e-4
Income,2039,Top 5%,480705,0.3713552723792795,0.14994834560670878,tobacco,0.03711617715844084,3.7821186457040255,-4.083776914009266e-6
Income,2039,Top 5%,480705,0.3713552723792795,0.14994834560670878,carried_interest,18.47750598469309,1882.8479994719132,-0.0020330222061028524
Income,2039,Top 5%,480705,0.3713552723792795,0.14994834560670878,qsbs,11.51605034459954,1173.4793846696316,-0.001267075009828939
Income,2039,Top 5%,480705,0.3713552723792795,0.14994834560670878,oz,5.42422661158674,552.7257971270004,-5.968106930353698e-4
Income,2039,Top 5%,480705,0.3713552723792795,0.14994834560670878,cola_ss,-1.1109598705934007,-113.20621795891705,1.2223544069619473e-4
Income,2039,Top 5%,480705,0.3713552723792795,0.14994834560670878,cola_snap,-0.005479651452433759,-0.5583735588323036,6.029089149655941e-7
Income,2039,Top 5%,480705,0.3713552723792795,0.14994834560670878,cola_ssi,-0.0036332878797975883,-0.3702300960773341,3.9975930447063193e-7
Income,2039,Top 5%,480705,0.3713552723792795,0.14994834560670878,all_excises,30.45566764135486,3103.4162802388046,-0.0033509418786201494
Income,2039,Top 5%,480705,0.3713552723792795,0.14994834560670878,all_income_tax,35.41778294087937,3609.0531812685454,-0.0038969079089671613
Income,2039,Top 5%,480705,0.3713552723792795,0.14994834560670878,all_measures,65.87345058223423,6712.4694615073495,-0.00724784978758731
Income,2039,Top 5%,480705,0.3713552723792795,0.14994834560670878,benefit_offset,-1.120072809925632,-114.13482161382669,1.2323810891563095e-4
Income,2039,Top 5%,480705,0.3713552723792795,0.14994834560670878,all_excises_net,29.33559483142923,2989.281458624978,-0.003227703769704518
Income,2039,Top 5%,480705,0.3713552723792795,0.14994834560670878,all_measures_net,64.7533777723086,6598.334639893523,-0.00712461167867168
Income,2039,Top 1%,1215420,0.20886880113192424,0.05430151168268593,carbon,8.224792815927033,4190.41654524369,-0.0016320101686911955
Income,2039,Top 1%,1215420,0.20886880113192424,0.05430151168268593,gambling,1.3763601615374144,701.2361918651673,-2.7310521124140186e-4
Income,2039,Top 1%,1215420,0.20886880113192424,0.05430151168268593,guns,0.11279939846884127,57.46971093570238,-2.238229818590876e-5
Income,2039,Top 1%,1215420,0.20886880113192424,0.05430151168268593,alcohol,1.0421070997901318,530.9389465009019,-2.0678081767961143e-4
Income,2039,Top 1%,1215420,0.20886880113192424,0.05430151168268593,tobacco,0.01277120797931746,6.506751284439272,-2.534135722951582e-6
Income,2039,Top 1%,1215420,0.20886880113192424,0.05430151168268593,carried_interest,16.8959957092968,8608.272761776983,-0.0033525995638866695
Income,2039,Top 1%,1215420,0.20886880113192424,0.05430151168268593,qsbs,9.645452418635038,4914.222680860732,-0.00191390552700083
Income,2039,Top 1%,1215420,0.20886880113192424,0.05430151168268593,oz,4.54314787834259,2314.6701033039676,-9.014772409786518e-4
Income,2039,Top 1%,1215420,0.20886880113192424,0.05430151168268593,cola_ss,-0.21923141395024529,-111.69532957417492,4.350114402523368e-5
Income,2039,Top 1%,1215420,0.20886880113192424,0.05430151168268593,cola_snap,-0.0015656147006953604,-0.7976587243105077,3.10658173278163e-7
Income,2039,Top 1%,1215420,0.20886880113192424,0.05430151168268593,cola_ssi,-7.266575759595176e-4,-0.3702218398901065,1.4418752905555846e-7
Income,2039,Top 1%,1215420,0.20886880113192424,0.05430151168268593,all_excises,10.768830683702738,5486.5681458299005,-0.002136812631521069
Income,2039,Top 1%,1215420,0.20886880113192424,0.05430151168268593,all_income_tax,31.084596006274428,15837.165545941683,-0.0061679823318661516
Income,2039,Top 1%,1215420,0.20886880113192424,0.05430151168268593,all_measures,41.85342668997716,21323.733691771584,-0.00830479496338722
Income,2039,Top 1%,1215420,0.20886880113192424,0.05430151168268593,benefit_offset,-0.22152368622690016,-112.86321013837554,4.39559897275674e-5
Income,2039,Top 1%,1215420,0.20886880113192424,0.05430151168268593,all_excises_net,10.547306997475838,5373.704935691525,-0.0020928566417935017
Income,2039,Top 1%,1215420,0.20886880113192424,0.05430151168268593,all_measures_net,41.63190300375027,21210.870481633207,-0.008260838973659652
Income,2039,Top 0.1%,5561005,0.09889958697679786,0.011441301303786277,carbon,1.7651804605586252,8992.99451425975,-7.473543236277937e-4
Income,2039,Top 0.1%,5561005,0.09889958697679786,0.011441301303786277,gambling,0.2802501982268666,1427.7795112669812,-1.1865426908029093e-4
Income,2039,Top 0.1%,5561005,0.09889958697679786,0.011441301303786277,guns,0.022967864563482397,117.01346385756582,-9.724293504010305e-6
Income,2039,Top 0.1%,5561005,0.09889958697679786,0.011441301303786277,alcohol,0.1681744652875774,856.7917431462643,-7.120286937500291e-5
Income,2039,Top 0.1%,5561005,0.09889958697679786,0.011441301303786277,tobacco,0.002589864868327212,13.194481286162604,-1.096514917428628e-6
Income,2039,Top 0.1%,5561005,0.09889958697679786,0.011441301303786277,carried_interest,13.182231411416819,67158.98879316697,-0.0055811843947483316
Income,2039,Top 0.1%,5561005,0.09889958697679786,0.011441301303786277,qsbs,7.088245105942224,36112.19973129192,-0.0030010702844416232
Income,2039,Top 0.1%,5561005,0.09889958697679786,0.011441301303786277,oz,3.3386661730887286,17009.36943865199,-0.0014135475977442428
Income,2039,Top 0.1%,5561005,0.09889958697679786,0.011441301303786277,cola_ss,-0.02506544602092641,-127.69992847775387,1.0612382062891228e-5
Income,2039,Top 0.1%,5561005,0.09889958697679786,0.011441301303786277,cola_snap,-1.5656760293964513e-4,-0.7976587243105075,6.628867564053644e-8
Income,2039,Top 0.1%,5561005,0.09889958697679786,0.011441301303786277,cola_ssi,-7.266860407952474e-5,-0.37022183989010643,3.076693667549546e-8
Income,2039,Top 0.1%,5561005,0.09889958697679786,0.011441301303786277,all_excises,2.2391628535048786,11407.773713816723,-9.480322705045265e-4
Income,2039,Top 0.1%,5561005,0.09889958697679786,0.011441301303786277,all_income_tax,23.609142690447772,120280.55796311087,-0.009995802276934198
Income,2039,Top 0.1%,5561005,0.09889958697679786,0.011441301303786277,all_measures,25.848305543952648,131688.3316769276,-0.010943834547438724
Income,2039,Top 0.1%,5561005,0.09889958697679786,0.011441301303786277,benefit_offset,-0.02529468222794558,-128.86780904195447,1.070943767520726e-5
Income,2039,Top 0.1%,5561005,0.09889958697679786,0.011441301303786277,all_excises_net,2.2138681712769332,11278.905904774769,-9.373228328293193e-4
Income,2039,Top 0.1%,5561005,0.09889958697679786,0.011441301303786277,all_measures_net,25.823010861724704,131559.46386788564,-0.010933125109763516
Income,2039,Negative income,-2171501745,-0.02428782079438846,0.009270583835620592,carbon,1.374808156454257,689.150768399306,0.0016360454578503928
Income,2039,Negative income,-2171501745,-0.02428782079438846,0.009270583835620592,gambling,0.06416021567102456,32.161623221954564,7.635176510299813e-5
Income,2039,Negative income,-2171501745,-0.02428782079438846,0.009270583835620592,guns,0.004157655366717158,2.084109973643411,4.947681715511584e-6
Income,2039,Negative income,-2171501745,-0.02428782079438846,0.009270583835620592,alcohol,0.1928401218656193,96.6650638039978,2.2948307659393781e-4
Income,2039,Negative income,-2171501745,-0.02428782079438846,0.009270583835620592,tobacco,0.00756253909735006,3.790877734847068,8.99955217893504e-6
Income,2039,Negative income,-2171501745,-0.02428782079438846,0.009270583835620592,carried_interest,0.14367135090727873,72.01820952973942,1.7097138969651146e-4
Income,2039,Negative income,-2171501745,-0.02428782079438846,0.009270583835620592,qsbs,0.21195755525825397,106.24806914951132,2.522331526106842e-4
Income,2039,Negative income,-2171501745,-0.02428782079438846,0.009270583835620592,oz,0.09983508037526456,50.044380396508956,1.1880547043256867e-4
Income,2039,Negative income,-2171501745,-0.02428782079438846,0.009270583835620592,cola_ss,-0.36420555496977847,-182.5654996912797,-4.3341090255745305e-4
Income,2039,Negative income,-2171501745,-0.02428782079438846,0.009270583835620592,cola_snap,-0.021202198903688692,-10.628036790177527,-2.523098299204381e-5
Income,2039,Negative income,-2171501745,-0.02428782079438846,0.009270583835620592,cola_ssi,-0.021333223304943385,-10.69371545696447,-2.538690429316059e-5
Income,2039,Negative income,-2171501745,-0.02428782079438846,0.009270583835620592,all_excises,1.643528688454968,823.8524431337488,0.0019558275334417754
Income,2039,Negative income,-2171501745,-0.02428782079438846,0.009270583835620592,all_income_tax,0.45546398654079723,228.3106590757597,5.420100127397643e-4
Income,2039,Negative income,-2171501745,-0.02428782079438846,0.009270583835620592,all_measures,2.098992674995765,1052.1631022095085,0.00249783754618154
Income,2039,Negative income,-2171501745,-0.02428782079438846,0.009270583835620592,benefit_offset,-0.40674097717841057,-203.8872519384217,-4.8402878984265743e-4
Income,2039,Negative income,-2171501745,-0.02428782079438846,0.009270583835620592,all_excises_net,1.2367877112765575,619.9651911953272,0.001471798743599118
Income,2039,Negative income,-2171501745,-0.02428782079438846,0.009270583835620592,all_measures_net,1.6922516978173547,848.2758502710868,0.0020138087563388823
Income,2039,Overall,-2171501745,1,1,carbon,148,746.4752911142231,-0.0057163768116865795
Income,2039,Overall,-2171501745,1,1,gambling,16.41,82.76796977827297,-6.338225910795728e-4
Income,2039,Overall,-2171501745,1,1,guns,1.4,7.061252753783191,-5.4073834705143324e-5
Income,2039,Overall,-2171501745,1,1,alcohol,29.9,150.808183812941,-0.0011548626126312753
Income,2039,Overall,-2171501745,1,1,tobacco,0.47,2.3705634244843568,-1.8153358793869544e-5
Income,2039,Overall,-2171501745,1,1,carried_interest,19.6,98.85753855296467,-7.570336858720065e-4
Income,2039,Overall,-2171501745,1,1,qsbs,13.8,69.6037771444343,-5.33013513522127e-4
Income,2039,Overall,-2171501745,1,1,oz,6.5,32.784387785421956,-2.5105708970245115e-4
Income,2039,Overall,-2171501745,1,1,cola_ss,-20.322629233650485,-102.50230117159234,7.849446385388071e-4
Income,2039,Overall,-2171501745,1,1,cola_snap,-0.7718480474428124,-3.8930101075055275,2.9811988382078757e-5
Income,2039,Overall,-2171501745,1,1,cola_ssi,-0.7113977668643676,-3.58811388593302,2.747714661073707e-5
Income,2039,Overall,-2171501745,1,1,all_excises,196.18,989.4832608837046,-0.00757728920889644
Income,2039,Overall,-2171501745,1,1,all_income_tax,39.900000000000006,201.24570348282094,-0.0015411042890965845
Income,2039,Overall,-2171501745,1,1,all_measures,236.08,1190.7289643665256,-0.009118393497993026
Income,2039,Overall,-2171501745,1,1,benefit_offset,-21.805875047957663,-109.98342516503088,8.422337735316229e-4
Income,2039,Overall,-2171501745,1,1,all_excises_net,174.37412495204234,879.4998357186737,-0.006735055435364817
Income,2039,Overall,-2171501745,1,1,all_measures_net,214.27412495204234,1080.7455392014947,-0.008276159724461402
