model,state,year,n,match_15,match_100,share_both_zero,mean_abs_diff,median_abs_diff,p90_abs_diff,p99_abs_diff,mean_signed,n_clean,match_15_clean,match_100_clean
taxsim,AK,2017,16566,1,1,1,0,0,0,0,0,8181,1,1
taxsim,AK,2017,3935,NA,NA,NA,NA,NA,NA,NA,NA,NA,NA,NA
taxsim,AK,2018,16511,1,1,1,0,0,0,0,0,8943,1,1
taxsim,AK,2018,3991,NA,NA,NA,NA,NA,NA,NA,NA,NA,NA,NA
taxsim,AK,2019,16389,1,1,1,0,0,0,0,0,8876,1,1
taxsim,AK,2019,4113,NA,NA,NA,NA,NA,NA,NA,NA,NA,NA,NA
taxsim,AK,2020,16345,1,1,1,0,0,0,0,0,8524,1,1
taxsim,AK,2020,4151,NA,NA,NA,NA,NA,NA,NA,NA,NA,NA,NA
policyengine,AK,2021,1146,1,1,1,0,0,0,0,0,0,NA,NA
policyengine,AK,2021,389,NA,NA,NA,NA,NA,NA,NA,NA,NA,NA,NA
policyengine,AK,2022,1152,1,1,1,0,0,0,0,0,0,NA,NA
policyengine,AK,2022,375,NA,NA,NA,NA,NA,NA,NA,NA,NA,NA,NA
policyengine,AK,2023,1117,1,1,1,0,0,0,0,0,0,NA,NA
policyengine,AK,2023,413,NA,NA,NA,NA,NA,NA,NA,NA,NA,NA,NA
policyengine,AK,2024,1141,1,1,1,0,0,0,0,0,0,NA,NA
policyengine,AK,2024,386,NA,NA,NA,NA,NA,NA,NA,NA,NA,NA,NA
policyengine,AK,2025,1144,1,1,1,0,0,0,0,0,0,NA,NA
policyengine,AK,2025,382,NA,NA,NA,NA,NA,NA,NA,NA,NA,NA,NA
taxsim,AL,2017,8230,0.632685297691373,0.827460510328068,0.13778857837181044,581.8740917800914,3.31074664264122,189.8143346533203,11672.340705331677,441.00305114595636,6047,0.6849677526045973,0.8701835620969075
taxsim,AL,2017,12271,NA,NA,NA,NA,NA,NA,NA,NA,NA,NA,NA
taxsim,AL,2018,8227,0.6366840889753251,0.8230217576273247,0.1365017624893643,700.156158651575,3.0881801233751958,206.39963991794653,11506.06606006583,503.93337961289717,5892,0.696877121520706,0.8710115410726409
taxsim,AL,2018,12275,NA,NA,NA,NA,NA,NA,NA,NA,NA,NA,NA
taxsim,AL,2019,8219,0.6375471468548485,0.8279596057914588,0.13347122520987956,653.547060640264,2.967676248294538,197.16750996993642,13096.722196628285,549.2607770009412,5970,0.6974874371859296,0.8777219430485762
taxsim,AL,2019,12283,NA,NA,NA,NA,NA,NA,NA,NA,NA,NA,NA
taxsim,AL,2020,8240,0.6337378640776699,0.8194174757281554,0.1445388349514563,664.7361550584909,3.1098586342847057,200.9329301973048,10966.440267261372,565.7496448864282,5702,0.7006313574184496,0.8721501227639424
taxsim,AL,2020,12256,NA,NA,NA,NA,NA,NA,NA,NA,NA,NA,NA
policyengine,AL,2021,1146,0.4607329842931937,0.5741710296684118,0.13787085514834205,7900.422609074537,35.71347786240938,3038.054247902817,55708.3251865141,7137.5698559287985,361,0.7867036011080333,0.8448753462603878
policyengine,AL,2021,389,NA,NA,NA,NA,NA,NA,NA,NA,NA,NA,NA
policyengine,AL,2022,1152,0.4756944444444444,0.6015625,0.125,7820.58025224912,20.65193970599239,3418.649445130562,54547.65605169741,7438.641909842008,435,0.7310344827586207,0.8045977011494253
policyengine,AL,2022,375,NA,NA,NA,NA,NA,NA,NA,NA,NA,NA,NA
policyengine,AL,2023,1117,0.4485228290062668,0.5881826320501343,0.13160250671441362,1825.297134354991,33.20097115762837,2373.311540353194,38792.005374901484,1281.430788198274,442,0.667420814479638,0.7737556561085973
policyengine,AL,2023,413,NA,NA,NA,NA,NA,NA,NA,NA,NA,NA,NA
policyengine,AL,2024,1141,0.44785276073619634,0.574934268185802,0.14285714285714285,3848.0893692612067,39.113678197910986,3310.8256904424634,79744.13291331401,3060.9630611011644,445,0.6606741573033708,0.7617977528089888
policyengine,AL,2024,386,NA,NA,NA,NA,NA,NA,NA,NA,NA,NA,NA
policyengine,AL,2025,1144,0.3942307692307692,0.5445804195804196,0.13024475524475523,11022.934441117724,66.75001312317477,2977.646052265578,64381.27211946127,10493.13867435326,117,0.7521367521367521,0.7948717948717948
policyengine,AL,2025,382,NA,NA,NA,NA,NA,NA,NA,NA,NA,NA,NA
taxsim,AR,2017,8242,0.4242902208201893,0.6273962630429507,0.16634312060179568,2185.9954869673143,26.6021335854183,940.5433320964553,58394.83969668289,-566.7677930952505,5898,0.46252967107494064,0.6637843336724313
taxsim,AR,2017,12259,NA,NA,NA,NA,NA,NA,NA,NA,NA,NA,NA
taxsim,AR,2018,8514,0.39370448672774255,0.6104063894761569,0.15914963589382194,2401.112253171037,29.5328477671776,1031.4202203457567,51255.572416030955,-611.3741553620508,6082,0.432916803682999,0.6550476816836567
taxsim,AR,2018,11988,NA,NA,NA,NA,NA,NA,NA,NA,NA,NA,NA
taxsim,AR,2019,8506,0.44333411709381615,0.6542440630143428,0.19057136139195863,2152.676486446971,26.000593593004055,1007.6394148725731,55408.9795544197,-1005.3872345601965,6157,0.4854636998538249,0.6902712359915544
taxsim,AR,2019,11996,NA,NA,NA,NA,NA,NA,NA,NA,NA,NA,NA
taxsim,AR,2020,8778,0.449419002050581,0.6610845295055822,0.19423558897243107,2720.142829825758,28.998069714368285,1065.5052225842912,49088.85872119794,-57.753974059143744,6035,0.48980944490472245,0.6947804473902237
taxsim,AR,2020,11718,NA,NA,NA,NA,NA,NA,NA,NA,NA,NA,NA
policyengine,AR,2021,1146,0.22949389179755672,0.3900523560209424,0.1143106457242583,41076.67974594004,253.5989250740222,11842.356311024749,360779.91308328963,37241.66914038738,358,0.39385474860335196,0.659217877094972
policyengine,AR,2021,389,NA,NA,NA,NA,NA,NA,NA,NA,NA,NA,NA
policyengine,AR,2022,1152,0.1371527777777778,0.2170138888888889,0.10590277777777778,26590.394328318718,272.7448055191551,12412.816570524497,315663.5558514248,24176.779839683742,435,0.19310344827586207,0.28045977011494255
policyengine,AR,2022,375,NA,NA,NA,NA,NA,NA,NA,NA,NA,NA,NA
policyengine,AR,2023,1117,0.1512981199641898,0.36257833482542523,0.11190689346463742,9483.175717315075,200.78100103420456,8874.162787256224,154330.63590021696,7472.809949504619,442,0.21040723981900453,0.5135746606334841
policyengine,AR,2023,413,NA,NA,NA,NA,NA,NA,NA,NA,NA,NA,NA
policyengine,AR,2024,1141,0.2252410166520596,0.4215600350569676,0.11744084136722173,19511.251612516084,154.10373152220467,10950.065663174113,332310.73303174565,17592.712882584092,449,0.34521158129175944,0.6347438752783965
policyengine,AR,2024,386,NA,NA,NA,NA,NA,NA,NA,NA,NA,NA,NA
policyengine,AR,2025,1144,0.22115384615384615,0.40646853146853146,0.10052447552447552,19957.314581996223,162.21213105326694,9432.807455062803,149739.45208421507,17101.66647514679,118,0.5254237288135594,0.6440677966101694
policyengine,AR,2025,382,NA,NA,NA,NA,NA,NA,NA,NA,NA,NA,NA
taxsim,AZ,2017,16566,0.2039116262223832,0.5221538090063986,0.006640106241699867,968.315148019142,96.79588373943224,1812.3788439988275,10791.59970759103,636.899246401562,6197,0.4637727932870744,0.9044699047926416
taxsim,AZ,2017,3935,NA,NA,NA,NA,NA,NA,NA,NA,NA,NA,NA
taxsim,AZ,2018,16511,0.2666707043788989,0.7124341348192115,0.005329780146568954,307.37768470903296,60.434333324007184,230.3157092569163,1542.3645659173706,-97.55802672395963,8682,0.38527988942639946,0.8281501958074177
taxsim,AZ,2018,3991,NA,NA,NA,NA,NA,NA,NA,NA,NA,NA,NA
taxsim,AZ,2019,16389,0.39776679480139115,0.8165842943437671,0.010982976386600769,328.7033077650019,25,174.1556850073323,1785.8477525456706,-186.75139783400545,8621,0.5655956385570119,0.9413061129799327
taxsim,AZ,2019,4113,NA,NA,NA,NA,NA,NA,NA,NA,NA,NA,NA
taxsim,AZ,2020,16345,0.3887427347812787,0.801040073416947,0.012174977057204038,347.29044023886496,25,203.5069778947418,1617.0232246624612,-188.1847483791508,8350,0.5718562874251497,0.941437125748503
taxsim,AZ,2020,4151,NA,NA,NA,NA,NA,NA,NA,NA,NA,NA,NA
policyengine,AZ,2021,639,0.2597809076682316,0.7167449139280125,0.014084507042253521,25497.385576577206,50,7638.042840151403,426116.523163263,25016.289265195355,223,0.3991031390134529,0.905829596412556
policyengine,AZ,2021,896,NA,NA,NA,NA,NA,NA,NA,NA,NA,NA,NA
policyengine,AZ,2022,1152,0.3706597222222222,0.7170138888888888,0.020833333333333332,4413.0762412922295,49.80325523841657,1140.9608193777524,46468.18391097164,3859.376845589433,438,0.632420091324201,0.9223744292237442
policyengine,AZ,2022,375,NA,NA,NA,NA,NA,NA,NA,NA,NA,NA,NA
policyengine,AZ,2023,1117,0.38406445837063563,0.7529095792300806,0.03581020590868397,1718.9850965000776,34.26043943555146,568.187459260775,10953.934128155333,1289.23544493046,446,0.6322869955156951,0.9439461883408071
policyengine,AZ,2023,413,NA,NA,NA,NA,NA,NA,NA,NA,NA,NA,NA
policyengine,AZ,2024,1141,0.3488168273444347,0.7072743207712533,0.03593339176161262,5399.199152547732,50,947.5498062594488,46605.74546254093,4815.196148902504,448,0.6294642857142857,0.921875
policyengine,AZ,2024,386,NA,NA,NA,NA,NA,NA,NA,NA,NA,NA,NA
policyengine,AZ,2025,1144,0.3304195804195804,0.6678321678321678,0.04020979020979021,5060.862691101537,50,1116.4195570309032,46225.04615079102,2165.4000154124096,117,0.13675213675213677,0.8974358974358975
policyengine,AZ,2025,382,NA,NA,NA,NA,NA,NA,NA,NA,NA,NA,NA
taxsim,CA,2017,7871,0.8503366789480371,0.9489264388260704,0.27925295388133653,38.921745595455185,0.06290176698826144,40.20965751510448,763.4531357222243,16.609736478420274,5671,0.9578557573620173,0.9924175630400283
taxsim,CA,2017,12630,NA,NA,NA,NA,NA,NA,NA,NA,NA,NA,NA
taxsim,CA,2018,8811,0.8303257292021337,0.9208943366246737,0.2373169901259789,116.13756128296902,0.19000000000000128,63.479786272655474,1516.8134661446102,41.00931738127751,5899,0.9416850313612477,0.9866078996440074
taxsim,CA,2018,11691,NA,NA,NA,NA,NA,NA,NA,NA,NA,NA,NA
taxsim,CA,2019,8800,0.8114772727272728,0.9005681818181818,0.19897727272727272,113.29176916978248,0.31732089123863716,97.83050133611565,1800.2784826108555,-2.5499618816312064,5952,0.9351478494623656,0.9791666666666666
taxsim,CA,2019,11702,NA,NA,NA,NA,NA,NA,NA,NA,NA,NA,NA
taxsim,CA,2020,8978,0.8040766317665404,0.8989752728892849,0.21073735798618845,147.4484857801741,0.5959209039903328,103.24928716754567,1838.1986264714437,33.43830056330306,5745,0.9246301131418625,0.9718015665796345
taxsim,CA,2020,11518,NA,NA,NA,NA,NA,NA,NA,NA,NA,NA,NA
policyengine,CA,2021,630,0.692063492063492,0.834920634920635,0.23174603174603176,737.6078529510642,0.31999999999993634,333.165,6859.1419643324525,-189.07465508165166,311,0.9163987138263665,0.9742765273311897
policyengine,CA,2021,905,NA,NA,NA,NA,NA,NA,NA,NA,NA,NA,NA
policyengine,CA,2022,640,0.7578125,0.85625,0.190625,513.933348198863,0.17399456803343583,280.7075609803765,8855.651781426546,-167.8261063823607,345,0.9246376811594202,0.9768115942028985
policyengine,CA,2022,887,NA,NA,NA,NA,NA,NA,NA,NA,NA,NA,NA
policyengine,CA,2023,602,0.7724252491694352,0.8604651162790697,0.19435215946843853,468.8354703348628,0.01999999999999602,252.80718053737667,7741.404974540382,-397.03380184780207,338,0.9437869822485208,0.9911242603550295
policyengine,CA,2023,928,NA,NA,NA,NA,NA,NA,NA,NA,NA,NA,NA
policyengine,CA,2024,609,0.7241379310344828,0.8210180623973727,0.2200328407224959,1099.3719849347042,0.20121755255422613,350.6760000000008,17590.511599999812,93.29751838339558,347,0.9135446685878963,0.9740634005763689
policyengine,CA,2024,918,NA,NA,NA,NA,NA,NA,NA,NA,NA,NA,NA
policyengine,CA,2025,630,0.7,0.8253968253968254,0.21587301587301588,588.7210803636908,0.34745343210079227,302.1276372335644,12290.095246927056,-507.77394605229614,88,0.8068181818181818,0.9090909090909091
policyengine,CA,2025,896,NA,NA,NA,NA,NA,NA,NA,NA,NA,NA,NA
taxsim,CO,2017,8045,0.7635798632691112,0.8519577377252953,0.14244872591671845,72.38164888045125,0.004203734971611084,236.3549827100922,928.2510674483502,-27.58682560258698,5539,0.9656977793825601,0.9814045856652825
taxsim,CO,2017,12456,NA,NA,NA,NA,NA,NA,NA,NA,NA,NA,NA
taxsim,CO,2018,11001,0.6533951458958277,0.799745477683847,0.12144350513589673,251.8604798117316,0.21221362115727516,277.80253612262527,5080.649060336582,-102.00760811210549,6826,0.8643422209200117,0.9320246117784939
taxsim,CO,2018,9501,NA,NA,NA,NA,NA,NA,NA,NA,NA,NA,NA
taxsim,CO,2019,10930,0.6512351326623971,0.7936870997255261,0.11637694419030192,271.448952758295,0.9273124005646878,283.1394444755622,5287.388585440587,-120.56344934964997,6786,0.8704686118479222,0.9285293250810492
taxsim,CO,2019,9572,NA,NA,NA,NA,NA,NA,NA,NA,NA,NA,NA
taxsim,CO,2020,11117,0.6427093640370604,0.7873527030673743,0.11594854726994692,305.1741032652473,1.4795693191299506,305.2031834260107,4665.271962454101,-196.3640737897913,6547,0.8681839010233695,0.9266839773942264
taxsim,CO,2020,9379,NA,NA,NA,NA,NA,NA,NA,NA,NA,NA,NA
policyengine,CO,2021,1535,NA,NA,NA,NA,NA,NA,NA,NA,NA,NA,NA
policyengine,CO,2022,1527,NA,NA,NA,NA,NA,NA,NA,NA,NA,NA,NA
policyengine,CO,2023,1530,NA,NA,NA,NA,NA,NA,NA,NA,NA,NA,NA
policyengine,CO,2024,1527,NA,NA,NA,NA,NA,NA,NA,NA,NA,NA,NA
policyengine,CO,2025,1052,0.03612167300380228,0.5237642585551331,0,947.6174356472923,85.07427954294371,1609.836427503611,20249.760590271002,-595.6935422435039,110,0.02727272727272727,0.8636363636363636
policyengine,CO,2025,474,NA,NA,NA,NA,NA,NA,NA,NA,NA,NA,NA
taxsim,CT,2017,14594,0.5403590516650678,0.8415787309853364,0.09284637522269426,117.55646275055507,11.828062850792321,189.89670917699138,1345.7480934670052,12.207593364330311,6019,0.7080910450240904,0.987207177271972
taxsim,CT,2017,5907,NA,NA,NA,NA,NA,NA,NA,NA,NA,NA,NA
taxsim,CT,2018,14533,0.5296910479598156,0.8376109543796876,0.09082777127915778,113.73424104343192,12.409179229167421,203.054934693779,1290.4208000000006,49.171930794390676,7445,0.6715916722632639,0.9717931497649429
taxsim,CT,2018,5969,NA,NA,NA,NA,NA,NA,NA,NA,NA,NA,NA
taxsim,CT,2019,14387,0.5046222284006394,0.8053103496211858,0.09216653923681101,137.70057681285542,14.66,305.67232708580264,1341.951530682852,35.987636666451174,7405,0.6452397029034436,0.9392302498311952
taxsim,CT,2019,6115,NA,NA,NA,NA,NA,NA,NA,NA,NA,NA,NA
taxsim,CT,2020,14381,0.4918990334469091,0.7765802099993047,0.0966553090883805,180.96372801125085,15.825657491995344,482.92715,1662.731361122224,85.92079196111735,7119,0.6475628599522405,0.9346818373367046
taxsim,CT,2020,6115,NA,NA,NA,NA,NA,NA,NA,NA,NA,NA,NA
policyengine,CT,2021,1146,0.5759162303664922,0.7382198952879581,0.10296684118673648,1518.0565515064459,2.7228603033836407,1102.708078497645,13311.571892391969,169.6387037509809,359,0.9415041782729805,0.9777158774373259
policyengine,CT,2021,389,NA,NA,NA,NA,NA,NA,NA,NA,NA,NA,NA
policyengine,CT,2022,793,0.6532156368221942,0.7414880201765448,0.10718789407313997,1078.3745651120075,0.9447905477281893,1671.226503469637,21585.76162145787,-652.6770836440627,286,0.951048951048951,0.9790209790209791
policyengine,CT,2022,734,NA,NA,NA,NA,NA,NA,NA,NA,NA,NA,NA
policyengine,CT,2023,1117,0.67591763652641,0.7609668755595345,0.12712623097582812,1203.288911306351,0.21676542124441767,1350.114105205902,7083.739179597859,435.66260751286376,445,0.9483146067415731,0.9775280898876404
policyengine,CT,2023,413,NA,NA,NA,NA,NA,NA,NA,NA,NA,NA,NA
policyengine,CT,2024,1141,0.6555652936021035,0.740578439964943,0.13584574934268187,1886.9342259656723,0.34714479085232597,1625.723032927267,19943.757185353556,530.5605529855591,448,0.9419642857142857,0.9776785714285714
policyengine,CT,2024,386,NA,NA,NA,NA,NA,NA,NA,NA,NA,NA,NA
policyengine,CT,2025,1144,0.6215034965034965,0.7255244755244755,0.11975524475524475,996.9507668291524,1.8039268507783106,1519.8739104284086,14688.751101695922,-338.5238244128593,117,0.9914529914529915,1
policyengine,CT,2025,382,NA,NA,NA,NA,NA,NA,NA,NA,NA,NA,NA
taxsim,DC,2017,7777,0.6264626462646264,0.7131284557027131,0.09875273241609875,148.8362515701488,0.01929085597566882,508.1467897728304,1714.282277747254,26.117481810961134,5491,0.7965762156255691,0.8612274631214715
taxsim,DC,2017,12724,NA,NA,NA,NA,NA,NA,NA,NA,NA,NA,NA
taxsim,DC,2018,10499,0.7022573578436041,0.808838937041623,0.0959138965615773,107.84407698345113,0.1911582836735306,339.1221978771041,1521.0468228007867,48.43199498810059,6713,0.8650379859973186,0.9206018173692835
taxsim,DC,2018,10003,NA,NA,NA,NA,NA,NA,NA,NA,NA,NA,NA
taxsim,DC,2019,10383,0.7006645478185496,0.8077626890108832,0.09303669459693731,115.54766359908864,0.30659167872818216,349.47125347473485,1701.0906263849577,49.3759037202236,6695,0.8666168782673637,0.9214339058999254
taxsim,DC,2019,10119,NA,NA,NA,NA,NA,NA,NA,NA,NA,NA,NA
taxsim,DC,2020,10569,0.6897530513766676,0.8019680196801968,0.09527864509414324,135.24288838922715,0.1599999999996271,377.13311750823925,1817.098762688176,73.43061281491981,6682,0.8567794073630649,0.9203831188266985
taxsim,DC,2020,9927,NA,NA,NA,NA,NA,NA,NA,NA,NA,NA,NA
policyengine,DC,2021,1146,0.3324607329842932,0.4790575916230366,0.06980802792321117,2979.6835640765785,124.74995459958222,4011.022612824425,36614.79955716336,128.28323552289308,360,0.7277777777777777,0.7611111111111111
policyengine,DC,2021,389,NA,NA,NA,NA,NA,NA,NA,NA,NA,NA,NA
policyengine,DC,2022,1152,0.4418402777777778,0.5407986111111112,0.0859375,2147.5625908247,50.363747884563054,3159.1610287987833,36603.656446573135,-1106.9062953243385,434,0.8018433179723502,0.8410138248847926
policyengine,DC,2022,375,NA,NA,NA,NA,NA,NA,NA,NA,NA,NA,NA
policyengine,DC,2023,1117,0.42256042972247093,0.5138764547896151,0.08415398388540735,3457.9067645336986,78.05683159671025,3211.112556229179,37701.78324034008,-336.305529660776,441,0.7687074829931972,0.8049886621315193
policyengine,DC,2023,413,NA,NA,NA,NA,NA,NA,NA,NA,NA,NA,NA
policyengine,DC,2024,1141,0.4057843996494303,0.5030674846625767,0.09903593339176162,4168.663325109946,94.52829648670888,4303.023909742711,54835.221829177644,-25.436270298907306,446,0.7443946188340808,0.804932735426009
policyengine,DC,2024,386,NA,NA,NA,NA,NA,NA,NA,NA,NA,NA,NA
policyengine,DC,2025,1144,0.3688811188811189,0.4772727272727273,0.08828671328671328,7487.900222786564,131.10169766169724,4052.918607173058,44426.328317520456,-5717.431685819631,117,0.8717948717948718,0.905982905982906
policyengine,DC,2025,382,NA,NA,NA,NA,NA,NA,NA,NA,NA,NA,NA
taxsim,DE,2017,8207,0.796515169976849,0.869014256122822,0.3522602656269039,58.622546983108784,0.0022844388499834167,123.25701333506419,920.3803242906799,-14.102815079986197,5784,0.8794951590594744,0.9137275242047026
taxsim,DE,2017,12294,NA,NA,NA,NA,NA,NA,NA,NA,NA,NA,NA
taxsim,DE,2018,8206,0.7928345113331708,0.8585181574457714,0.3470631245430173,61.93025207563635,0.0026401395755897283,142.35887754090382,987.3533201006968,-10.329229728206801,5767,0.8808739379226634,0.9160742153632738
taxsim,DE,2018,12296,NA,NA,NA,NA,NA,NA,NA,NA,NA,NA,NA
taxsim,DE,2019,7470,0.8104417670682731,0.8777777777777778,0.36961178045515397,50.01195180146444,0.002320373004550902,110.11745568620299,763.6162143801752,-0.4177858499219968,5440,0.8863970588235294,0.919485294117647
taxsim,DE,2019,13032,NA,NA,NA,NA,NA,NA,NA,NA,NA,NA,NA
taxsim,DE,2020,7339,0.7957487396103011,0.8608802289140209,0.36994140891129584,81.81440297357182,0.0022889604535976105,147.34551158751808,1638.4641712462071,-39.93465022081835,5151,0.8879829159386526,0.9190448456610367
taxsim,DE,2020,13157,NA,NA,NA,NA,NA,NA,NA,NA,NA,NA,NA
policyengine,DE,2021,1146,0.39179755671902267,0.5636998254799301,0.1273996509598604,2023.9760330145998,52.54700549290679,1640.215811187827,17301.30553449069,-197.83030431964355,359,0.7827298050139275,0.8495821727019499
policyengine,DE,2021,389,NA,NA,NA,NA,NA,NA,NA,NA,NA,NA,NA
policyengine,DE,2022,1152,0.4401041666666667,0.578125,0.1267361111111111,1118.2340473613947,36.40162585936105,1636.4178320830088,17439.86162676708,-368.18492604861666,434,0.7741935483870968,0.847926267281106
policyengine,DE,2022,375,NA,NA,NA,NA,NA,NA,NA,NA,NA,NA,NA
policyengine,DE,2023,1117,0.4422560429722471,0.5828111011638317,0.13249776186213072,1615.6237712909667,38.2,1457.946862587,14162.366377427585,261.66713338588187,441,0.7664399092970522,0.8503401360544217
policyengine,DE,2023,413,NA,NA,NA,NA,NA,NA,NA,NA,NA,NA,NA
policyengine,DE,2024,1141,0.4224364592462752,0.5530236634531113,0.13409290096406662,2413.827890359602,51.239510923952366,2099.506157857755,36864.99112740834,321.35045426236496,445,0.7460674157303371,0.8224719101123595
policyengine,DE,2024,386,NA,NA,NA,NA,NA,NA,NA,NA,NA,NA,NA
policyengine,DE,2025,1144,0.3618881118881119,0.5096153846153846,0.11800699300699301,4727.785387535382,91.82374372700724,1777.5812644510752,25927.175427656948,-3158.522319592663,117,0.7350427350427351,0.7692307692307693
policyengine,DE,2025,382,NA,NA,NA,NA,NA,NA,NA,NA,NA,NA,NA
taxsim,FL,2017,16566,1,1,1,0,0,0,0,0,6625,1,1
taxsim,FL,2017,3935,NA,NA,NA,NA,NA,NA,NA,NA,NA,NA,NA
taxsim,FL,2018,16511,1,1,1,0,0,0,0,0,8797,1,1
taxsim,FL,2018,3991,NA,NA,NA,NA,NA,NA,NA,NA,NA,NA,NA
taxsim,FL,2019,16389,1,1,1,0,0,0,0,0,8751,1,1
taxsim,FL,2019,4113,NA,NA,NA,NA,NA,NA,NA,NA,NA,NA,NA
taxsim,FL,2020,16345,1,1,1,0,0,0,0,0,8402,1,1
taxsim,FL,2020,4151,NA,NA,NA,NA,NA,NA,NA,NA,NA,NA,NA
policyengine,FL,2021,1146,1,1,1,0,0,0,0,0,360,1,1
policyengine,FL,2021,389,NA,NA,NA,NA,NA,NA,NA,NA,NA,NA,NA
policyengine,FL,2022,1152,1,1,1,0,0,0,0,0,433,1,1
policyengine,FL,2022,375,NA,NA,NA,NA,NA,NA,NA,NA,NA,NA,NA
policyengine,FL,2023,1117,1,1,1,0,0,0,0,0,444,1,1
policyengine,FL,2023,413,NA,NA,NA,NA,NA,NA,NA,NA,NA,NA,NA
policyengine,FL,2024,1141,1,1,1,0,0,0,0,0,446,1,1
policyengine,FL,2024,386,NA,NA,NA,NA,NA,NA,NA,NA,NA,NA,NA
policyengine,FL,2025,1144,1,1,1,0,0,0,0,0,113,1,1
policyengine,FL,2025,382,NA,NA,NA,NA,NA,NA,NA,NA,NA,NA,NA
taxsim,GA,2017,8449,0.7780802461829802,0.917741744585158,0.22405018345366315,96.55371138896,0.004290998941939961,70.00017579297688,2142.805194799829,-1.8424586170954385,5922,0.8571428571428571,0.9398851739277271
taxsim,GA,2017,12052,NA,NA,NA,NA,NA,NA,NA,NA,NA,NA,NA
taxsim,GA,2018,11829,0.7895849184208301,0.8911995942176009,0.2077944035844112,142.73325384383082,0.004569212148453516,148.55113908257738,3591.156694226851,-22.362738327674887,8249,0.8729542974906049,0.9216874772699721
taxsim,GA,2018,8673,NA,NA,NA,NA,NA,NA,NA,NA,NA,NA,NA
taxsim,GA,2019,11728,0.7910982264665757,0.893843792633015,0.20242155525238745,133.2859383802428,0.004638790443095786,139.09636456540358,3495.355551632926,-26.835490591853286,8248,0.876454898157129,0.9247090203685742
taxsim,GA,2019,8774,NA,NA,NA,NA,NA,NA,NA,NA,NA,NA,NA
taxsim,GA,2020,11938,0.7870665103032334,0.8878371586530407,0.1929971519517507,139.51271555047455,0.004685360965936525,172.7939382269472,3250.251739935415,-40.70629093522176,7918,0.8748421318514776,0.9203081586259156
taxsim,GA,2020,8558,NA,NA,NA,NA,NA,NA,NA,NA,NA,NA,NA
policyengine,GA,2021,1535,NA,NA,NA,NA,NA,NA,NA,NA,NA,NA,NA
policyengine,GA,2022,1152,0.5512152777777778,0.6944444444444444,0.15885416666666666,929.3256373535793,6.47468446072995,1503.4819594635528,14645.587973046997,-475.86079512831617,435,0.9333333333333333,0.9724137931034482
policyengine,GA,2022,375,NA,NA,NA,NA,NA,NA,NA,NA,NA,NA,NA
policyengine,GA,2023,1117,0.5478961504028648,0.6991942703670546,0.1665174574753805,1352.578637304865,7.250354514238552,1356.667531765022,11278.665610338365,138.10202460163026,442,0.9321266968325792,0.9638009049773756
policyengine,GA,2023,413,NA,NA,NA,NA,NA,NA,NA,NA,NA,NA,NA
policyengine,GA,2024,1141,0.5451358457493427,0.6178790534618755,0.2007011393514461,1839.0947822907112,4.995860372520042,1523.857740779873,25585.028389847215,268.9056623218571,447,0.8970917225950783,0.9194630872483222
policyengine,GA,2024,386,NA,NA,NA,NA,NA,NA,NA,NA,NA,NA,NA
policyengine,GA,2025,1144,0.47202797202797203,0.5734265734265734,0.19230769230769232,3515.8837949336285,26.462256146623986,1391.9758275137704,16131.799215482284,-2741.855668212997,117,0.8205128205128205,0.8290598290598291
policyengine,GA,2025,382,NA,NA,NA,NA,NA,NA,NA,NA,NA,NA,NA
taxsim,HI,2017,8208,0.5231481481481481,0.7556042884990254,2.4366471734892786e-4,297.4092794957406,13.675018855885412,525.4871429690995,4728.682574355535,-190.57841951931258,5841,0.5425440849169663,0.7693888032871083
taxsim,HI,2017,12293,NA,NA,NA,NA,NA,NA,NA,NA,NA,NA,NA
taxsim,HI,2018,8734,0.4365697275017174,0.6490725898786353,1.144950767117014e-4,512.7222317711909,25.063962839040414,736.8511631181195,7386.426899504146,-221.64763788837647,6114,0.5011449133137063,0.7108276087667648
taxsim,HI,2018,11768,NA,NA,NA,NA,NA,NA,NA,NA,NA,NA,NA
taxsim,HI,2019,8684,0.4325195762321511,0.6482035928143712,0,478.95093727599306,28.074189605401244,766.8123679315304,7013.473971166779,-282.5044882299595,6177,0.4868058928282338,0.6964545896066051
taxsim,HI,2019,11818,NA,NA,NA,NA,NA,NA,NA,NA,NA,NA,NA
taxsim,HI,2020,8885,0.4298255486775464,0.6429938097917839,1.1254924029262802e-4,647.6120359994508,27.84506901867774,775.5100000000002,7759.670213162168,-98.22800714513828,5976,0.5026773761713521,0.7076639892904953
taxsim,HI,2020,11611,NA,NA,NA,NA,NA,NA,NA,NA,NA,NA,NA
policyengine,HI,2021,78,0.9871794871794872,0.9871794871794872,0,7.6923076923076925,0,0,138.0000000000024,-7.6923076923076925,23,1,1
policyengine,HI,2021,1457,NA,NA,NA,NA,NA,NA,NA,NA,NA,NA,NA
policyengine,HI,2022,693,0.3997113997113997,0.5873015873015873,0.015873015873015872,665.875339225685,48.57264263248271,499.6747996789025,4641.4023756500865,-372.7905067967996,344,0.5087209302325582,0.6947674418604651
policyengine,HI,2022,834,NA,NA,NA,NA,NA,NA,NA,NA,NA,NA,NA
policyengine,HI,2023,687,0.413391557496361,0.519650655021834,0.018922852983988356,421.27655429965233,78.33973791982953,1248.9522373778764,5103.126206609276,18.75251175252203,354,0.5988700564971752,0.7005649717514124
policyengine,HI,2023,843,NA,NA,NA,NA,NA,NA,NA,NA,NA,NA,NA
policyengine,HI,2024,673,0.5170876671619614,0.6329866270430906,0.020802377414561663,413.79137375656234,3.6885018170214607,1202.207849664342,5507.634931616529,-67.7371507384955,360,0.7666666666666667,0.8361111111111111
policyengine,HI,2024,854,NA,NA,NA,NA,NA,NA,NA,NA,NA,NA,NA
policyengine,HI,2025,657,0.4794520547945205,0.6362252663622526,0.0167427701674277,879.140804925343,25.426996517725,1193.8429171542307,3674.684159508676,-585.0848193002992,97,0.9587628865979382,0.979381443298969
policyengine,HI,2025,869,NA,NA,NA,NA,NA,NA,NA,NA,NA,NA,NA
taxsim,IA,2017,8244,0.606501698204755,0.7418728772440563,0.12311984473556525,544.6844632289176,0.03846981396607774,531.6163818858473,6180.682312033017,268.050609796115,5910,0.749238578680203,0.8553299492385786
taxsim,IA,2017,12257,NA,NA,NA,NA,NA,NA,NA,NA,NA,NA,NA
taxsim,IA,2018,8514,0.6079398637538173,0.7455954897815363,0.12144702842377261,663.6787160837023,0.26572202452388183,517.668658060345,9914.832400783827,397.93043953379646,6087,0.7547231805487103,0.8592081485132249
taxsim,IA,2018,11988,NA,NA,NA,NA,NA,NA,NA,NA,NA,NA,NA
taxsim,IA,2019,8526,0.6178747361013371,0.7568613652357494,0.11353506920009383,625.1844804450524,0.4800000000000182,496.80120256619557,9031.55668987886,455.0940496780934,6153,0.7640175524134568,0.8680318543799772
taxsim,IA,2019,11976,NA,NA,NA,NA,NA,NA,NA,NA,NA,NA,NA
taxsim,IA,2020,8875,0.31166197183098593,0.5123380281690141,0.11267605633802817,709.4079785256764,92.73555124519709,649.3108526985316,8038.031658159469,441.4316469147464,6060,0.36468646864686466,0.5747524752475247
taxsim,IA,2020,11621,NA,NA,NA,NA,NA,NA,NA,NA,NA,NA,NA
policyengine,IA,2021,1146,0.24520069808027922,0.41710296684118675,0.09860383944153578,4436.487822863569,170.00568952873982,4907.201666108912,98678.27895861745,2794.8741144580176,359,0.49025069637883006,0.6323119777158774
policyengine,IA,2021,389,NA,NA,NA,NA,NA,NA,NA,NA,NA,NA,NA
policyengine,IA,2022,1152,0.3532986111111111,0.4869791666666667,0.10590277777777778,2696.2594448485765,116.84734407276028,4622.177506960028,49272.48446212351,1433.558578096907,434,0.6935483870967742,0.7788018433179723
policyengine,IA,2022,375,NA,NA,NA,NA,NA,NA,NA,NA,NA,NA,NA
policyengine,IA,2023,1117,0.486123545210385,0.6195165622202328,0.144136078782453,1917.8722738864165,18.678020122344606,1494.2549847250093,33079.138871022034,-502.00051989898503,442,0.9683257918552036,0.9705882352941176
policyengine,IA,2023,413,NA,NA,NA,NA,NA,NA,NA,NA,NA,NA,NA
policyengine,IA,2024,1141,0.48115687992988604,0.6248904469763366,0.16213847502191062,2605.635548855835,21.538038005689486,2552.778433533509,41305.61898041818,-474.14139421422226,447,0.970917225950783,0.9753914988814317
policyengine,IA,2024,386,NA,NA,NA,NA,NA,NA,NA,NA,NA,NA,NA
policyengine,IA,2025,1144,0.24825174825174826,0.597027972027972,0.1451048951048951,2883.8727939239025,53.11222305661198,1112.6408608454976,20794.652904426257,-2422.861988275428,116,0.9827586206896551,0.9827586206896551
policyengine,IA,2025,382,NA,NA,NA,NA,NA,NA,NA,NA,NA,NA,NA
taxsim,ID,2017,7539,0.9067515585621435,0.9611354291020029,0,31.261286440534285,0.06735392908217364,12.913956423054863,476.0514237038552,13.499502393489957,5312,0.9855045180722891,1
taxsim,ID,2017,12962,NA,NA,NA,NA,NA,NA,NA,NA,NA,NA,NA
taxsim,ID,2018,10248,0.7134074941451991,0.7783957845433255,0,1527.438499280835,0.1573540074267612,1530.466443134017,24175.152167451284,-1112.713652314876,5827,0.9564098163720611,0.9771752188089926
taxsim,ID,2018,10254,NA,NA,NA,NA,NA,NA,NA,NA,NA,NA,NA
taxsim,ID,2019,10257,0.7191186506775861,0.7827824900068246,0,1664.7650662804053,0.4645318332604802,1606.2466747009673,24092.891795066957,-1226.58378990518,5917,0.96079094135541665,0.9839445665032955
taxsim,ID,2019,10245,NA,NA,NA,NA,NA,NA,NA,NA,NA,NA,NA
taxsim,ID,2020,10252,0.7138119391338276,0.7803355442840422,0,1624.0781535817543,0.9260626207502582,1469.2026662374785,25944.93599591474,-1321.308616686639,5627,0.956459925359872,0.9800959658787987
taxsim,ID,2020,10244,NA,NA,NA,NA,NA,NA,NA,NA,NA,NA,NA
policyengine,ID,2021,1535,NA,NA,NA,NA,NA,NA,NA,NA,NA,NA,NA
policyengine,ID,2022,1527,NA,NA,NA,NA,NA,NA,NA,NA,NA,NA,NA
policyengine,ID,2023,1530,NA,NA,NA,NA,NA,NA,NA,NA,NA,NA,NA
policyengine,ID,2024,1527,NA,NA,NA,NA,NA,NA,NA,NA,NA,NA,NA
policyengine,ID,2025,1526,NA,NA,NA,NA,NA,NA,NA,NA,NA,NA,NA
taxsim,IL,2017,13430,0.8472077438570365,0.9377513030528667,0.12047654504839911,46.354501033769665,0.004547626923297798,43.83138343364204,704.2038441135643,23.803988279762812,6053,0.9917396332397158,1
taxsim,IL,2017,7071,NA,NA,NA,NA,NA,NA,NA,NA,NA,NA,NA
taxsim,IL,2018,13328,0.8383853541416567,0.9233943577430972,0.1209483793517407,58.209834904315166,0.01466177890824838,62.10348565494179,938.7912768968633,27.776829921688407,7278,0.987496564990382,1
taxsim,IL,2018,7174,NA,NA,NA,NA,NA,NA,NA,NA,NA,NA,NA
taxsim,IL,2019,13162,0.8340677708554931,0.923795775717976,0.12254976447348427,61.7646318666008,0.012252958519184176,60.81321114284055,982.514933719307,30.469038414896662,7248,0.9885485651214128,1
taxsim,IL,2019,7340,NA,NA,NA,NA,NA,NA,NA,NA,NA,NA,NA
taxsim,IL,2020,13167,0.8081567555251766,0.8935216829953672,0.11931343510290879,77.89253514669726,0.01827839454745117,123.66042720301041,1010.2186652090072,50.245937313315224,6936,0.9870242214532872,1
taxsim,IL,2020,7329,NA,NA,NA,NA,NA,NA,NA,NA,NA,NA,NA
policyengine,IL,2021,1535,NA,NA,NA,NA,NA,NA,NA,NA,NA,NA,NA
policyengine,IL,2022,1152,0.6840277777777778,0.7734375,0.0998263888888889,526.9150112982469,0.5281145461704,644.3781270050147,9036.510711238558,-330.54926332634795,435,0.9655172413793104,0.9908045977011494
policyengine,IL,2022,375,NA,NA,NA,NA,NA,NA,NA,NA,NA,NA,NA
policyengine,IL,2023,1117,0.6875559534467324,0.7958818263205013,0.10564010743061773,846.8273187634879,0.3017502263410279,702.8519665590081,5311.597336655201,252.69534954235237,442,0.9683257918552036,0.995475113122172
policyengine,IL,2023,413,NA,NA,NA,NA,NA,NA,NA,NA,NA,NA,NA
policyengine,IL,2024,1141,0.670464504820333,0.7703768624014022,0.11831726555652936,1295.5861727897257,0.4036638702673372,1011.1232698960893,12407.83161922566,375.4563692806636,445,0.9595505617977528,0.9887640449438202
policyengine,IL,2024,386,NA,NA,NA,NA,NA,NA,NA,NA,NA,NA,NA
policyengine,IL,2025,1144,0.6197552447552448,0.7674825174825175,0.10576923076923077,686.9691359374234,1.4599834117358341,864.4479965827452,7782.948028660297,-269.1518584319789,118,0.923728813559322,0.9745762711864406
policyengine,IL,2025,382,NA,NA,NA,NA,NA,NA,NA,NA,NA,NA,NA
taxsim,IN,2017,16566,0.3971387178558493,0.874622721236267,0.027345164795364,73.82415594836984,48.44710377691439,122.9522055072157,549.0818111567305,54.00793151744633,6325,0.7788142292490119,0.9639525691699605
taxsim,IN,2017,3935,NA,NA,NA,NA,NA,NA,NA,NA,NA,NA,NA
taxsim,IN,2018,16511,0.3969474895524196,0.8683302041063533,0.027072860517230936,80.38579270569346,48.45004155618949,128.49584293161388,618.6672028922546,60.363561587161875,8786,0.5941270202595037,0.9636922376508081
taxsim,IN,2018,3991,NA,NA,NA,NA,NA,NA,NA,NA,NA,NA,NA
taxsim,IN,2019,16389,0.40283116724632373,0.871499176276771,0.027640490572945268,79.12553264017014,48.159701197894265,127.94452534588491,678.5096977337269,57.930373608144905,8739,0.6085364458175992,0.9670442842430484
taxsim,IN,2019,4113,NA,NA,NA,NA,NA,NA,NA,NA,NA,NA,NA
taxsim,IN,2020,16345,0.3928418476598348,0.8544509024166411,0.02679718568369532,103.14530892398007,48.658091016768594,140,1448.9152596220556,83.76798188526844,8387,0.6040300465005366,0.9658996065339216
taxsim,IN,2020,4151,NA,NA,NA,NA,NA,NA,NA,NA,NA,NA,NA
policyengine,IN,2021,1146,0.3525305410122164,0.7050610820244329,0.05235602094240838,789.544770826214,49.61177807146578,586.4247138183537,6903.002116803138,184.60181281837166,358,0.6815642458100558,0.8910614525139665
policyengine,IN,2021,389,NA,NA,NA,NA,NA,NA,NA,NA,NA,NA,NA
policyengine,IN,2022,1152,0.3567708333333333,0.7335069444444444,0.051215277777777776,437.33026818141474,40.37830263754245,517.4168562730877,6227.474216148958,-114.85188103055958,437,0.5995423340961098,0.9679633867276888
policyengine,IN,2022,375,NA,NA,NA,NA,NA,NA,NA,NA,NA,NA,NA
policyengine,IN,2023,1117,0.37153088630259623,0.7000895255147717,0.044762757385854966,567.7969167759813,45.64239030397499,453.05635151388213,4359.714309582714,246.54042588869302,449,0.7037861915367484,0.9532293986636972
policyengine,IN,2023,413,NA,NA,NA,NA,NA,NA,NA,NA,NA,NA,NA
policyengine,IN,2024,1141,0.3584574934268186,0.6879929886064855,0.04382120946538125,862.0100530472304,45.75081650992388,621.2443681374862,8692.158053961151,341.0217782072398,452,0.6946902654867256,0.9646017699115044
policyengine,IN,2024,386,NA,NA,NA,NA,NA,NA,NA,NA,NA,NA,NA
policyengine,IN,2025,1144,0.3575174825174825,0.7071678321678322,0.04895104895104895,446.9093176884934,45.00542082606711,505.7843899274358,5488.907649812122,-97.64795879374812,117,0.6153846153846154,0.9230769230769231
policyengine,IN,2025,382,NA,NA,NA,NA,NA,NA,NA,NA,NA,NA,NA
taxsim,KS,2017,8462,0.7501772630583786,0.8353817064523753,0.12420231623729615,77.04936672127063,0.00454423635517287,245.2482174686325,954.72,33.359291543731366,5921,0.9042391487924337,0.9140347914203681
taxsim,KS,2017,12039,NA,NA,NA,NA,NA,NA,NA,NA,NA,NA,NA
taxsim,KS,2018,11751,0.71032252574249,0.8269083482256829,0.07641902816781551,76.00876544429255,0.17870497407966468,238.63843436537286,1000.724653538865,28.881415169885084,7270,0.8537826685006877,0.8997248968363136
taxsim,KS,2018,8751,NA,NA,NA,NA,NA,NA,NA,NA,NA,NA,NA
taxsim,KS,2019,11582,0.7297530651010188,0.8329304092557417,0.07261267484026938,77.02518277082439,0.19475006231004954,239.9202441869918,1077.7818528274388,32.35715428195015,7245,0.8790890269151139,0.9071083505866114
taxsim,KS,2019,8920,NA,NA,NA,NA,NA,NA,NA,NA,NA,NA,NA
taxsim,KS,2020,11678,0.7047439630073643,0.805788662442199,0.07338585374207912,102.22203559052988,0.19525043073213055,270.74762054609425,1160.9814806403947,69.55436388553167,6940,0.8755043227665706,0.9028818443804034
taxsim,KS,2020,8818,NA,NA,NA,NA,NA,NA,NA,NA,NA,NA,NA
policyengine,KS,2021,1146,0.4363001745200698,0.6823734729493892,0.08027923211169284,1257.1064800584484,17.09909162379968,825.7565306934487,11233.950389252677,127.94966996354455,359,0.8662952646239555,0.9303621169916435
policyengine,KS,2021,389,NA,NA,NA,NA,NA,NA,NA,NA,NA,NA,NA
policyengine,KS,2022,1152,0.5946180555555556,0.6987847222222222,0.08072916666666667,686.1741240481819,1.2462637275448287,1016.9395807104405,11100.019622522208,-370.60015635758765,434,0.8824884792626728,0.923963133640553
policyengine,KS,2022,375,NA,NA,NA,NA,NA,NA,NA,NA,NA,NA,NA
policyengine,KS,2023,1117,0.6329453894359892,0.7403760071620412,0.09131602506714413,1028.1724416008947,0.6819928461522977,725.8743420514448,7918.370362308396,363.27050957904146,442,0.8959276018099548,0.9366515837104072
policyengine,KS,2023,413,NA,NA,NA,NA,NA,NA,NA,NA,NA,NA,NA
policyengine,KS,2024,1141,0.6064855390008764,0.7090271691498685,0.11130587204206836,1516.608287326974,1.0614714460207324,1264.7080046975752,14992.111811031184,370.5871742778427,446,0.899103139013453,0.9349775784753364
policyengine,KS,2024,386,NA,NA,NA,NA,NA,NA,NA,NA,NA,NA,NA
policyengine,KS,2025,1144,0.5821678321678322,0.7159090909090909,0.0979020979020979,818.7479472414303,2.4520201809718856,839.4913068499965,14131.500299999956,-259.8297975940442,119,0.9747899159663865,0.9831932773109243
policyengine,KS,2025,382,NA,NA,NA,NA,NA,NA,NA,NA,NA,NA,NA
taxsim,KY,2017,8220,0.6709245742092458,0.737956204379562,0.3361313868613139,92.20130374212428,0.0032433876872346445,287.67684761317133,1481.3407011865731,32.23279184669022,5912,0.696041948579161,0.7445872801082544
taxsim,KY,2017,12281,NA,NA,NA,NA,NA,NA,NA,NA,NA,NA,NA
taxsim,KY,2018,11834,0.7273111374007099,0.8304884231874261,0.2388034476930877,109.80212778313175,0.004375993134544842,126.50336765591337,1557.5736531147963,-37.69899505527682,8264,0.7826718296224588,0.851161665053243
taxsim,KY,2018,8668,NA,NA,NA,NA,NA,NA,NA,NA,NA,NA,NA
taxsim,KY,2019,11731,0.714176114568238,0.8080300059670957,0.23203477964367913,107.47552194533054,0.004446399982043658,150.89123773053763,1558.5910577096463,-43.35921420528005,8267,0.768839966130398,0.8298052497883149
taxsim,KY,2019,8771,NA,NA,NA,NA,NA,NA,NA,NA,NA,NA,NA
taxsim,KY,2020,11944,0.7039517749497656,0.7860013395847287,0.22161754855994642,115.27106282219192,0.004533466378916273,178.29771322154417,1558.2476757775053,-27.697622275367102,7949,0.747892816706504,0.8002264435778085
taxsim,KY,2020,8552,NA,NA,NA,NA,NA,NA,NA,NA,NA,NA,NA
policyengine,KY,2021,1146,0.43455497382198954,0.5209424083769634,0.2024432809773124,1625.2049186347338,65.14004116960177,1348.4830487962051,17283.714963309107,-148.22154774393192,361,0.8282548476454293,0.8670360110803325
policyengine,KY,2021,389,NA,NA,NA,NA,NA,NA,NA,NA,NA,NA,NA
policyengine,KY,2022,1152,0.4262152777777778,0.5112847222222222,0.1736111111111111,929.2736215427152,79.8709948894043,1376.261896521566,13084.514968762946,-298.7657623243979,435,0.7241379310344828,0.774712643678161
policyengine,KY,2022,375,NA,NA,NA,NA,NA,NA,NA,NA,NA,NA,NA
policyengine,KY,2023,1117,0.41897940913160253,0.5076096687555953,0.17994628469113697,1169.3442559642458,87.49662737316555,1190.8708283003696,9149.813407590837,135.62429515183518,442,0.6945701357466063,0.7601809954751131
policyengine,KY,2023,413,NA,NA,NA,NA,NA,NA,NA,NA,NA,NA,NA
policyengine,KY,2024,1141,0.4127957931638913,0.5118317265556529,0.17703768624014024,1483.5770109617977,84.69948934817467,1370.8859548224302,22716.120651568093,198.69975079188413,448,0.6741071428571429,0.7544642857142857
policyengine,KY,2024,386,NA,NA,NA,NA,NA,NA,NA,NA,NA,NA,NA
policyengine,KY,2025,1144,0.4379370629370629,0.5270979020979021,0.20104895104895104,2844.4358399729194,67.92401288065957,1470.0959181776532,12124.560453669417,-2260.2667378024194,120,0.7833333333333333,0.8083333333333333
policyengine,KY,2025,382,NA,NA,NA,NA,NA,NA,NA,NA,NA,NA,NA
taxsim,LA,2017,8519,0.6891653949994131,0.8576123958211057,0.10001173846695621,372.5345639863638,9.99690998774986,172.62321298493617,3388.39136242834,257.10373377373924,5946,0.8439286915573495,0.9593003699966364
taxsim,LA,2017,11982,NA,NA,NA,NA,NA,NA,NA,NA,NA,NA,NA
taxsim,LA,2018,11834,0.6588642893358121,0.8551630894034139,0.07757309447355079,365.21847036179116,9.997504225255739,179.59650898142004,5423.822149352651,104.66891899576918,8207,0.7940782259047154,0.9326184964055075
taxsim,LA,2018,8668,NA,NA,NA,NA,NA,NA,NA,NA,NA,NA,NA
taxsim,LA,2019,11731,0.644446338760549,0.8430653823203478,0.07603784843576848,349.0217205289724,9.999483045398165,182.31166426097514,5235.800240230905,165.77306854646022,8213,0.7866796542067453,0.9298672835748204
taxsim,LA,2019,8771,NA,NA,NA,NA,NA,NA,NA,NA,NA,NA,NA
taxsim,LA,2020,11944,0.6255023442732753,0.8088580040187542,0.07417950435365037,431.66087974591363,10.018556037679673,329.3404204216776,5094.384666553311,136.4116440228832,7877,0.7962422241970293,0.925225339596293
taxsim,LA,2020,8552,NA,NA,NA,NA,NA,NA,NA,NA,NA,NA,NA
policyengine,LA,2021,1146,0.29232111692844676,0.46160558464223383,0.07242582897033159,3060.1262517096143,119.99672417545838,2251.456467063441,62875.07831390812,1378.8636563056846,358,0.5698324022346368,0.7346368715083799
policyengine,LA,2021,389,NA,NA,NA,NA,NA,NA,NA,NA,NA,NA,NA
policyengine,LA,2022,1152,0.5772569444444444,0.7135416666666666,0.07118055555555555,537.4082466954756,0.19587552117360474,691.3692588369585,8248.545911907795,-233.3014834765668,437,0.9450800915331807,0.9725400457665904
policyengine,LA,2022,375,NA,NA,NA,NA,NA,NA,NA,NA,NA,NA,NA
policyengine,LA,2023,1117,0.585496866606983,0.7341092211280215,0.07788719785138765,731.9181697790726,0.02402259953150576,510.0049456085087,6910.233580786422,245.42259918845053,446,0.9304932735426009,0.9641255605381166
policyengine,LA,2023,413,NA,NA,NA,NA,NA,NA,NA,NA,NA,NA,NA
policyengine,LA,2024,1141,0.5574057843996494,0.6985100788781771,0.08326029798422437,1175.9022172473824,1.2855109081574483,969.42790382565,11232.313684523118,378.9962506432609,449,0.9153674832962138,0.9443207126948775
policyengine,LA,2024,386,NA,NA,NA,NA,NA,NA,NA,NA,NA,NA,NA
policyengine,LA,2025,1144,0.5882867132867133,0.7534965034965035,0.10402097902097902,423.523370995511,1.0535351793217984,426.0272993475604,5519.055914333794,-155.13897675591923,116,0.9741379310344828,0.9827586206896551
policyengine,LA,2025,382,NA,NA,NA,NA,NA,NA,NA,NA,NA,NA,NA
taxsim,MA,2017,9829,0.41662427510428324,0.6207142130430359,0.03896632414284261,1632.3081297398576,36.125977583734084,1372.915825374568,21061.396308426585,-285.37588848380807,4131,0.6487533284918906,0.8809005083514887
taxsim,MA,2017,10672,NA,NA,NA,NA,NA,NA,NA,NA,NA,NA,NA
taxsim,MA,2018,9742,0.43081502771504826,0.6237938821597208,0.043933483884212685,2004.5348833420676,33.008449578036334,1327.7660646242496,23474.4221600234,-261.99649002501934,5530,0.5895117540687161,0.8092224231464737
taxsim,MA,2018,10760,NA,NA,NA,NA,NA,NA,NA,NA,NA,NA,NA
taxsim,MA,2019,9756,0.4301968019680197,0.6197211972119722,0.04141041410414104,1275.8938291676939,32.06882182429342,1509.4716891154821,20259.6188250774,330.49843704818807,5590,0.5928443649373882,0.8196779964221824
taxsim,MA,2019,10746,NA,NA,NA,NA,NA,NA,NA,NA,NA,NA,NA
taxsim,MA,2020,9746,0.40498666119433613,0.6245639236609891,0.040632054176072234,1560.8968121777548,33.716437658905136,1459.3966373203416,23224.631668971844,-101.87855370024728,5364,0.5661819537658463,0.8282997762863534
taxsim,MA,2020,10750,NA,NA,NA,NA,NA,NA,NA,NA,NA,NA,NA
policyengine,MA,2021,133,0.47368421052631576,0.5488721804511278,0.3157894736842105,166.68477856875154,18.80173159191159,478.651593330072,1039.8736150080126,115.81254077138748,64,0.671875,0.671875
policyengine,MA,2021,1402,NA,NA,NA,NA,NA,NA,NA,NA,NA,NA,NA
policyengine,MA,2022,1152,0.3255208333333333,0.4027777777777778,0.05642361111111111,3434.403764925266,180,2391.8364070513608,44357.6648160551,1212.12290874109,434,0.5599078341013825,0.6221198156682027
policyengine,MA,2022,375,NA,NA,NA,NA,NA,NA,NA,NA,NA,NA,NA
policyengine,MA,2023,1117,0.4315129811996419,0.5308863025962399,0.052820053715308866,2932.650490200888,61.51583610596924,2587.8686426259264,38745.854331800016,263.2602028212483,442,0.77828054298642535,0.8212669683257918
policyengine,MA,2023,413,NA,NA,NA,NA,NA,NA,NA,NA,NA,NA,NA
policyengine,MA,2024,1141,0.4259421560035057,0.5214723926380368,0.06310254163014899,4001.218261032787,74.56535575716089,3002.009820472682,54623.989628720854,2636.85075862043,445,0.7887640449438202,0.8382022471910112
policyengine,MA,2024,386,NA,NA,NA,NA,NA,NA,NA,NA,NA,NA,NA
policyengine,MA,2025,1144,0.3881118881118881,0.4965034965034965,0.04895104895104895,3932.664100978651,103.10857526618554,3585.8346347172846,60888.998822144735,873.7110619948946,117,0.7350427350427351,0.7692307692307693
policyengine,MA,2025,382,NA,NA,NA,NA,NA,NA,NA,NA,NA,NA,NA
taxsim,MD,2017,8333,0.6991479659186367,0.8541941677667106,0.1328453138125525,85.98361776350312,0.004601914410613972,179.21223056515785,1368.3472779866484,24.22872395356517,5866,0.8605523354926696,0.9558472553699284
taxsim,MD,2017,12168,NA,NA,NA,NA,NA,NA,NA,NA,NA,NA,NA
taxsim,MD,2018,11826,0.6509386098427195,0.8319803822086927,0.09851175376289531,110.11028298412808,0.28636601374705606,200.2536586924632,1440.4597330049405,34.04211898459475,7299,0.817235237703795,0.9431428962871626
taxsim,MD,2018,8676,NA,NA,NA,NA,NA,NA,NA,NA,NA,NA,NA
taxsim,MD,2019,11719,0.224933868077481,0.8174758938475979,0.09565662599197884,129.68168541660273,37.998067055716774,208.7419231737537,1606.8111073692435,-14.231365569529887,7238,0.2723127935893893,0.9365846919038409
taxsim,MD,2019,8783,NA,NA,NA,NA,NA,NA,NA,NA,NA,NA,NA
taxsim,MD,2020,11922,0.5816138231840295,0.7619526925012582,0.08790471397416541,173.64974342614246,5.4663763748691565,432.6538706735606,2375.9098566404045,51.30089358516168,6935,0.7687094448449892,0.9023792357606345
taxsim,MD,2020,8574,NA,NA,NA,NA,NA,NA,NA,NA,NA,NA,NA
policyengine,MD,2021,1146,0.43019197207678883,0.6003490401396161,0.08027923211169284,1743.069559666122,28.591619692082986,1375.06690942306,15122.94834444264,-275.415828892672,358,0.840782122905028,0.888268156424581
policyengine,MD,2021,389,NA,NA,NA,NA,NA,NA,NA,NA,NA,NA,NA
policyengine,MD,2022,1152,0.5164930555555556,0.6475694444444444,0.11024305555555555,879.8394583303633,11.649984598259834,1478.2766479614565,14055.317279774026,-476.9219559569559,434,0.8917050691244239,0.9354838709677419
policyengine,MD,2022,375,NA,NA,NA,NA,NA,NA,NA,NA,NA,NA,NA
policyengine,MD,2023,1117,0.5201432408236347,0.6553267681289168,0.10384959713518353,1361.203739981379,9.300842390643083,1476.9982461669051,11183.21258973712,190.3092792514413,439,0.89749430523918,0.9476082004555809
policyengine,MD,2023,413,NA,NA,NA,NA,NA,NA,NA,NA,NA,NA,NA
policyengine,MD,2024,1141,0.49079754601226994,0.6310254163014899,0.10867659947414549,1967.4213976382541,16.513341703306878,1876.6659011915824,20986.36786136165,110.70837674136662,445,0.8696629213483146,0.9325842696629213
policyengine,MD,2024,386,NA,NA,NA,NA,NA,NA,NA,NA,NA,NA,NA
policyengine,MD,2025,1144,0.4562937062937063,0.6215034965034965,0.0944055944055944,4102.859692219595,30.350849873235802,1562.093572869859,19761.066914090294,-3316.026907074107,119,0.8571428571428571,0.9411764705882353
policyengine,MD,2025,382,NA,NA,NA,NA,NA,NA,NA,NA,NA,NA,NA
taxsim,ME,2017,8495,0.8051795173631549,0.9121836374337846,0.03613890523837551,40.157284282011425,0.017607118904749086,76.48827887164126,600,15.655947264881126,5832,0.9537037037037037,0.9847393689986282
taxsim,ME,2017,12006,NA,NA,NA,NA,NA,NA,NA,NA,NA,NA,NA
taxsim,ME,2018,13771,0.6372086268244862,0.7501996950112555,0.026359741485730885,156.71630333531755,2.1704792805203397,446.724102885315,1229.6499182018702,70.22570068180114,7390,0.8553450608930988,0.8968876860622462
taxsim,ME,2018,6731,NA,NA,NA,NA,NA,NA,NA,NA,NA,NA,NA
taxsim,ME,2019,13641,0.6377098453192581,0.7483322337072063,0.028003812037240672,154.43053039674462,1.9207427015365965,453.8097693006366,1394.2721957465403,67.5844776315472,7349,0.8587562933732481,0.9018914137977956
taxsim,ME,2019,6861,NA,NA,NA,NA,NA,NA,NA,NA,NA,NA,NA
taxsim,ME,2020,13757,0.599113178745366,0.7112015701097623,0.026895398706113252,186.58864248310044,3.0233861072156287,594.274696187317,1559.851254288516,98.55767763214156,7063,0.8490726320260512,0.8949454905847374
taxsim,ME,2020,6739,NA,NA,NA,NA,NA,NA,NA,NA,NA,NA,NA
policyengine,ME,2021,452,0.42035398230088494,0.6017699115044248,0,3760.233585476553,26.684649714691204,4210.62755746875,55067.50891265813,308.7455336410326,65,0.7692307692307693,0.8923076923076924
policyengine,ME,2021,1083,NA,NA,NA,NA,NA,NA,NA,NA,NA,NA,NA
policyengine,ME,2022,1152,0.5486111111111112,0.6571180555555556,0.04600694444444445,880.0490110711168,4.381524489828735,1483.8796798555709,13278.580576357595,-492.14587136090046,435,0.864367816091954,0.9172413793103448
policyengine,ME,2022,375,NA,NA,NA,NA,NA,NA,NA,NA,NA,NA,NA
policyengine,ME,2023,1117,0.5505819158460161,0.6436884512085944,0.051924798567591766,1281.9809024531348,4.936462524730814,1254.3520904500965,7586.246519907001,392.42791386203106,441,0.8435374149659864,0.8820861678004536
policyengine,ME,2023,413,NA,NA,NA,NA,NA,NA,NA,NA,NA,NA,NA
policyengine,ME,2024,1141,0.49430324276950044,0.6047326906222612,0.04294478527607362,2044.6730551150215,17.191451837810746,2058.0860780190415,19210.323022439676,420.21503837568685,445,0.7887640449438202,0.8426966292134831
policyengine,ME,2024,386,NA,NA,NA,NA,NA,NA,NA,NA,NA,NA,NA
policyengine,ME,2025,1144,0.2980769230769231,0.39335664335664333,0.0017482517482517483,1167.1747313308924,298.5530245420339,1382,15223.731605803603,-214.75455300863226,119,0.17647058823529413,0.19327731092436976
policyengine,ME,2025,382,NA,NA,NA,NA,NA,NA,NA,NA,NA,NA,NA
taxsim,MI,2017,15956,0.5434946101779895,0.6725369766858862,0.03559789420907496,229.6606893525188,10.690488105834902,799.5616045793311,2318.745996196366,43.218956213111554,5937,0.6723934647128179,0.7608219639548593
taxsim,MI,2017,4545,NA,NA,NA,NA,NA,NA,NA,NA,NA,NA,NA
taxsim,MI,2018,15904,0.5579728370221329,0.6668133802816901,0.035902917505030184,242.47783442974816,4.856213679928146,838.4468039495252,2415.2844289179266,62.51775320032296,8501,0.7055640512880837,0.7673214915892248
taxsim,MI,2018,4598,NA,NA,NA,NA,NA,NA,NA,NA,NA,NA,NA
taxsim,MI,2019,15782,0.5587378025598784,0.6658851856545431,0.033392472436953494,242.9042023801935,4.785316027822319,846.3566952057489,2388.06445131189,67.16997320361602,8456,0.7080179754020813,0.7643093661305582
taxsim,MI,2019,4720,NA,NA,NA,NA,NA,NA,NA,NA,NA,NA,NA
taxsim,MI,2020,15734,0.5409304690479217,0.6496758611923223,0.03381212660480488,247.88153522434206,6.9314099997827725,838.1844365140664,2298.4797340430796,91.26863872178909,8118,0.7099039172209904,0.7714954422271495
taxsim,MI,2020,4762,NA,NA,NA,NA,NA,NA,NA,NA,NA,NA,NA
policyengine,MI,2021,1146,0.393542757417103,0.5584642233856894,0.016579406631762654,1150.5054610737054,53.32418700804942,1196,9398.47845828093,195.01096620630543,358,0.6955307262569832,0.7206703910614525
policyengine,MI,2021,389,NA,NA,NA,NA,NA,NA,NA,NA,NA,NA,NA
policyengine,MI,2022,1152,0.3810763888888889,0.515625,0.019965277777777776,782.1687236043158,85.74041699076918,1310.9761817929048,9479.783513662025,-285.038015195686,434,0.6221198156682027,0.6820276497695853
policyengine,MI,2022,375,NA,NA,NA,NA,NA,NA,NA,NA,NA,NA,NA
policyengine,MI,2023,1117,0.40913160250671443,0.5478961504028648,0.025962399283795883,897.1100793992507,60.610543338427306,1349.80936642075,5782.941896224346,329.9813936849959,446,0.7040358744394619,0.773542600896861
policyengine,MI,2023,413,NA,NA,NA,NA,NA,NA,NA,NA,NA,NA,NA
policyengine,MI,2024,1141,0.3978965819456617,0.5337423312883436,0.03680981595092025,1385.7023850089665,65.38533814305265,1670.71,11935.231616175322,446.213773339645,448,0.7008928571428571,0.7946428571428571
policyengine,MI,2024,386,NA,NA,NA,NA,NA,NA,NA,NA,NA,NA,NA
policyengine,MI,2025,1144,0.37325174825174823,0.5480769230769231,0.032342657342657344,805.1679482284135,70.19561852465199,1467.0379615257837,8427.9333289005,-175.07822207278426,117,0.41025641025641024,0.5299145299145299
policyengine,MI,2025,382,NA,NA,NA,NA,NA,NA,NA,NA,NA,NA,NA
taxsim,MN,2017,8222,0.6834103624422282,0.7770615422038434,0.10058379956215033,619.4965423394552,0.9487057434480775,645.9833788973253,14280.288603813866,-426.693028572735,5857,0.8579477548232883,0.9062660064879631
taxsim,MN,2017,12279,NA,NA,NA,NA,NA,NA,NA,NA,NA,NA,NA
taxsim,MN,2018,8205,0.7045703839122486,0.797684338817794,0.10822669104204753,143.5292838457974,0.5744016486787586,380.06845356363715,2103.9999983188904,64.09748648565566,5766,0.8678459937565036,0.9134582032604925
taxsim,MN,2018,12297,NA,NA,NA,NA,NA,NA,NA,NA,NA,NA,NA
taxsim,MN,2019,8202,0.6305779078273592,0.716044867105584,0.09729334308705194,256.1538941214834,0.0048645826764186495,773.1787977242323,3420.2344667302423,160.70023400152758,5833,0.7467855306017487,0.8079890279444539
taxsim,MN,2019,12300,NA,NA,NA,NA,NA,NA,NA,NA,NA,NA,NA
taxsim,MN,2020,8250,0.6244848484848485,0.7093333333333334,0.10084848484848485,363.64827519116506,0.07391837296972881,811.4470528701215,3342.3792508164915,102.27887039593125,5595,0.7383378016085791,0.8017873100983021
taxsim,MN,2020,12246,NA,NA,NA,NA,NA,NA,NA,NA,NA,NA,NA
policyengine,MN,2021,1146,0.45200698080279234,0.6605584642233857,0.10645724258289703,2646.332965643927,20.761479326864333,1662.6681799137666,27008.50554446943,-321.42532764064816,359,0.8662952646239555,0.9192200557103064
policyengine,MN,2021,389,NA,NA,NA,NA,NA,NA,NA,NA,NA,NA,NA
policyengine,MN,2022,1152,0.5364583333333334,0.6701388888888888,0.09722222222222222,1338.3193197191204,6.371790261993738,1814.3938851221624,23136.044062801062,-818.6081495906548,435,0.9057471264367816,0.9402298850574713
policyengine,MN,2022,375,NA,NA,NA,NA,NA,NA,NA,NA,NA,NA,NA
policyengine,MN,2023,1117,0.5890778871978514,0.711727842435094,0.09579230080572963,1776.6642499402928,1.7376566882812767,1006.8487213340529,16056.856413938229,408.97628776180903,441,0.8639455782312925,0.8979591836734694
policyengine,MN,2023,413,NA,NA,NA,NA,NA,NA,NA,NA,NA,NA,NA
policyengine,MN,2024,1141,0.5626643295354952,0.6862401402278703,0.09377738825591586,2819.776572695458,9.380133779228345,2381.896682630875,32718.898399961203,558.9508000788366,446,0.8968609865470852,0.9394618834080718
policyengine,MN,2024,386,NA,NA,NA,NA,NA,NA,NA,NA,NA,NA,NA
policyengine,MN,2025,1144,0.48863636363636365,0.6145104895104895,0.08916083916083917,4275.735038914949,19.37869744693606,1840.5081241819541,25316.415699999983,375.9188867475918,117,0.7948717948717948,0.8290598290598291
policyengine,MN,2025,382,NA,NA,NA,NA,NA,NA,NA,NA,NA,NA,NA
taxsim,MO,2017,8349,0.6269014253203976,0.8476464247215235,0.2518864534674811,89.52345195563639,5.039043455646606,196.6027505259328,1363.1458927021813,39.25405519253404,5866,0.6836004091374019,0.9050460279577225
taxsim,MO,2017,12152,NA,NA,NA,NA,NA,NA,NA,NA,NA,NA,NA
taxsim,MO,2018,11834,0.6684975494338347,0.793560926145006,0.2294236944397499,266.6200112954477,0.42063218985071327,403.02312784814626,4894.649572750679,-124.23930268153534,7302,0.7803341550260202,0.8700356066831005
taxsim,MO,2018,8668,NA,NA,NA,NA,NA,NA,NA,NA,NA,NA,NA
taxsim,MO,2019,11730,0.685848252344416,0.7916453537936914,0.22745098039215686,381.52918994472185,1.1624241714271761,542.4119132751246,7714.223518483409,-271.21523122885674,7293,0.8048813931166873,0.882215823392294
taxsim,MO,2019,8772,NA,NA,NA,NA,NA,NA,NA,NA,NA,NA,NA
taxsim,MO,2020,11944,0.6651875418620228,0.7690053583389149,0.22136637642330878,368.9170612336917,1.565347936876151,621.6711631753087,8111.138003414837,-205.97044918538833,7009,0.8129547724354401,0.8918533314310173
taxsim,MO,2020,8552,NA,NA,NA,NA,NA,NA,NA,NA,NA,NA,NA
policyengine,MO,2021,1146,0.37347294938917974,0.6055846422338569,0.18760907504363003,2767.5865504326075,64.39857360429397,3871.0828331099365,38935.17250489916,-1480.0809420242977,360,0.6222222222222222,0.8944444444444445
policyengine,MO,2021,389,NA,NA,NA,NA,NA,NA,NA,NA,NA,NA,NA
policyengine,MO,2022,1152,0.4913194444444444,0.5928819444444444,0.17274305555555555,2876.3205630708458,16.340402233971176,4642.818525791263,43908.979423016375,-2617.5497123204464,434,0.8271889400921659,0.8847926267281107
policyengine,MO,2022,375,NA,NA,NA,NA,NA,NA,NA,NA,NA,NA,NA
policyengine,MO,2023,1117,0.5031333930170099,0.6078782452999105,0.22649955237242614,2484.334556264898,14.256815491093676,3946.3029374245607,41373.94070875721,-1428.0436336348084,446,0.8385650224215246,0.8878923766816144
policyengine,MO,2023,413,NA,NA,NA,NA,NA,NA,NA,NA,NA,NA,NA
policyengine,MO,2024,1141,0.4776511831726556,0.5801928133216476,0.22699386503067484,3384.0287376752267,22.87807311473034,6347.783304221853,47232.10893367528,-1935.0801917123167,449,0.8262806236080178,0.8775055679287305
policyengine,MO,2024,386,NA,NA,NA,NA,NA,NA,NA,NA,NA,NA,NA
policyengine,MO,2025,1144,0.28496503496503495,0.5795454545454546,0.23863636363636365,4056.995417256166,52.728760462078526,3895.1313058476107,35757.960542497414,-3394.4137444560315,117,0.8632478632478633,0.8803418803418803
policyengine,MO,2025,382,NA,NA,NA,NA,NA,NA,NA,NA,NA,NA,NA
taxsim,MS,2017,8208,0.694078947368421,0.7892300194931774,0.2827729044834308,345.9160994553833,0.0031778326867879514,188.13807138036495,7559.717681640067,34.42397632313691,5940,0.7367003367003367,0.8318181818181818
taxsim,MS,2017,12293,NA,NA,NA,NA,NA,NA,NA,NA,NA,NA,NA
taxsim,MS,2018,8340,0.669304556354916,0.7633093525179856,0.2948441247002398,438.5574138090757,0.0031421917527580945,262.7508644828272,7250.166728641341,31.212721473570763,5965,0.72791282481139985,0.8157585917854149
taxsim,MS,2018,12162,NA,NA,NA,NA,NA,NA,NA,NA,NA,NA,NA
taxsim,MS,2019,8344,0.6686241610738255,0.7615052732502396,0.3057286673058485,369.1715942403178,0.0033893779873324092,275.78570929690426,7032.400470845247,112.27084494007929,6053,0.7250949942177433,0.8161242359160746
taxsim,MS,2019,12158,NA,NA,NA,NA,NA,NA,NA,NA,NA,NA,NA
taxsim,MS,2020,8445,0.6670219064535228,0.7519242155121374,0.3081113084665483,396.54624131918746,0.0030453324832251383,309.29788663247257,7094.934703176054,31.06765103723303,5818,0.7286008937779306,0.8141973186662084
taxsim,MS,2020,12051,NA,NA,NA,NA,NA,NA,NA,NA,NA,NA,NA
policyengine,MS,2021,1146,0.4694589877835951,0.5698080279232112,0.22600349040139617,9338.144397340802,33.91901097259233,2175.5833587391453,29653.204896665236,7736.817290233641,359,0.7910863509749304,0.8467966573816156
policyengine,MS,2021,389,NA,NA,NA,NA,NA,NA,NA,NA,NA,NA,NA
policyengine,MS,2022,1152,0.4852430555555556,0.5928819444444444,0.2109375,9362.661049120588,24.903690735935925,2162.0356775427717,32372.69373518778,8298.435357672675,434,0.7419354838709677,0.8202764976958525
policyengine,MS,2022,375,NA,NA,NA,NA,NA,NA,NA,NA,NA,NA,NA
policyengine,MS,2023,1117,0.4753804834377798,0.5756490599820949,0.25425246195165624,1368.3464332391613,35.81530470834514,1879.5973508457325,23163.920272354993,382.322922335152,443,0.708803611738149,0.781038374717833
policyengine,MS,2023,413,NA,NA,NA,NA,NA,NA,NA,NA,NA,NA,NA
policyengine,MS,2024,1141,0.4802804557405784,0.5810692375109553,0.25766871165644173,2636.727479078494,26.14892317831982,2060.9676419909683,35652.398758994146,1597.1958927134638,447,0.7203579418344519,0.7919463087248322
policyengine,MS,2024,386,NA,NA,NA,NA,NA,NA,NA,NA,NA,NA,NA
policyengine,MS,2025,1144,0.47465034965034963,0.5961538461538461,0.24562937062937062,9795.704149673715,28.421058550622064,1884.0722571360307,35010.13125888011,8249.031482006958,116,0.853448275862069,0.8793103448275862
policyengine,MS,2025,382,NA,NA,NA,NA,NA,NA,NA,NA,NA,NA,NA
taxsim,MT,2017,8208,0.7904483430799221,0.9158138401559455,0.16349902534113062,39.171138072119675,0.0035326758171549955,73.92304324620406,544.011772592411,-10.391588217558528,5773,0.8366533864541833,0.9317512558461805
taxsim,MT,2017,12293,NA,NA,NA,NA,NA,NA,NA,NA,NA,NA,NA
taxsim,MT,2018,8205,0.7859841560024375,0.9037172455819622,0.16526508226691042,63.19882992108955,0.003633888419244613,93.34927200383856,785.7155340171978,-30.416097241879232,5765,0.8398959236773634,0.9307892454466609
taxsim,MT,2018,12297,NA,NA,NA,NA,NA,NA,NA,NA,NA,NA,NA
taxsim,MT,2019,8202,0.7362838332114119,0.8846622774932943,0.10424286759326994,71.85798169212035,0.04989900678714321,115.99521476964436,713.2978126162976,-33.9864995499083,5833,0.8364477970169724,0.924224241385222
taxsim,MT,2019,12300,NA,NA,NA,NA,NA,NA,NA,NA,NA,NA,NA
taxsim,MT,2020,8214,0.7244947650353055,0.8681519357195033,0.10591672753834916,254.9518084734373,0.010805300614322277,165.1170621360807,7033.853906631916,132.95627352036655,5585,0.8598030438675023,0.9446732318710832
taxsim,MT,2020,12282,NA,NA,NA,NA,NA,NA,NA,NA,NA,NA,NA
policyengine,MT,2021,1535,NA,NA,NA,NA,NA,NA,NA,NA,NA,NA,NA
policyengine,MT,2022,1152,0.3671875,0.4765625,0.07725694444444445,2586.828437276837,125.4533256378495,2604.9303325941146,30943.001473826756,-1417.4262762826136,434,0.6935483870967742,0.7603686635944701
policyengine,MT,2022,375,NA,NA,NA,NA,NA,NA,NA,NA,NA,NA,NA
policyengine,MT,2023,1117,0.36884512085944493,0.4547896150402865,0.08146821844225605,2488.5155489465938,151.53057503704986,2304.151844853618,30068.611885202765,-168.61913528765083,441,0.6893424036281179,0.7324263038548753
policyengine,MT,2023,413,NA,NA,NA,NA,NA,NA,NA,NA,NA,NA,NA
policyengine,MT,2024,1141,0.4899211218229623,0.6038562664329535,0.11481156879929887,2196.0771650593574,19.987480066421085,2413.556887280658,31822.056751904533,-47.62698718238111,446,0.9125560538116592,0.952914798206278
policyengine,MT,2024,386,NA,NA,NA,NA,NA,NA,NA,NA,NA,NA,NA
policyengine,MT,2025,1144,0.1958041958041958,0.5856643356643356,0.10402097902097902,4094.7750324467033,66.37831134351632,1820.2697374112918,20337.015415738828,-3190.4801438982377,117,0.8717948717948718,0.8974358974358975
policyengine,MT,2025,382,NA,NA,NA,NA,NA,NA,NA,NA,NA,NA,NA
taxsim,NC,2017,8371,0.8941584040138574,0.9437343208696691,0.23665034046111574,39.56630339289548,0.002715761249987736,17.709157959872755,424.4253760916252,-15.133089944382805,5925,0.9748523206751055,0.9913924050632912
taxsim,NC,2017,12130,NA,NA,NA,NA,NA,NA,NA,NA,NA,NA,NA
taxsim,NC,2018,8390,0.832657926102503,0.935280095351609,0.23551847437425508,47.663603224853404,0.0032486054007563325,38.413252977566074,456.210317117522,-21.625027103871535,6012,0.908183632734531,0.9941783100465735
taxsim,NC,2018,12112,NA,NA,NA,NA,NA,NA,NA,NA,NA,NA,NA
taxsim,NC,2019,8385,0.8388789505068575,0.9439475253428742,0.25307096004770424,56.9081413780278,0.003202306629901841,34.31380354129361,531.6335810479662,-22.73018737047364,6093,0.9098966026587888,0.9958969309043164
taxsim,NC,2019,12117,NA,NA,NA,NA,NA,NA,NA,NA,NA,NA,NA
taxsim,NC,2020,8671,0.8393495559912352,0.9430284857571214,0.2609848921693,67.60054951989744,0.0030942315606807824,36.145690342164244,442.40772195421255,-16.277125498566356,5996,0.9126084056037358,0.9946631087391594
taxsim,NC,2020,11825,NA,NA,NA,NA,NA,NA,NA,NA,NA,NA,NA
policyengine,NC,2021,1146,0.5619546247818499,0.7076788830715532,0.17539267015706805,1285.2046686939286,1.695171399578328,1169.7617962059412,11099.082999999975,15.152215536782025,359,0.9331476323119777,0.9610027855153204
policyengine,NC,2021,389,NA,NA,NA,NA,NA,NA,NA,NA,NA,NA,NA
policyengine,NC,2022,1152,0.6206597222222222,0.7256944444444444,0.18055555555555555,795.1940465387253,0.2498695161709179,1300.6813929245752,13092.573319175854,-431.0752950926284,434,0.956221198156682,0.9723502304147466
policyengine,NC,2022,375,NA,NA,NA,NA,NA,NA,NA,NA,NA,NA,NA
policyengine,NC,2023,1117,0.6096687555953447,0.7215756490599821,0.18889883616830797,950.0434821472452,0.28201163874473423,1022.023085040967,8269.456253004426,224.5233133150122,444,0.9256756756756757,0.954954954954955
policyengine,NC,2023,413,NA,NA,NA,NA,NA,NA,NA,NA,NA,NA,NA
policyengine,NC,2024,1141,0.6038562664329535,0.7072743207712533,0.17879053461875546,1438.6873069184533,0.39692186121317263,1398.052656738535,13084.74245351282,173.66829411972995,449,0.9376391982182628,0.9732739420935412
policyengine,NC,2024,386,NA,NA,NA,NA,NA,NA,NA,NA,NA,NA,NA
policyengine,NC,2025,1144,0.5454545454545454,0.6958041958041958,0.17744755244755245,804.745690121532,4.245596774228034,1151.5201940255029,11903.818899999918,-369.5115282311555,118,0.847457627118644,0.8813559322033898
policyengine,NC,2025,382,NA,NA,NA,NA,NA,NA,NA,NA,NA,NA,NA
taxsim,ND,2017,16566,0.6067246166847761,0.779910660388748,0.17197875166002657,327.4448238971687,3.2891785540228824,520.1388890491398,3623.4722887463163,105.27297694925359,6543,0.9948036069081461,0.998777319272505
taxsim,ND,2017,3935,NA,NA,NA,NA,NA,NA,NA,NA,NA,NA,NA
taxsim,ND,2018,16511,0.7565259523953728,0.8794137241838774,0.1617709405850645,408.7108772146454,0.13897683775564929,168.22074581357083,7844.245974139531,-285.98706524393236,8800,0.9947727272727273,0.9988636363636364
taxsim,ND,2018,3991,NA,NA,NA,NA,NA,NA,NA,NA,NA,NA,NA
taxsim,ND,2019,16389,0.7552626761852462,0.8757703337604491,0.1638293977667948,452.9958771906962,0.5237635224980295,188.29787279559542,7799.7284420952155,-316.31683250828166,8756,0.994289629968022,0.9993147555961627
taxsim,ND,2019,4113,NA,NA,NA,NA,NA,NA,NA,NA,NA,NA,NA
taxsim,ND,2020,16345,0.7403487304986235,0.8581217497705721,0.16163964515142246,426.8083196512038,0.5472517053938759,217.97530149499167,8434.35199490423,-313.8928410277249,8407,0.9936957297490187,0.9988105150469847
taxsim,ND,2020,4151,NA,NA,NA,NA,NA,NA,NA,NA,NA,NA,NA
policyengine,ND,2021,1146,0.6701570680628273,0.7923211169284468,0.41710296684118675,1014.3654419412052,0.004434503232999987,705.8318396817069,16974.40461448744,-321.39492149147725,362,0.994475138121547,1
policyengine,ND,2021,389,NA,NA,NA,NA,NA,NA,NA,NA,NA,NA,NA
policyengine,ND,2022,1152,0.6545138888888888,0.7725694444444444,0.4045138888888889,987.5863201083034,1.01882263818527,1000.7080831555927,18989.312827537353,-808.1726556162774,437,0.9816933638443935,0.9931350114416476
policyengine,ND,2022,375,NA,NA,NA,NA,NA,NA,NA,NA,NA,NA,NA
policyengine,ND,2023,1117,0.6723366159355416,0.7985675917636527,0.4610564010743062,765.0741125992165,0.002759107270549066,604.1268659380785,13777.93925467109,-215.5908124507752,445,0.9730337078651685,0.9842696629213483
policyengine,ND,2023,413,NA,NA,NA,NA,NA,NA,NA,NA,NA,NA,NA
policyengine,ND,2024,1141,0.6450482033304119,0.768624014022787,0.4706397896581946,1101.2941811357464,0.0022017223304828804,933.5468197807932,18123.4112605523,-209.49351529030662,448,0.984375,0.9955357142857143
policyengine,ND,2024,386,NA,NA,NA,NA,NA,NA,NA,NA,NA,NA,NA
policyengine,ND,2025,1144,0.5708041958041958,0.7473776223776224,0.4624125874125874,1837.433346410468,6.411495628110288,630.8750235056586,13680.692910798474,-1595.0840673904454,117,0.9829059829059829,0.9914529914529915
policyengine,ND,2025,382,NA,NA,NA,NA,NA,NA,NA,NA,NA,NA,NA
taxsim,NE,2017,8364,0.7773792443806791,0.8625059780009565,0.12876614060258249,209.4614399276405,0.06586875343168686,237.12568828952595,3106.90634774151,142.94578590662212,5941,0.9749200471301128,0.9905739774448746
taxsim,NE,2017,12137,NA,NA,NA,NA,NA,NA,NA,NA,NA,NA,NA
taxsim,NE,2018,11838,0.7902517317114377,0.8904375739145126,0.09815847271498564,78.11791255288271,0.8512988480258628,132.64364721339322,1038.0038198620741,30.92389846900658,8200,0.9651219512195122,0.9892682926829268
taxsim,NE,2018,8664,NA,NA,NA,NA,NA,NA,NA,NA,NA,NA,NA
taxsim,NE,2019,11739,0.7888235795212539,0.8910469375585655,0.09728256239884146,68.07665399240352,1.936543346434064,132.38304783290542,1038.1698461929775,15.571529916436878,8213,0.9646901254109339,0.9890417630585657
taxsim,NE,2019,8763,NA,NA,NA,NA,NA,NA,NA,NA,NA,NA,NA
taxsim,NE,2020,11948,0.7575326414462672,0.8585537328423167,0.09750585872112487,105.97878472915195,1.8564010140482878,244.39749165738394,1399.0221332019614,55.08095386881984,7871,0.9609960614915513,0.9861516960996062
taxsim,NE,2020,8548,NA,NA,NA,NA,NA,NA,NA,NA,NA,NA,NA
policyengine,NE,2021,1146,0.41710296684118675,0.618673647469459,0.08638743455497382,2146.228062717336,29.103566436018184,1889.4294240723248,19070.443426934216,-488.01316031875444,360,0.9333333333333333,0.9638888888888889
policyengine,NE,2021,389,NA,NA,NA,NA,NA,NA,NA,NA,NA,NA,NA
policyengine,NE,2022,1152,0.4678819444444444,0.5963541666666666,0.09635416666666667,1179.8948362898734,29.22439842905237,2007.5098468012145,18858.86908055456,-664.2498895285892,434,0.9055299539170507,0.9262672811059908
policyengine,NE,2022,375,NA,NA,NA,NA,NA,NA,NA,NA,NA,NA,NA
policyengine,NE,2023,1117,0.4637421665174575,0.6114592658907789,0.10564010743061773,1591.872486754672,27.084062165524756,1504.5070811825824,13009.6623346229,84.0944389729291,442,0.8914027149321267,0.9230769230769231
policyengine,NE,2023,413,NA,NA,NA,NA,NA,NA,NA,NA,NA,NA,NA
policyengine,NE,2024,1141,0.44609991235758106,0.5810692375109553,0.11481156879929887,2134.993984920081,35.874301963020116,2264.466965460354,28885.399526978177,181.4740220503154,446,0.8677130044843049,0.9147982062780269
policyengine,NE,2024,386,NA,NA,NA,NA,NA,NA,NA,NA,NA,NA,NA
policyengine,NE,2025,1144,0.41346153846153844,0.6171328671328671,0.09527972027972027,3569.1690815980855,37.274085532626486,1999.5285532204798,16140.344559863974,-2779.3490225493856,118,0.788135593220339,0.8389830508474576
policyengine,NE,2025,382,NA,NA,NA,NA,NA,NA,NA,NA,NA,NA,NA
taxsim,NH,2017,16566,0.9993963539780273,1,0.8248822890257154,0.037036418691925,0,0.00218415917018433,0.0047443934951985475,-0.03662315734529505,7968,1,1
taxsim,NH,2017,3935,NA,NA,NA,NA,NA,NA,NA,NA,NA,NA,NA
taxsim,NH,2018,16511,0.9992732117981952,1,0.8187874750166556,0.03898359231669363,0,0.002252833996863046,0.0047632142689508295,-0.03855378472885635,8930,0.9997760358342666,1
taxsim,NH,2018,3991,NA,NA,NA,NA,NA,NA,NA,NA,NA,NA,NA
taxsim,NH,2019,16389,0.9988406858258588,1,0.8218317163951431,0.0680415595437862,0,0.002151701489219704,0.004745243731267692,-0.06761082190499589,8867,1,1
taxsim,NH,2019,4113,NA,NA,NA,NA,NA,NA,NA,NA,NA,NA,NA
taxsim,NH,2020,16345,0.9990822881615172,1,0.8231263383297645,0.05296314662308655,0,0.002159816060338926,0.004787396476349384,-0.05254720482484518,8513,0.9997650651944086,1
taxsim,NH,2020,4151,NA,NA,NA,NA,NA,NA,NA,NA,NA,NA,NA
policyengine,NH,2021,1146,0.9301919720767888,0.9493891797556719,0.8403141361256544,171.1833862887471,0,0.004203128746375739,2863.0830054204725,-170.75184627412406,360,0.9694444444444444,0.9805555555555555
policyengine,NH,2021,389,NA,NA,NA,NA,NA,NA,NA,NA,NA,NA,NA
policyengine,NH,2022,1152,0.9227430555555556,0.9461805555555556,0.8168402777777778,153.5325128218578,0,0.004798225550385388,2567.1989227048116,-153.09867316656639,431,0.9837587006960556,0.9907192575406032
policyengine,NH,2022,375,NA,NA,NA,NA,NA,NA,NA,NA,NA,NA,NA
policyengine,NH,2023,1117,0.9292748433303492,0.9489704565801254,0.8397493285586393,92.79947422385854,0,0.003831041455465289,2006.1018351869286,-92.60136178944171,439,0.9726651480637813,0.9772209567198178
policyengine,NH,2023,413,NA,NA,NA,NA,NA,NA,NA,NA,NA,NA,NA
policyengine,NH,2024,1141,0.922874671340929,0.9500438212094654,0.813321647677476,45.0773066590212,0,0.004819048439458129,1054.4658701356307,-44.873408522149596,447,0.9731543624161074,0.9865771812080537
policyengine,NH,2024,386,NA,NA,NA,NA,NA,NA,NA,NA,NA,NA,NA
policyengine,NH,2025,1144,1,1,1,0,0,0,0,0,110,1,1
policyengine,NH,2025,382,NA,NA,NA,NA,NA,NA,NA,NA,NA,NA,NA
taxsim,NJ,2017,16566,0.46420379089701796,0.5872268501750574,0.04968006760835446,3401.737449035229,32.48869922524682,4598.082355652303,61547.9859346554,2741.0389560127046,6208,0.7319587628865979,0.829735824742268
taxsim,NJ,2017,3935,NA,NA,NA,NA,NA,NA,NA,NA,NA,NA,NA
taxsim,NJ,2018,16511,0.4763491005996003,0.5854278965538126,0.05977832959844952,8030.654501540883,26.873158105037874,5248.9168686169,111700.68505380175,7432.805895761231,8789,0.657981567868927,0.7713050403913984
taxsim,NJ,2018,3991,NA,NA,NA,NA,NA,NA,NA,NA,NA,NA,NA
taxsim,NJ,2019,16389,0.4744645799011532,0.5830129965220575,0.059918237842455306,6236.513456431856,28.055142507085804,5193.620803061794,88515.4473406974,5736.949204191209,8739,0.6628904909028493,0.7772056299347752
taxsim,NJ,2019,4113,NA,NA,NA,NA,NA,NA,NA,NA,NA,NA,NA
taxsim,NJ,2020,16345,0.4660752523707556,0.5629244417252982,0.061792597124502906,10798.349456686288,38.018515959304295,15489.1522689957,168765.35547962875,10428.762015956574,8396,0.6615054787994283,0.7638161029061458
taxsim,NJ,2020,4151,NA,NA,NA,NA,NA,NA,NA,NA,NA,NA,NA
policyengine,NJ,2021,1146,0.5095986038394416,0.6151832460732984,0.053228621291448515,3048.5010239940802,8.861711046702567,2447.3341336634967,55006.533800830104,2636.74033784922,358,0.664804469273743,0.7430167597765364
policyengine,NJ,2021,389,NA,NA,NA,NA,NA,NA,NA,NA,NA,NA,NA
policyengine,NJ,2022,1152,0.5703125,0.6675347222222222,0.049479166666666664,4227.801266786234,0.05817523883175113,3525.931380756397,58269.736513635784,3399.3039873323396,434,0.7396313364055299,0.836405529953917
policyengine,NJ,2022,375,NA,NA,NA,NA,NA,NA,NA,NA,NA,NA,NA
policyengine,NJ,2023,1117,0.5872873769024172,0.6991942703670546,0.049239033124440466,2773.9502163999,0.004920267789202626,2350.1887310232746,47381.493917877575,1376.227899187321,445,0.7573033707865169,0.8584269662921349
policyengine,NJ,2023,413,NA,NA,NA,NA,NA,NA,NA,NA,NA,NA,NA
policyengine,NJ,2024,1141,0.5705521472392638,0.6713409290096407,0.058720420683610865,5212.606901692912,0.0076037077051296365,3056.172868894908,90596.76908052502,4340.191876783712,448,0.7455357142857143,0.8370535714285714
policyengine,NJ,2024,386,NA,NA,NA,NA,NA,NA,NA,NA,NA,NA,NA
policyengine,NJ,2025,1144,0.5655594405594405,0.6590909090909091,0.051573426573426576,2047.6790188922039,0.19215857390656765,2994.782313102163,44805.78422262613,1102.841387580013,119,0.7058823529411765,0.7563025210084033
policyengine,NJ,2025,382,NA,NA,NA,NA,NA,NA,NA,NA,NA,NA,NA
taxsim,NM,2017,16566,0.3123868163708801,0.49414463358686467,0.06308100929614874,1686.0033907782042,103.45254115726755,1945.6787425787697,21105.92638092508,944.3215993249879,6284,0.6990770210057289,0.9080203691915977
taxsim,NM,2017,3935,NA,NA,NA,NA,NA,NA,NA,NA,NA,NA,NA
taxsim,NM,2018,11834,0.6379922257900963,0.8310799391583573,0.08112219029913807,121.52286419472475,0.7184907517799388,175.523427810427,1203.2240035081124,68.33000455465073,8264,0.771297192642788,0.9283639883833494
taxsim,NM,2018,8668,NA,NA,NA,NA,NA,NA,NA,NA,NA,NA,NA
taxsim,NM,2019,11731,0.5970505498252493,0.7845878441735572,0.08191969994032905,140.04583485296243,2.4456690146928395,225.92169608035783,1236.6437690401121,36.89177949960317,8266,0.7248971691265425,0.884587466731188
taxsim,NM,2019,8771,NA,NA,NA,NA,NA,NA,NA,NA,NA,NA,NA
taxsim,NM,2020,11944,0.5703281982585399,0.7486604152712659,0.08171466845277964,207.30186380397885,2.755787651267383,394.4468997008846,1416.2204007329346,141.39622771447233,7949,0.7237388350735942,0.8767140520820229
taxsim,NM,2020,8552,NA,NA,NA,NA,NA,NA,NA,NA,NA,NA,NA
policyengine,NM,2021,1535,NA,NA,NA,NA,NA,NA,NA,NA,NA,NA,NA
policyengine,NM,2022,1152,0.3038194444444444,0.5060763888888888,0.052083333333333336,2288.2018453422115,97.94672091716814,1427.8130588841452,23669.34614196018,-1502.9505763210898,434,0.532258064516129,0.7258064516129032
policyengine,NM,2022,375,NA,NA,NA,NA,NA,NA,NA,NA,NA,NA,NA
policyengine,NM,2023,1117,0.25514771709937334,0.4843330349149508,0.046553267681289166,1010.9661398614169,108.00157834175616,1175.051092751055,12550.389078883092,-231.098058626356,445,0.48314606741573035,0.6876404494382022
policyengine,NM,2023,413,NA,NA,NA,NA,NA,NA,NA,NA,NA,NA,NA
policyengine,NM,2024,1141,0.24802804557405783,0.45924627519719546,0.04382120946538125,2551.024436621614,124.95570387898988,1796.108224117983,34972.07968112434,-1413.3138463403945,449,0.49443207126948774,0.7104677060133631
policyengine,NM,2024,386,NA,NA,NA,NA,NA,NA,NA,NA,NA,NA,NA
policyengine,NM,2025,1144,0.0979020979020979,0.4370629370629371,0.04108391608391608,4162.1792440998825,135.20654762641425,2336.4990442296303,18803.096893120826,-3411.276577585462,117,0.2222222222222222,0.3418803418803419
policyengine,NM,2025,382,NA,NA,NA,NA,NA,NA,NA,NA,NA,NA,NA
taxsim,NV,2017,16566,1,1,1,0,0,0,0,0,6620,1,1
taxsim,NV,2017,3935,NA,NA,NA,NA,NA,NA,NA,NA,NA,NA,NA
taxsim,NV,2018,16511,1,1,1,0,0,0,0,0,8797,1,1
taxsim,NV,2018,3991,NA,NA,NA,NA,NA,NA,NA,NA,NA,NA,NA
taxsim,NV,2019,16389,1,1,1,0,0,0,0,0,8749,1,1
taxsim,NV,2019,4113,NA,NA,NA,NA,NA,NA,NA,NA,NA,NA,NA
taxsim,NV,2020,16345,1,1,1,0,0,0,0,0,8402,1,1
taxsim,NV,2020,4151,NA,NA,NA,NA,NA,NA,NA,NA,NA,NA,NA
policyengine,NV,2021,1146,1,1,1,0,0,0,0,0,360,1,1
policyengine,NV,2021,389,NA,NA,NA,NA,NA,NA,NA,NA,NA,NA,NA
policyengine,NV,2022,1152,1,1,1,0,0,0,0,0,433,1,1
policyengine,NV,2022,375,NA,NA,NA,NA,NA,NA,NA,NA,NA,NA,NA
policyengine,NV,2023,1117,1,1,1,0,0,0,0,0,446,1,1
policyengine,NV,2023,413,NA,NA,NA,NA,NA,NA,NA,NA,NA,NA,NA
policyengine,NV,2024,1141,1,1,1,0,0,0,0,0,446,1,1
policyengine,NV,2024,386,NA,NA,NA,NA,NA,NA,NA,NA,NA,NA,NA
policyengine,NV,2025,1144,1,1,1,0,0,0,0,0,111,1,1
policyengine,NV,2025,382,NA,NA,NA,NA,NA,NA,NA,NA,NA,NA,NA
taxsim,NY,2017,8337,0.6429171164687537,0.7341969533405301,0.08576226460357443,1991.130471949273,2.4772446073670835,875.4002901766985,52847.37279999965,1858.0979956804397,5792,0.8057665745856354,0.84478591160221
taxsim,NY,2017,12164,NA,NA,NA,NA,NA,NA,NA,NA,NA,NA,NA
taxsim,NY,2018,8213,0.6478753196152441,0.7288445147936199,0.08803117009618897,2487.089784104586,1.432709521995946,828.3092952033817,59273.09880000005,2338.228756518917,5585,0.8205908683974933,0.8599820948970457
taxsim,NY,2018,12289,NA,NA,NA,NA,NA,NA,NA,NA,NA,NA,NA
taxsim,NY,2019,8213,0.644709606721052,0.7314014367466212,0.07792524047242178,2603.7700608038554,1.390738285415864,887.0666676274619,64633.48120000004,2461.7560261077333,5644,0.8196314670446492,0.861268603827073
taxsim,NY,2019,12289,NA,NA,NA,NA,NA,NA,NA,NA,NA,NA,NA
taxsim,NY,2020,8229,0.6444282415846397,0.729250212662535,0.08190545631303925,2686.1659010540284,1.3586755465813667,885.862709847778,63843.81360000001,2571.907690545447,5416,0.8170236336779911,0.8578286558345642
taxsim,NY,2020,12267,NA,NA,NA,NA,NA,NA,NA,NA,NA,NA,NA
policyengine,NY,2021,1146,0.2940663176265271,0.5174520069808028,0.07242582897033159,2626.838406717174,88.12104882536357,1881.0782483666383,20563.38972413054,58.48605703059441,358,0.5558659217877095,0.6703910614525139
policyengine,NY,2021,389,NA,NA,NA,NA,NA,NA,NA,NA,NA,NA,NA
policyengine,NY,2022,1152,0.4930555555555556,0.6267361111111112,0.07725694444444445,1209.454110211083,17.458358938643414,1786.4830431295727,21075.390262241955,-763.4675619906917,435,0.825287356321839,0.903448275862069
policyengine,NY,2022,375,NA,NA,NA,NA,NA,NA,NA,NA,NA,NA,NA
policyengine,NY,2023,359,0.28133704735376047,0.4735376044568245,0,5148.5698584598,125.24682674993892,4990.2260440502805,27779.519607965347,1805.0281622368655,66,0.5909090909090909,0.7727272727272727
policyengine,NY,2023,1171,NA,NA,NA,NA,NA,NA,NA,NA,NA,NA,NA
policyengine,NY,2024,1141,0.4548641542506573,0.6021034180543383,0.07975460122699386,2866.019673586324,27.91886162638548,2003.864672927876,24673.1017740436,609.4386562641787,447,0.7807606263982103,0.8680089485458613
policyengine,NY,2024,386,NA,NA,NA,NA,NA,NA,NA,NA,NA,NA,NA
policyengine,NY,2025,1144,0.4405594405594406,0.6127622377622378,0.07517482517482517,1502.1560022115555,28.16914633404963,1571.9713614618177,21580.964233307444,-613.4855008702849,118,0.8728813559322034,0.9152542372881356
policyengine,NY,2025,382,NA,NA,NA,NA,NA,NA,NA,NA,NA,NA,NA
taxsim,OH,2017,9491,0.8681909177115161,0.9377304815087978,0.2267411231693183,28.552681274646005,0.061512068676364606,31.486911225841823,350.1143531767587,9.188992723117591,4472,0.9487924865831843,0.9729427549194991
taxsim,OH,2017,11010,NA,NA,NA,NA,NA,NA,NA,NA,NA,NA,NA
taxsim,OH,2018,9479,0.8696064985757991,0.9310053803143792,0.22386327671695327,30.405082035083048,0.050241538334375946,34.27653437802734,385.08124324903457,9.469967491880718,5529,0.9453789111955145,0.9678061132211974
taxsim,OH,2018,11023,NA,NA,NA,NA,NA,NA,NA,NA,NA,NA,NA
taxsim,OH,2019,9525,0.8801049868766404,0.9361679790026247,0.32766404199475063,37.367077729803,0.09664489987608249,24.97117157984166,535.5513444282285,18.150300978095753,5508,0.9471677559912854,0.9694989106753813
taxsim,OH,2019,10977,NA,NA,NA,NA,NA,NA,NA,NA,NA,NA,NA
taxsim,OH,2020,9542,0.8574722280444351,0.9120729406832949,0.3228882833787466,46.0424366538932,0.09630263322657129,50.97525536901196,731.7307083205387,29.03180484380006,5343,0.9560172187909414,0.9773535466966123
taxsim,OH,2020,10954,NA,NA,NA,NA,NA,NA,NA,NA,NA,NA,NA
policyengine,OH,2021,805,0.7739130434782608,0.8770186335403727,0.3093167701863354,909.2508136291762,0.09504476681104279,178.59449067418893,7426.106762219972,436.03427731938893,325,0.9476923076923077,0.963076923076923
policyengine,OH,2021,730,NA,NA,NA,NA,NA,NA,NA,NA,NA,NA,NA
policyengine,OH,2022,798,0.8170426065162907,0.87468671679198,0.30451127819548873,339.913463479486,0.10751587676293184,168.0445749732069,6338.948419285219,-65.06692987735703,383,0.9634464751958225,0.9738903394255874
policyengine,OH,2022,729,NA,NA,NA,NA,NA,NA,NA,NA,NA,NA,NA
policyengine,OH,2023,819,0.8058608058608059,0.8815628815628815,0.29304029304029305,595.7804942594463,0.10414954562907042,162.70148980958476,3027.9638249379495,503.56548099511343,413,0.9539951573849879,0.9733656174334141
policyengine,OH,2023,711,NA,NA,NA,NA,NA,NA,NA,NA,NA,NA,NA
policyengine,OH,2024,773,0.8085381630012937,0.8796895213454075,0.2975420439844761,863.5636790875674,0.005594914966309261,154.39693478841383,7087.339599999998,433.7006679837912,394,0.9441624365482234,0.9720812182741116
policyengine,OH,2024,754,NA,NA,NA,NA,NA,NA,NA,NA,NA,NA,NA
policyengine,OH,2025,788,0.501269035532995,0.868020304568528,0.2550761421319797,293.35919491242987,14.846624719151237,208.53787530243733,4392.514812234622,-86.62786121197428,96,0.84375,1
policyengine,OH,2025,738,NA,NA,NA,NA,NA,NA,NA,NA,NA,NA,NA
taxsim,OK,2017,16566,0.22123626705300012,0.4841241096221176,0.01672099480864421,1509.5603394610525,116.61241553043374,2156.1844690565013,20191.405217282525,1101.1669163248991,6085,0.5064913722267872,0.876417419884963
taxsim,OK,2017,3935,NA,NA,NA,NA,NA,NA,NA,NA,NA,NA,NA
taxsim,OK,2018,12615,0.49227110582639716,0.8052318668252081,0.016250495441934205,78.26841643498105,17.44230092966427,166.13872569439337,540.9357171199949,53.65083610796818,7377,0.5759793954181917,0.8884370340246712
taxsim,OK,2018,7887,NA,NA,NA,NA,NA,NA,NA,NA,NA,NA,NA
taxsim,OK,2019,12409,0.4967362398259328,0.8080425497622693,0.01676202756064147,72.53583544430569,15.821391626814147,160,592.6512106522206,46.37117487648132,7345,0.5863852961198094,0.8891763104152485
taxsim,OK,2019,8093,NA,NA,NA,NA,NA,NA,NA,NA,NA,NA,NA
taxsim,OK,2020,12778,0.4863828455157302,0.7815777116919705,0.013930192518390984,95.37384762888605,19.500822928996058,222.51790630421687,960.6095160080228,70.55808340526742,7068,0.5882852292020373,0.8921901528013583
taxsim,OK,2020,7718,NA,NA,NA,NA,NA,NA,NA,NA,NA,NA,NA
policyengine,OK,2021,1146,0.3717277486910995,0.6631762652705061,0.04712041884816754,1116.5349965566825,40,711.3567409028328,9542.64625774712,86.19520003944916,358,0.5139664804469274,0.7849162011173184
policyengine,OK,2021,389,NA,NA,NA,NA,NA,NA,NA,NA,NA,NA,NA
policyengine,OK,2022,1152,0.4192708333333333,0.6527777777777778,0.035590277777777776,594.5463093021747,40,864.0292352744001,9250.010136138433,-326.45593202006444,434,0.5783410138248848,0.8456221198156681
policyengine,OK,2022,375,NA,NA,NA,NA,NA,NA,NA,NA,NA,NA,NA
policyengine,OK,2023,1117,0.432408236347359,0.7000895255147717,0.051029543419874666,879.1224885619321,34.51446365709489,632.7445296218742,7299.967662358812,279.313787114879,443,0.5846501128668171,0.8893905191873589
policyengine,OK,2023,413,NA,NA,NA,NA,NA,NA,NA,NA,NA,NA,NA
policyengine,OK,2024,1141,0.4171779141104294,0.6765994741454864,0.04995617879053462,1311.9452202471405,33.10243184163687,1071.3683938012696,12762.107791022228,289.52764696304024,447,0.5883668903803132,0.883668903803132
policyengine,OK,2024,386,NA,NA,NA,NA,NA,NA,NA,NA,NA,NA,NA
policyengine,OK,2025,1144,0.4117132867132867,0.6984265734265734,0.04632867132867133,714.0738631734525,37.26099055227953,692.6746201852269,12475.60359999989,-241.5641879800443,118,0.3728813559322034,0.8728813559322034
policyengine,OK,2025,382,NA,NA,NA,NA,NA,NA,NA,NA,NA,NA,NA
taxsim,OR,2017,8240,0.6933252427184466,0.8367718446601942,0.0941747572815534,245.3915177650515,0.20563192261677332,241.75827589105722,4108.071434904993,199.76887626932313,5680,0.8320422535211267,0.9191901408450704
taxsim,OR,2017,12261,NA,NA,NA,NA,NA,NA,NA,NA,NA,NA,NA
taxsim,OR,2018,8560,0.6989485981308411,0.8396028037383177,0.09497663551401869,95.51683683749368,0.6822384120492302,222.09048370418435,1869.9010984539946,34.51751622297191,5906,0.8347443278022351,0.9178801219099221
taxsim,OR,2018,11942,NA,NA,NA,NA,NA,NA,NA,NA,NA,NA,NA
taxsim,OR,2019,837,0.9330943847072879,0.974910394265233,0.7610513739545998,9.86141755673172,0,4.585999999999996,279.0887999999999,1.9277664631718725,506,0.9841897233201581,0.9980237154150198
taxsim,OR,2019,19665,NA,NA,NA,NA,NA,NA,NA,NA,NA,NA,NA
taxsim,OR,2020,8902,0.70545944731521,0.8229611323298135,0.09188946304201304,141.54157994441067,0.2912408035108456,334.3750726114735,2284.1858800975047,72.61591025514085,5846,0.8756414642490592,0.9339719466301745
taxsim,OR,2020,11594,NA,NA,NA,NA,NA,NA,NA,NA,NA,NA,NA
policyengine,OR,2021,1146,0.3787085514834206,0.5698080279232112,0.07678883071553229,3211.7259659060755,49.75266739753533,3145.6994968120125,30138.75420153235,-934.5318661055693,358,0.8687150837988827,0.9162011173184358
policyengine,OR,2021,389,NA,NA,NA,NA,NA,NA,NA,NA,NA,NA,NA
policyengine,OR,2022,1152,0.4140625,0.5729166666666666,0.07552083333333333,1721.4473937971188,50.45442084565511,3304.2328784009637,27886.376612915432,-1247.603878639856,434,0.7695852534562212,0.8663594470046083
policyengine,OR,2022,375,NA,NA,NA,NA,NA,NA,NA,NA,NA,NA,NA
policyengine,OR,2023,1117,0.41808415398388543,0.5783348254252462,0.07609668755595345,2436.1857162126375,41.71909127175968,2645.214865375966,19675.501088718775,-18.615639044205686,438,0.769406392694064,0.860730593607306
policyengine,OR,2023,413,NA,NA,NA,NA,NA,NA,NA,NA,NA,NA,NA
policyengine,OR,2024,1141,0.3978965819456617,0.544259421560035,0.08326029798422437,3547.0614170207023,67.73242302987092,3937.44303428533,43648.95059608322,-223.7078415901979,445,0.7573033707865169,0.8584269662921349
policyengine,OR,2024,386,NA,NA,NA,NA,NA,NA,NA,NA,NA,NA,NA
policyengine,OR,2025,1144,0.36451048951048953,0.5917832167832168,0.0673076923076923,6633.4362327238705,49.555233679420326,2602.538835649293,30728.728760125654,-5615.441216426913,118,0.9322033898305084,0.940677966101695
policyengine,OR,2025,382,NA,NA,NA,NA,NA,NA,NA,NA,NA,NA,NA
taxsim,PA,2017,16566,0.4214052879391525,0.5716527828081613,0.15338645418326693,1462.1303886033065,47.20745917426211,2926.9311529253337,22257.656580365776,988.9953393436745,6381,0.6798307475317349,0.7976806143237737
taxsim,PA,2017,3935,NA,NA,NA,NA,NA,NA,NA,NA,NA,NA,NA
taxsim,PA,2018,16511,0.4166919023681182,0.5579310762521955,0.1483859245351584,1774.7366305563041,52.323395390352744,2959.518570959248,21284.17947517887,1252.6562028127917,8788,0.5606508875739645,0.7125625853436505
taxsim,PA,2018,3991,NA,NA,NA,NA,NA,NA,NA,NA,NA,NA,NA
taxsim,PA,2019,16389,0.41680395387149916,0.5619012752455915,0.14570748672890355,1546.5177716682592,51.89025239428884,2860.4344066862177,20771.19348371956,999.5544543834789,8740,0.5589244851258581,0.7161327231121282
taxsim,PA,2019,4113,NA,NA,NA,NA,NA,NA,NA,NA,NA,NA,NA
taxsim,PA,2020,16345,0.405750994187825,0.5624349954114408,0.1439583970633221,1622.4928136057551,53.07782833903252,2869.893878655653,21086.12080929565,1169.4744252806283,8391,0.5391490883089024,0.711834107972828
taxsim,PA,2020,4151,NA,NA,NA,NA,NA,NA,NA,NA,NA,NA,NA
policyengine,PA,2021,1146,0.6797556719022687,0.7216404886561955,0.15532286212914484,1068.452986410264,0.0037073744597364566,1801.7864863188572,16957.348640471668,686.5632332111891,358,0.8687150837988827,0.8798882681564246
policyengine,PA,2021,389,NA,NA,NA,NA,NA,NA,NA,NA,NA,NA,NA
policyengine,PA,2022,1152,0.6501736111111112,0.7057291666666666,0.1189236111111111,1473.8284641182274,0.003973837158810056,2336.851637681171,20732.538215175824,823.3159464484486,438,0.7922374429223744,0.8493150684931506
policyengine,PA,2022,375,NA,NA,NA,NA,NA,NA,NA,NA,NA,NA,NA
policyengine,PA,2023,1117,0.6777081468218442,0.729632945389436,0.12175470008952552,1115.7734312184227,0.003588114861486247,1770.182290558368,17359.68523529805,226.73819941890477,450,0.8044444444444444,0.8422222222222222
policyengine,PA,2023,413,NA,NA,NA,NA,NA,NA,NA,NA,NA,NA,NA
policyengine,PA,2024,1141,0.6389132340052586,0.7011393514461,0.13058720420683612,1751.7608889463263,0.003868904780574667,2450.0829051113024,26214.637852529406,1103.6525983873833,452,0.7964601769911505,0.838495575221239
policyengine,PA,2024,386,NA,NA,NA,NA,NA,NA,NA,NA,NA,NA,NA
policyengine,PA,2025,1144,0.5568181818181818,0.6284965034965035,0.06468531468531469,963.7332118572788,0.45213881926883914,2131.0920962548853,16848.471137354783,101.45699147818188,119,0.7563025210084033,0.773109243697479
policyengine,PA,2025,382,NA,NA,NA,NA,NA,NA,NA,NA,NA,NA,NA
taxsim,RI,2017,16407,0.743828853538124,0.8796855000914244,0.08203815444627294,79.58689740964448,0.254360186422673,155.98924232279427,1055.4800405745555,36.027104637136624,6141,0.9555446995603322,0.9731314118221788
taxsim,RI,2017,4094,NA,NA,NA,NA,NA,NA,NA,NA,NA,NA,NA
taxsim,RI,2018,16336,0.7376346718903036,0.8714495592556317,0.08012977473065622,91.7424801725144,0.3285016265829199,160.31601908045047,1124.2583677964217,48.03473419476954,8705,0.9331418724870764,0.9759908098793797
taxsim,RI,2018,4166,NA,NA,NA,NA,NA,NA,NA,NA,NA,NA,NA
taxsim,RI,2019,16234,0.7294566958235802,0.8700874707404214,0.07933965750893188,92.2010743744285,0.5202327335682639,163.12698273410598,1266.504644330237,43.567499184405605,8663,0.9279695255685098,0.9747200738774097
taxsim,RI,2019,4268,NA,NA,NA,NA,NA,NA,NA,NA,NA,NA,NA
taxsim,RI,2020,16165,0.7341787813176616,0.8725023198267863,0.08122486854314878,91.44500291663144,0.357375018636958,166.8735933986177,1178.8040979987768,46.81671851010677,8316,0.9302549302549302,0.9767917267917268
taxsim,RI,2020,4331,NA,NA,NA,NA,NA,NA,NA,NA,NA,NA,NA
policyengine,RI,2021,867,0.5224913494809689,0.6943483275663207,0.08304498269896193,1755.844499880863,13.355827429091732,1196.3647667640025,15936.754399653319,315.8512787376256,232,0.9310344827586207,0.9655172413793104
policyengine,RI,2021,668,NA,NA,NA,NA,NA,NA,NA,NA,NA,NA,NA
policyengine,RI,2022,1151,0.5864465682015638,0.7054735013032146,0.10512597741094701,755.9206076871177,1.8664839539387685,917.3004406951947,11641.673691687334,-242.51576449179285,434,0.9493087557603687,0.9654377880184332
policyengine,RI,2022,376,NA,NA,NA,NA,NA,NA,NA,NA,NA,NA,NA
policyengine,RI,2023,1116,0.5815412186379928,0.717741935483871,0.11469534050179211,1013.2471597798296,2.245581393408429,728.0156978364239,6348.966702550715,426.26583544123343,446,0.9349775784753364,0.9730941704035875
policyengine,RI,2023,414,NA,NA,NA,NA,NA,NA,NA,NA,NA,NA,NA
policyengine,RI,2024,1136,0.5721830985915493,0.6936619718309859,0.12323943661971831,1619.3801522323315,3.0555016254234033,1115.813757363806,15969.136826578226,618.700575710394,448,0.921875,0.9620535714285714
policyengine,RI,2024,391,NA,NA,NA,NA,NA,NA,NA,NA,NA,NA,NA
policyengine,RI,2025,1143,0.5441819772528433,0.7034120734908137,0.1137357830271216,828.1143345117736,7.772783293970633,914.765996971614,11171.264144724599,-231.56709968115288,118,0.9745762711864406,0.9830508474576272
policyengine,RI,2025,383,NA,NA,NA,NA,NA,NA,NA,NA,NA,NA,NA
taxsim,SC,2017,16566,0.46130628999154893,0.5219727151998068,0.23361101050344077,3187.031756532261,64.25249705906572,5995.547130561725,44218.126789466245,2691.8575174968278,6045,0.9275434243176178,0.9596360628618693
taxsim,SC,2017,3935,NA,NA,NA,NA,NA,NA,NA,NA,NA,NA,NA
taxsim,SC,2018,16511,0.5698625158984919,0.6682211858760826,0.25909999394343164,1169.800177245301,1.4544729995541275,934.986665960023,19857.36285874607,-444.6155474567582,7637,0.8638208720701847,0.9031033128191698
taxsim,SC,2018,3991,NA,NA,NA,NA,NA,NA,NA,NA,NA,NA,NA
taxsim,SC,2019,16389,0.5758130453352859,0.6624565257184697,0.25846604429800474,1288.9314621460412,6.8020897369526665,978.2077525078677,19708.96674202416,-497.5032701804577,7583,0.8736647764736911,0.9037320321772385
taxsim,SC,2019,4113,NA,NA,NA,NA,NA,NA,NA,NA,NA,NA,NA
taxsim,SC,2020,16345,0.5674518201284796,0.6688283878862037,0.2576934842459468,1224.6870498696028,2.5265611829981935,909.5695279529241,21241.682690249116,-497.84947207754243,7292,0.8624520021941854,0.9031815688425672
taxsim,SC,2020,4151,NA,NA,NA,NA,NA,NA,NA,NA,NA,NA,NA
policyengine,SC,2021,355,0.9183098591549296,0.9323943661971831,0.9183098591549296,114.5526004718565,0,0,946.6558029268961,114.5526004718565,152,0.993421052631579,0.993421052631579
policyengine,SC,2021,1180,NA,NA,NA,NA,NA,NA,NA,NA,NA,NA,NA
policyengine,SC,2022,1152,0.5190972222222222,0.6163194444444444,0.2682291666666667,2243.23460423742,5.904827223431994,2406.3484819057653,39619.85936584558,-1914.628693532217,434,0.8502304147465438,0.8778801843317973
policyengine,SC,2022,375,NA,NA,NA,NA,NA,NA,NA,NA,NA,NA,NA
policyengine,SC,2023,1117,0.5290957923008057,0.6177260519247986,0.279319606087735,2064.6764411911367,5.5544408499554265,1921.2550736252497,34793.58461162171,-583.078763476567,443,0.8532731376975169,0.8803611738148984
policyengine,SC,2023,413,NA,NA,NA,NA,NA,NA,NA,NA,NA,NA,NA
policyengine,SC,2024,1141,0.5083260297984225,0.6073619631901841,0.28045574057843997,2790.8302718019013,11.054971126039163,2706.4854732054773,44805.0838586389,-682.9276475656188,446,0.8452914798206278,0.8901345291479821
policyengine,SC,2024,386,NA,NA,NA,NA,NA,NA,NA,NA,NA,NA,NA
policyengine,SC,2025,1144,0.42482517482517484,0.5192307692307693,0.270979020979021,4587.8267962937225,68.89559784480599,2104.889434741076,33358.78474859441,-3942.5815235262535,119,0.8403361344537815,0.8571428571428571
policyengine,SC,2025,382,NA,NA,NA,NA,NA,NA,NA,NA,NA,NA,NA
taxsim,SD,2017,16566,1,1,1,0,0,0,0,0,6643,1,1
taxsim,SD,2017,3935,NA,NA,NA,NA,NA,NA,NA,NA,NA,NA,NA
taxsim,SD,2018,16511,1,1,1,0,0,0,0,0,8800,1,1
taxsim,SD,2018,3991,NA,NA,NA,NA,NA,NA,NA,NA,NA,NA,NA
taxsim,SD,2019,16389,1,1,1,0,0,0,0,0,8747,1,1
taxsim,SD,2019,4113,NA,NA,NA,NA,NA,NA,NA,NA,NA,NA,NA
taxsim,SD,2020,16345,1,1,1,0,0,0,0,0,8402,1,1
taxsim,SD,2020,4151,NA,NA,NA,NA,NA,NA,NA,NA,NA,NA,NA
policyengine,SD,2021,1146,1,1,1,0,0,0,0,0,360,1,1
policyengine,SD,2021,389,NA,NA,NA,NA,NA,NA,NA,NA,NA,NA,NA
policyengine,SD,2022,1152,1,1,1,0,0,0,0,0,432,1,1
policyengine,SD,2022,375,NA,NA,NA,NA,NA,NA,NA,NA,NA,NA,NA
policyengine,SD,2023,1117,1,1,1,0,0,0,0,0,444,1,1
policyengine,SD,2023,413,NA,NA,NA,NA,NA,NA,NA,NA,NA,NA,NA
policyengine,SD,2024,1141,1,1,1,0,0,0,0,0,447,1,1
policyengine,SD,2024,386,NA,NA,NA,NA,NA,NA,NA,NA,NA,NA,NA
policyengine,SD,2025,1144,1,1,1,0,0,0,0,0,111,1,1
policyengine,SD,2025,382,NA,NA,NA,NA,NA,NA,NA,NA,NA,NA,NA
taxsim,TN,2017,16566,0.9945068212000483,0.9967403114813473,0.7703730532415791,4.6412788340699604,0,0.002904599961091492,0.004903501779736528,-4.517072389691486,6542,0.9926627942525221,0.9963313971262611
taxsim,TN,2017,3935,NA,NA,NA,NA,NA,NA,NA,NA,NA,NA,NA
taxsim,TN,2018,16511,0.9936406032342076,0.9972745442432318,0.7618557325419417,1.4547588964276204,0,0.003030624947299998,0.0049451985479635144,-1.4439538845229682,8792,0.9930618744313012,0.9974977252047316
taxsim,TN,2018,3991,NA,NA,NA,NA,NA,NA,NA,NA,NA,NA,NA
taxsim,TN,2019,16389,0.9942644456647751,0.9976813716517177,0.7658795533589603,0.9031127962586948,0,0.0029683289276363216,0.004954652353962955,-0.8945324779835436,8744,0.9939387008234217,0.9978270814272644
taxsim,TN,2019,4113,NA,NA,NA,NA,NA,NA,NA,NA,NA,NA,NA
taxsim,TN,2020,16345,0.9951667176506577,0.9989599265830529,0.7681859895992659,0.5328161807025962,0,0.0028836974174424783,0.00492834103040991,-0.5253363613421342,8392,0.9946377502383222,0.9992850333651097
taxsim,TN,2020,4151,NA,NA,NA,NA,NA,NA,NA,NA,NA,NA,NA
policyengine,TN,2021,1146,1,1,1,0,0,0,0,0,361,1,1
policyengine,TN,2021,389,NA,NA,NA,NA,NA,NA,NA,NA,NA,NA,NA
policyengine,TN,2022,1152,1,1,1,0,0,0,0,0,434,1,1
policyengine,TN,2022,375,NA,NA,NA,NA,NA,NA,NA,NA,NA,NA,NA
policyengine,TN,2023,1117,1,1,1,0,0,0,0,0,447,1,1
policyengine,TN,2023,413,NA,NA,NA,NA,NA,NA,NA,NA,NA,NA,NA
policyengine,TN,2024,1141,1,1,1,0,0,0,0,0,446,1,1
policyengine,TN,2024,386,NA,NA,NA,NA,NA,NA,NA,NA,NA,NA,NA
policyengine,TN,2025,1144,1,1,1,0,0,0,0,0,112,1,1
policyengine,TN,2025,382,NA,NA,NA,NA,NA,NA,NA,NA,NA,NA,NA
taxsim,TX,2017,16566,1,1,1,0,0,0,0,0,6587,1,1
taxsim,TX,2017,3935,NA,NA,NA,NA,NA,NA,NA,NA,NA,NA,NA
taxsim,TX,2018,16511,1,1,1,0,0,0,0,0,8797,1,1
taxsim,TX,2018,3991,NA,NA,NA,NA,NA,NA,NA,NA,NA,NA,NA
taxsim,TX,2019,16389,1,1,1,0,0,0,0,0,8751,1,1
taxsim,TX,2019,4113,NA,NA,NA,NA,NA,NA,NA,NA,NA,NA,NA
taxsim,TX,2020,16345,1,1,1,0,0,0,0,0,8398,1,1
taxsim,TX,2020,4151,NA,NA,NA,NA,NA,NA,NA,NA,NA,NA,NA
policyengine,TX,2021,1146,1,1,1,0,0,0,0,0,360,1,1
policyengine,TX,2021,389,NA,NA,NA,NA,NA,NA,NA,NA,NA,NA,NA
policyengine,TX,2022,1152,1,1,1,0,0,0,0,0,434,1,1
policyengine,TX,2022,375,NA,NA,NA,NA,NA,NA,NA,NA,NA,NA,NA
policyengine,TX,2023,1117,1,1,1,0,0,0,0,0,446,1,1
policyengine,TX,2023,413,NA,NA,NA,NA,NA,NA,NA,NA,NA,NA,NA
policyengine,TX,2024,1141,1,1,1,0,0,0,0,0,446,1,1
policyengine,TX,2024,386,NA,NA,NA,NA,NA,NA,NA,NA,NA,NA,NA
policyengine,TX,2025,1144,1,1,1,0,0,0,0,0,111,1,1
policyengine,TX,2025,382,NA,NA,NA,NA,NA,NA,NA,NA,NA,NA,NA
taxsim,UT,2017,7225,0.8870588235294118,0.9766089965397924,0.267681660899654,16.243621290515986,0.03359247856221259,21.061168359320483,226.1253544873983,3.690415188766127,4607,0.9934881701758194,1
taxsim,UT,2017,13276,NA,NA,NA,NA,NA,NA,NA,NA,NA,NA,NA
taxsim,UT,2018,9387,0.8999680409076383,0.9662298924043891,0.22893363161819538,20.69728847281082,0.0031529476682692348,14.995418310926071,394.4143891234024,7.525369276396444,5750,0.9881739130434782,0.9987826086956522
taxsim,UT,2018,11115,NA,NA,NA,NA,NA,NA,NA,NA,NA,NA,NA
taxsim,UT,2019,9371,0.9012912175861701,0.9667057944723082,0.22719026784761498,26.481423396028422,0.0037501055882103174,14.593252577005842,398.56464024609386,12.568371516781989,5786,0.9858278603525752,0.9984445212582095
taxsim,UT,2019,11131,NA,NA,NA,NA,NA,NA,NA,NA,NA,NA,NA
taxsim,UT,2020,9501,0.8648563309125356,0.9313756446689823,0.2202926007788654,56.20662906441207,0.006409760783071761,32.30263445673063,1009.4596920011791,42.520906986034085,5562,0.9829198130169003,0.9983818770226537
taxsim,UT,2020,10995,NA,NA,NA,NA,NA,NA,NA,NA,NA,NA,NA
policyengine,UT,2021,1146,0.6605584642233857,0.7958115183246073,0.22600349040139617,1181.8727745852927,0.15564610284718583,696.7598210772412,11938.255480556141,-22.29139301275722,359,0.9610027855153204,0.9860724233983287
policyengine,UT,2021,389,NA,NA,NA,NA,NA,NA,NA,NA,NA,NA,NA
policyengine,UT,2022,1152,0.6796875,0.7769097222222222,0.2326388888888889,659.9179856419779,2.99584006175769,784.6007691973514,13747.80103127805,-395.63218578078425,434,0.9746543778801844,0.9907834101382489
policyengine,UT,2022,375,NA,NA,NA,NA,NA,NA,NA,NA,NA,NA,NA
policyengine,UT,2023,1117,0.7063563115487914,0.7931960608773501,0.25156669650850494,997.0142898804351,0.31264297848429123,504.58561959635074,9397.267922779343,144.78751420424763,447,0.9642058165548099,0.9888143176733781
policyengine,UT,2023,413,NA,NA,NA,NA,NA,NA,NA,NA,NA,NA,NA
policyengine,UT,2024,1141,0.6722173531989483,0.7677475898334793,0.2506573181419807,1465.5266327367585,0.15318344607658219,1031.2528101598873,18354.964980625016,72.88211191289636,449,0.95991091314031185,0.9888641425389755
policyengine,UT,2024,386,NA,NA,NA,NA,NA,NA,NA,NA,NA,NA,NA
policyengine,UT,2025,1144,0.5305944055944056,0.7823426573426573,0.2517482517482518,2922.2689450587136,7.228082088896372,677.013972276088,16214.59327870299,-2440.1290876553658,117,0.9914529914529915,1
policyengine,UT,2025,382,NA,NA,NA,NA,NA,NA,NA,NA,NA,NA,NA
taxsim,VA,2017,7623,0.8773448773448773,0.938475665748393,0.3692771874590056,36.85469840237487,0.0018660949747300037,26.972894911624195,718.2694796163839,-3.3923019036325592,5395,0.9562557924003707,0.9827618164967562
taxsim,VA,2017,12878,NA,NA,NA,NA,NA,NA,NA,NA,NA,NA,NA
taxsim,VA,2018,10470,0.8340019102196753,0.9138490926456543,0.28328557784145175,49.40569618294402,0.0033687234381432063,67.11750516429414,1044.0087517318175,-13.525532442697434,6599,0.9378693741475981,0.9704500681921503
taxsim,VA,2018,10032,NA,NA,NA,NA,NA,NA,NA,NA,NA,NA,NA
taxsim,VA,2019,10387,0.8337344757870415,0.9168191007990758,0.2857417926253971,227.3399360389236,0.0033523164663620264,61.61242792083949,3951.349385451224,196.6398851334777,6586,0.945794108715457,0.9799574855754631
taxsim,VA,2019,10115,NA,NA,NA,NA,NA,NA,NA,NA,NA,NA,NA
taxsim,VA,2020,10428,0.8383199079401611,0.9169543536632144,0.28116609129267356,282.63289220783736,0.0033197065395143,58.64593065926548,4545.87840075613,255.6699801261164,6279,0.9458512501990762,0.978659022137283
taxsim,VA,2020,10068,NA,NA,NA,NA,NA,NA,NA,NA,NA,NA,NA
policyengine,VA,2021,1535,NA,NA,NA,NA,NA,NA,NA,NA,NA,NA,NA
policyengine,VA,2022,1152,0.5173611111111112,0.6579861111111112,0.1189236111111111,832.9169106202547,9.529558026779217,1101.4244664885034,14534.744121290836,-516.3406091049687,434,0.9216589861751152,0.9493087557603687
policyengine,VA,2022,375,NA,NA,NA,NA,NA,NA,NA,NA,NA,NA,NA
policyengine,VA,2023,1530,NA,NA,NA,NA,NA,NA,NA,NA,NA,NA,NA
policyengine,VA,2024,1527,NA,NA,NA,NA,NA,NA,NA,NA,NA,NA,NA
policyengine,VA,2025,1144,0.4370629370629371,0.5996503496503497,0.10926573426573427,3701.5650972808794,35.6897464206146,1019.0228110568087,17821.524847557266,-3080.9003596837238,118,0.864406779661017,0.9067796610169492
policyengine,VA,2025,382,NA,NA,NA,NA,NA,NA,NA,NA,NA,NA,NA
taxsim,VT,2017,16566,0.23596522998913438,0.3196305686345527,0.011046722202100689,6287.591987947883,144.08179398844123,2992.806850931869,73597.82093782685,4448.647505153617,6054,0.5766435414601916,0.5984473075652461
taxsim,VT,2017,3935,NA,NA,NA,NA,NA,NA,NA,NA,NA,NA,NA
taxsim,VT,2018,16511,0.29089697777239415,0.42595845194113013,0.013566713100357338,6543.734965826036,111,1139.7097431909024,75342.1743575703,6292.261621199631,8718,0.4678825418674008,0.5902729983941271
taxsim,VT,2018,3991,NA,NA,NA,NA,NA,NA,NA,NA,NA,NA,NA
taxsim,VT,2019,16389,0.3070352065409726,0.429922508999939,0.014827018121911038,4208.502039335131,111,1071.2318671594455,64101.85362615672,3942.6884940945324,8675,0.4971757925072046,0.5986167146974063
taxsim,VT,2019,4113,NA,NA,NA,NA,NA,NA,NA,NA,NA,NA,NA
taxsim,VT,2020,16345,0.27763842153563784,0.4074028754970939,0.015172835729580912,6844.676049316954,111,1260.7817094044804,83007.19955362179,6584.201758390312,8308,0.4700288878189697,0.591478093403948
taxsim,VT,2020,4151,NA,NA,NA,NA,NA,NA,NA,NA,NA,NA,NA
policyengine,VT,2021,1146,0.47033158813263526,0.6657940663176265,0.08289703315881326,2105.5609851166655,19.804592265076963,1324.1655736864345,20593.072921429193,125.38366062591648,358,0.9273743016759777,0.952513966480447
policyengine,VT,2021,389,NA,NA,NA,NA,NA,NA,NA,NA,NA,NA,NA
policyengine,VT,2022,1152,0.5295138888888888,0.6597222222222222,0.08159722222222222,1238.284612162445,7.064654128122811,1450.0176793694036,25074.22738882205,-603.7621983966418,434,0.9147465437788018,0.9447004608294931
policyengine,VT,2022,375,NA,NA,NA,NA,NA,NA,NA,NA,NA,NA,NA
policyengine,VT,2023,1117,0.5282005371530887,0.6687555953446732,0.08504923903312445,1593.5338502109644,7.487653688600403,1518.1,9545.30984892098,454.97775095063713,443,0.9300225733634312,0.9593679458239278
policyengine,VT,2023,413,NA,NA,NA,NA,NA,NA,NA,NA,NA,NA,NA
policyengine,VT,2024,1141,0.537248028045574,0.6599474145486416,0.1016652059596845,2411.0554496338755,6.0116537301801145,1903.8124211479553,23390.583815633476,837.737259861059,447,0.9239373601789709,0.9552572706935123
policyengine,VT,2024,386,NA,NA,NA,NA,NA,NA,NA,NA,NA,NA,NA
policyengine,VT,2025,1144,0.486013986013986,0.6520979020979021,0.08216783216783216,1283.1601092134586,19.564426061628637,1639.6856756558648,14698.959983813285,-453.052457842199,118,0.9491525423728814,0.9661016949152542
policyengine,VT,2025,382,NA,NA,NA,NA,NA,NA,NA,NA,NA,NA,NA
taxsim,WA,2017,20501,NA,NA,NA,NA,NA,NA,NA,NA,NA,NA,NA
taxsim,WA,2018,20502,NA,NA,NA,NA,NA,NA,NA,NA,NA,NA,NA
taxsim,WA,2019,20502,NA,NA,NA,NA,NA,NA,NA,NA,NA,NA,NA
taxsim,WA,2020,20496,NA,NA,NA,NA,NA,NA,NA,NA,NA,NA,NA
policyengine,WA,2021,1146,0.8237347294938918,0.8254799301919721,0.8237347294938918,113.42086387434556,0,600,1200,113.42086387434556,361,0.7479224376731302,0.7479224376731302
policyengine,WA,2021,389,NA,NA,NA,NA,NA,NA,NA,NA,NA,NA,NA
policyengine,WA,2022,1152,0.84375,0.84375,0.7916666666666666,101.47853874541613,0,600,1200,101.47816718836835,432,0.8125,0.8125
policyengine,WA,2022,375,NA,NA,NA,NA,NA,NA,NA,NA,NA,NA,NA
policyengine,WA,2023,1117,0.8379588182632051,0.8406445837063563,0.8146821844225605,114.49168477798659,0,625,1255,114.49162980889723,446,0.8161434977578476,0.820627802690583
policyengine,WA,2023,413,NA,NA,NA,NA,NA,NA,NA,NA,NA,NA,NA
policyengine,WA,2024,1141,0.8615249780893953,0.8624014022787029,0.8273444347063978,93.94049319844046,0,640,1290,93.94013058397512,446,0.8408071748878924,0.8430493273542601
policyengine,WA,2024,386,NA,NA,NA,NA,NA,NA,NA,NA,NA,NA,NA
policyengine,WA,2025,1144,0.8592657342657343,0.861013986013986,0.8068181818181818,95.24750876779567,0,618.9970000000023,1330,95.2447812515283,112,0.6964285714285714,0.6964285714285714
policyengine,WA,2025,382,NA,NA,NA,NA,NA,NA,NA,NA,NA,NA,NA
taxsim,WI,2017,7956,0.8163650075414781,0.9112619406737054,0.20072900955253897,124.44470235779549,0.3984299673768419,78.45282727748986,1550.9317196123463,-71.81371124523504,5734,0.9202999651203349,0.980641785838856
taxsim,WI,2017,12545,NA,NA,NA,NA,NA,NA,NA,NA,NA,NA,NA
taxsim,WI,2018,7983,0.6829512714518351,0.9081798822497807,0.2001753726669172,101.05308940400842,0.10700068597401469,81.45340822613122,1211.0240229820354,-53.96856110256177,5747,0.7736210196624326,0.9796415521141465
taxsim,WI,2018,12519,NA,NA,NA,NA,NA,NA,NA,NA,NA,NA,NA
taxsim,WI,2019,8429,0.8186024439435283,0.9069877802823585,0.18626171550599122,58.704322059134,0.2208008574132201,88.1114386624259,1206.2168171678782,23.229431190697166,5940,0.9393939393939394,0.987037037037037
taxsim,WI,2019,12073,NA,NA,NA,NA,NA,NA,NA,NA,NA,NA,NA
taxsim,WI,2020,9204,0.8044328552803129,0.905367231638418,0.1762277270751847,77.80620376427075,0.384749007582343,91.58621840940212,1222.1401182190743,44.96348497160668,5932,0.9377950101146325,0.9897167902899529
taxsim,WI,2020,11292,NA,NA,NA,NA,NA,NA,NA,NA,NA,NA,NA
policyengine,WI,2021,1142,0.5,0.6646234676007006,0.13047285464098074,1744.4956302336086,15.000005648960723,1416.237827534574,15945.364325845405,103.32863977476012,359,0.8551532033426184,0.9052924791086351
policyengine,WI,2021,393,NA,NA,NA,NA,NA,NA,NA,NA,NA,NA,NA
policyengine,WI,2022,1151,0.580364900086881,0.6889661164205039,0.11294526498696786,945.2799710398286,1.5495784137274313,1141.702257242865,19005.355144168865,-686.8071272088212,434,0.9032258064516129,0.9285714285714286
policyengine,WI,2022,376,NA,NA,NA,NA,NA,NA,NA,NA,NA,NA,NA
policyengine,WI,2023,1114,0.6220825852782765,0.7136445242369839,0.12208258527827648,1368.2518994897118,0.7683950828923116,955.6054919279336,11264.306923545448,356.7231935648216,444,0.9031531531531531,0.9346846846846847
policyengine,WI,2023,416,NA,NA,NA,NA,NA,NA,NA,NA,NA,NA,NA
policyengine,WI,2024,1137,0.5708003518029904,0.6649076517150396,0.13016710642040458,2026.425274451655,2.770353770359634,1779.6628970834713,18809.771217358073,478.8396042972517,446,0.899103139013453,0.9237668161434978
policyengine,WI,2024,390,NA,NA,NA,NA,NA,NA,NA,NA,NA,NA,NA
policyengine,WI,2025,1139,0.5232660228270413,0.6338893766461808,0.1202809482001756,1136.9585048294095,8.753932605600141,1405.8479717448727,14800.561594958552,-388.74532380676015,118,0.8813559322033898,0.9067796610169492
policyengine,WI,2025,387,NA,NA,NA,NA,NA,NA,NA,NA,NA,NA,NA
taxsim,WV,2017,15548,0.7948932338564445,0.9163879598662207,0.12516079238487265,74.25799376321733,0.15422027472095579,62.04840004839362,1172.1204513453013,27.347242775619677,5643,0.9278752436647173,0.9704058125110757
taxsim,WV,2017,4953,NA,NA,NA,NA,NA,NA,NA,NA,NA,NA,NA
taxsim,WV,2018,15520,0.7916237113402061,0.9080541237113402,0.12390463917525774,88.97233328088677,0.17812927318891525,77.21942072284942,1353.0204877652639,40.37976521680939,7186,0.9298636237127749,0.9743946562760925
taxsim,WV,2018,4982,NA,NA,NA,NA,NA,NA,NA,NA,NA,NA,NA
taxsim,WV,2019,15397,0.7857374813275313,0.910566993570176,0.12275118529583685,83.26227647185186,0.1916204481240129,77.0246785540599,1407.155334462483,40.143877444358175,7152,0.9264541387024608,0.9746923937360179
taxsim,WV,2019,5105,NA,NA,NA,NA,NA,NA,NA,NA,NA,NA,NA
taxsim,WV,2020,15350,0.7416938110749186,0.8643648208469056,0.12208469055374593,118.59272381487435,0.2580085789450095,214.10703101535339,1455.7445650399509,61.95973604977491,6865,0.8897305171158048,0.9456664238892936
taxsim,WV,2020,5146,NA,NA,NA,NA,NA,NA,NA,NA,NA,NA,NA
policyengine,WV,2021,1146,0.650087260034904,0.7783595113438045,0.16143106457242584,1402.7292826265198,0.13422500418528216,1000,12830.136765778407,159.79876254383788,358,0.9189944134078212,0.9413407821229051
policyengine,WV,2021,389,NA,NA,NA,NA,NA,NA,NA,NA,NA,NA,NA
policyengine,WV,2022,1152,0.7092013888888888,0.7786458333333334,0.15885416666666666,728.0996649168775,0.005001372745994104,923.1743912207158,12071.434105779608,-419.7577296488414,434,0.9400921658986175,0.9516129032258065
policyengine,WV,2022,375,NA,NA,NA,NA,NA,NA,NA,NA,NA,NA,NA
policyengine,WV,2023,1117,0.7394807520143241,0.8066248880931065,0.1683079677708147,850.157033527245,0.004508298051632664,758.6294806090982,6366.483366206148,312.06665438583553,446,0.9192825112107623,0.9372197309417041
policyengine,WV,2023,413,NA,NA,NA,NA,NA,NA,NA,NA,NA,NA,NA
policyengine,WV,2024,1141,0.6985100788781771,0.7738825591586328,0.16301489921121823,1346.7353790013028,0.020070216804924712,1000,13920.044662222565,376.3209879435098,448,0.8883928571428571,0.9196428571428571
policyengine,WV,2024,386,NA,NA,NA,NA,NA,NA,NA,NA,NA,NA,NA
policyengine,WV,2025,1144,0.6634615384615384,0.7727272727272727,0.16258741258741258,641.7636487193829,0.21330689402066128,694.3228389075459,10167.718013842417,-253.32641539211474,118,0.9152542372881356,0.9322033898305084
policyengine,WV,2025,382,NA,NA,NA,NA,NA,NA,NA,NA,NA,NA,NA
taxsim,WY,2017,16566,1,1,1,0,0,0,0,0,6728,1,1
taxsim,WY,2017,3935,NA,NA,NA,NA,NA,NA,NA,NA,NA,NA,NA
taxsim,WY,2018,16511,1,1,1,0,0,0,0,0,8810,1,1
taxsim,WY,2018,3991,NA,NA,NA,NA,NA,NA,NA,NA,NA,NA,NA
taxsim,WY,2019,16389,1,1,1,0,0,0,0,0,8777,1,1
taxsim,WY,2019,4113,NA,NA,NA,NA,NA,NA,NA,NA,NA,NA,NA
taxsim,WY,2020,16345,1,1,1,0,0,0,0,0,8409,1,1
taxsim,WY,2020,4151,NA,NA,NA,NA,NA,NA,NA,NA,NA,NA,NA
policyengine,WY,2021,1146,1,1,1,0,0,0,0,0,360,1,1
policyengine,WY,2021,389,NA,NA,NA,NA,NA,NA,NA,NA,NA,NA,NA
policyengine,WY,2022,1152,1,1,1,0,0,0,0,0,434,1,1
policyengine,WY,2022,375,NA,NA,NA,NA,NA,NA,NA,NA,NA,NA,NA
policyengine,WY,2023,1117,1,1,1,0,0,0,0,0,444,1,1
policyengine,WY,2023,413,NA,NA,NA,NA,NA,NA,NA,NA,NA,NA,NA
policyengine,WY,2024,1141,1,1,1,0,0,0,0,0,448,1,1
policyengine,WY,2024,386,NA,NA,NA,NA,NA,NA,NA,NA,NA,NA,NA
policyengine,WY,2025,1144,1,1,1,0,0,0,0,0,110,1,1
policyengine,WY,2025,382,NA,NA,NA,NA,NA,NA,NA,NA,NA,NA,NA
